{
  "id": "105285346",
  "premium": false,
  "name": "C# разработчик (WPF)",
  "department": null,
  "has_test": true,
  "response_letter_required": false,
  "area": {
    "id": "90",
    "name": "Томск",
    "url": "https://api.hh.ru/areas/90"
  },
  "salary": null,
  "salary_range": null,
  "type": {
    "id": "open",
    "name": "Открытая"
  },
  "address": {
    "city": "Томск",
    "street": "микрорайон Черемошники, Дербышевский переулок",
    "building": "26Б",
    "lat": 56.50436140118458,
    "lng": 84.94600094840952,
    "description": null,
    "raw": "Томск, микрорайон Черемошники, Дербышевский переулок, 26Б",
    "metro": null,
    "metro_stations": [],
    "id": "4325781"
  },
  "response_url": null,
  "sort_point_distance": null,
  "published_at": "2025-12-22T08:16:20+06:00",
  "created_at": "2025-12-22T08:16:20+06:00",
  "archived": false,
  "apply_alternate_url": "https://hh.ru/applicant/vacancy_response?vacancyId=105285346",
  "show_logo_in_search": null,
  "show_contacts": true,
  "insider_interview": null,
  "url": "https://api.hh.ru/vacancies/105285346?host=hh.ru",
  "alternate_url": "https://hh.ru/vacancy/105285346",
  "relations": [],
  "employer": {
    "id": "1205286",
    "name": "Антереал",
    "url": "https://api.hh.ru/employers/1205286",
    "alternate_url": "https://hh.ru/employer/1205286",
    "logo_urls": {
      "original": "https://img.hhcdn.ru/employer-logo-original/1453634.png",
      "90": "https://img.hhcdn.ru/employer-logo/7434157.png",
      "240": "https://img.hhcdn.ru/employer-logo/7434158.png"
    },
    "vacancies_url": "https://api.hh.ru/vacancies?employer_id=1205286",
    "country_id": 1,
    "accredited_it_employer": true,
    "trusted": true
  },
  "snippet": {
    "requirement": "Высшее завершенное техническое образование. Хорошее знание <highlighttext>C#</highlighttext>, ООП, принципов и паттернов проектирования. Опыт работы с WPF. Опыт покрытия кода юнит...",
    "responsibility": "Настольное приложение для расчета и визуализации данных бурения скважин. <highlighttext>.NET</highlighttext> 4.7.2, <highlighttext>C#</highlighttext>, WPF. База геоданных на основе PostgreSQL..."
  },
  "contacts": null,
  "schedule": {
    "id": "fullDay",
    "name": "Полный день"
  },
  "working_days": [],
  "working_time_intervals": [],
  "working_time_modes": [],
  "accept_temporary": false,
  "fly_in_fly_out_duration": [],
  "work_format": [
    {
      "id": "ON_SITE",
      "name": "На месте работодателя"
    }
  ],
  "working_hours": [
    {
      "id": "HOURS_8",
      "name": "8 часов"
    }
  ],
  "work_schedule_by_days": [
    {
      "id": "FIVE_ON_TWO_OFF",
      "name": "5/2"
    }
  ],
  "night_shifts": false,
  "professional_roles": [
    {
      "id": "96",
      "name": "Программист, разработчик"
    }
  ],
  "accept_incomplete_resumes": false,
  "experience": {
    "id": "between3And6",
    "name": "От 3 до 6 лет"
  },
  "employment": {
    "id": "full",
    "name": "Полная занятость"
  },
  "employment_form": {
    "id": "FULL",
    "name": "Полная"
  },
  "internship": false,
  "adv_response_url": null,
  "is_adv_vacancy": false,
  "adv_context": null
}