{
  "id": "113858039",
  "premium": false,
  "name": "Backend developer C#",
  "department": null,
  "has_test": true,
  "response_letter_required": false,
  "area": {
    "id": "2",
    "name": "Санкт-Петербург",
    "url": "https://api.hh.ru/areas/2"
  },
  "salary": null,
  "salary_range": null,
  "type": {
    "id": "open",
    "name": "Открытая"
  },
  "address": {
    "city": "Санкт-Петербург",
    "street": "проспект Стачек",
    "building": "47",
    "lat": 59.88144287139574,
    "lng": 30.261433286051574,
    "description": null,
    "raw": "Санкт-Петербург, проспект Стачек, 47",
    "metro": null,
    "metro_stations": [],
    "id": "6930062"
  },
  "response_url": null,
  "sort_point_distance": null,
  "published_at": "2025-12-22T21:25:54+06:00",
  "created_at": "2025-12-22T21:25:54+06:00",
  "archived": false,
  "apply_alternate_url": "https://hh.ru/applicant/vacancy_response?vacancyId=113858039",
  "branding": {
    "type": "MAKEUP",
    "tariff": null
  },
  "show_logo_in_search": true,
  "show_contacts": false,
  "insider_interview": null,
  "url": "https://api.hh.ru/vacancies/113858039?host=hh.ru",
  "alternate_url": "https://hh.ru/vacancy/113858039",
  "relations": [],
  "employer": {
    "id": "5756945",
    "name": "Датаджайл",
    "url": "https://api.hh.ru/employers/5756945",
    "alternate_url": "https://hh.ru/employer/5756945",
    "logo_urls": {
      "original": "https://img.hhcdn.ru/employer-logo-original-round/4109122.png",
      "90": "https://img.hhcdn.ru/employer-logo-round/4109123.png",
      "240": "https://img.hhcdn.ru/employer-logo-round/4109124.png"
    },
    "vacancies_url": "https://api.hh.ru/vacancies?employer_id=5756945",
    "country_id": 1,
    "accredited_it_employer": true,
    "trusted": true
  },
  "snippet": {
    "requirement": "Опыт коммерческой разработки на <highlighttext>С#</highlighttext> от 5 лет. Уверенное знание <highlighttext>C#</highlighttext>, <highlighttext>.Net</highlighttext> (async/await, Linq, AutoMapper, FluentValidation, EF). ",
    "responsibility": "На фронте используем React, TS, Redux-ToolKit. Данные храним в PostgreSQL/Jatoba (EF, Dapper). В качестве брокера сообщений используем Kafka. "
  },
  "contacts": null,
  "schedule": {
    "id": "fullDay",
    "name": "Полный день"
  },
  "working_days": [],
  "working_time_intervals": [],
  "working_time_modes": [],
  "accept_temporary": false,
  "fly_in_fly_out_duration": [],
  "work_format": [],
  "working_hours": [
    {
      "id": "HOURS_8",
      "name": "8 часов"
    }
  ],
  "work_schedule_by_days": [
    {
      "id": "FIVE_ON_TWO_OFF",
      "name": "5/2"
    },
    {
      "id": "FLEXIBLE",
      "name": "Свободный"
    }
  ],
  "night_shifts": false,
  "professional_roles": [
    {
      "id": "96",
      "name": "Программист, разработчик"
    }
  ],
  "accept_incomplete_resumes": false,
  "experience": {
    "id": "between3And6",
    "name": "От 3 до 6 лет"
  },
  "employment": {
    "id": "full",
    "name": "Полная занятость"
  },
  "employment_form": {
    "id": "FULL",
    "name": "Полная"
  },
  "internship": false,
  "adv_response_url": null,
  "is_adv_vacancy": false,
  "adv_context": null
}