{
  "id": "113880112",
  "premium": false,
  "name": "C# разработчик (web)",
  "department": null,
  "has_test": false,
  "response_letter_required": false,
  "area": {
    "id": "2",
    "name": "Санкт-Петербург",
    "url": "https://api.hh.ru/areas/2"
  },
  "salary": {
    "from": 200000,
    "to": 250000,
    "currency": "RUR",
    "gross": true
  },
  "salary_range": {
    "from": 200000,
    "to": 250000,
    "currency": "RUR",
    "gross": true,
    "mode": {
      "id": "MONTH",
      "name": "За месяц"
    },
    "frequency": null
  },
  "type": {
    "id": "open",
    "name": "Открытая"
  },
  "address": {
    "city": "Санкт-Петербург",
    "street": "Лифляндская улица",
    "building": "6к6",
    "lat": 59.905795,
    "lng": 30.264368,
    "description": null,
    "raw": "Санкт-Петербург, Лифляндская улица, 6к6",
    "metro": {
      "station_name": "Нарвская",
      "line_name": "Кировско-Выборгская",
      "station_id": "14.204",
      "line_id": "14",
      "lat": 59.901218,
      "lng": 30.274908
    },
    "metro_stations": [
      {
        "station_name": "Нарвская",
        "line_name": "Кировско-Выборгская",
        "station_id": "14.204",
        "line_id": "14",
        "lat": 59.901218,
        "lng": 30.274908
      }
    ],
    "id": "857273"
  },
  "response_url": null,
  "sort_point_distance": null,
  "published_at": "2025-12-18T15:21:33+06:00",
  "created_at": "2025-12-18T15:21:33+06:00",
  "archived": false,
  "apply_alternate_url": "https://hh.ru/applicant/vacancy_response?vacancyId=113880112",
  "branding": {
    "type": "CONSTRUCTOR",
    "tariff": "BASIC"
  },
  "show_logo_in_search": true,
  "show_contacts": false,
  "insider_interview": null,
  "url": "https://api.hh.ru/vacancies/113880112?host=hh.ru",
  "alternate_url": "https://hh.ru/vacancy/113880112",
  "relations": [],
  "employer": {
    "id": "2953546",
    "name": "STOMODOMO GROUP",
    "url": "https://api.hh.ru/employers/2953546",
    "alternate_url": "https://hh.ru/employer/2953546",
    "logo_urls": {
      "original": "https://img.hhcdn.ru/employer-logo-original-round/2973755.jpeg",
      "90": "https://img.hhcdn.ru/employer-logo-round/2973756.jpeg",
      "240": "https://img.hhcdn.ru/employer-logo-round/2973757.jpeg"
    },
    "vacancies_url": "https://api.hh.ru/vacancies?employer_id=2953546",
    "country_id": 1,
    "accredited_it_employer": false,
    "trusted": true
  },
  "snippet": {
    "requirement": "Отличное знание <highlighttext>C#</highlighttext> и <highlighttext>.NET</highlighttext> 4.8+ (особенно Linq). Отличное знание SQL. Опыт разработки коммерческого ПО на <highlighttext>C#</highlighttext> от...",
    "responsibility": "Разработка новых функций в системах автоматизации бизнеса."
  },
  "contacts": null,
  "schedule": {
    "id": "fullDay",
    "name": "Полный день"
  },
  "working_days": [],
  "working_time_intervals": [],
  "working_time_modes": [],
  "accept_temporary": false,
  "fly_in_fly_out_duration": [],
  "work_format": [],
  "working_hours": [
    {
      "id": "HOURS_8",
      "name": "8 часов"
    }
  ],
  "work_schedule_by_days": [
    {
      "id": "FIVE_ON_TWO_OFF",
      "name": "5/2"
    }
  ],
  "night_shifts": false,
  "professional_roles": [
    {
      "id": "96",
      "name": "Программист, разработчик"
    }
  ],
  "accept_incomplete_resumes": false,
  "experience": {
    "id": "between3And6",
    "name": "От 3 до 6 лет"
  },
  "employment": {
    "id": "full",
    "name": "Полная занятость"
  },
  "employment_form": {
    "id": "FULL",
    "name": "Полная"
  },
  "internship": false,
  "adv_response_url": null,
  "is_adv_vacancy": false,
  "adv_context": null
}