{
  "id": "114563258",
  "premium": false,
  "name": "Программист .Net",
  "department": null,
  "has_test": false,
  "response_letter_required": false,
  "area": {
    "id": "2",
    "name": "Санкт-Петербург",
    "url": "https://api.hh.ru/areas/2"
  },
  "salary": null,
  "salary_range": null,
  "type": {
    "id": "open",
    "name": "Открытая"
  },
  "address": null,
  "response_url": null,
  "sort_point_distance": null,
  "published_at": "2025-12-24T12:53:48+06:00",
  "created_at": "2025-12-24T12:53:48+06:00",
  "archived": false,
  "apply_alternate_url": "https://hh.ru/applicant/vacancy_response?vacancyId=114563258",
  "show_logo_in_search": null,
  "show_contacts": false,
  "insider_interview": null,
  "url": "https://api.hh.ru/vacancies/114563258?host=hh.ru",
  "alternate_url": "https://hh.ru/vacancy/114563258",
  "relations": [],
  "employer": {
    "id": "1035394",
    "name": "Красное & Белое, розничная сеть",
    "url": "https://api.hh.ru/employers/1035394",
    "alternate_url": "https://hh.ru/employer/1035394",
    "logo_urls": {
      "original": "https://img.hhcdn.ru/employer-logo-original-round/706153.jpeg",
      "90": "https://img.hhcdn.ru/employer-logo-round/706154.jpeg",
      "240": "https://img.hhcdn.ru/employer-logo-round/706155.jpeg"
    },
    "vacancies_url": "https://api.hh.ru/vacancies?employer_id=1035394",
    "country_id": 1,
    "accredited_it_employer": false,
    "trusted": true
  },
  "snippet": {
    "requirement": "Знание используемых инструментов: MS Visual Studio, Git, Jenkins. <highlighttext>C#</highlighttext>, ASP.NET Core 5/6, Entity Framwork, xUnit, Dapper. Навыки работы с...",
    "responsibility": "Написание и оптимизация SQL запросов. Участие в принятии архитектурных решений. Разработка на <highlighttext>C#</highlighttext>, ASP.NET Core 3/5/6. "
  },
  "contacts": null,
  "schedule": {
    "id": "remote",
    "name": "Удаленная работа"
  },
  "working_days": [],
  "working_time_intervals": [],
  "working_time_modes": [],
  "accept_temporary": false,
  "fly_in_fly_out_duration": [],
  "work_format": [
    {
      "id": "REMOTE",
      "name": "Удалённо"
    }
  ],
  "working_hours": [
    {
      "id": "OTHER",
      "name": "Другое"
    }
  ],
  "work_schedule_by_days": [
    {
      "id": "OTHER",
      "name": "Другое"
    }
  ],
  "night_shifts": false,
  "professional_roles": [
    {
      "id": "96",
      "name": "Программист, разработчик"
    }
  ],
  "accept_incomplete_resumes": false,
  "experience": {
    "id": "between1And3",
    "name": "От 1 года до 3 лет"
  },
  "employment": {
    "id": "full",
    "name": "Полная занятость"
  },
  "employment_form": {
    "id": "FULL",
    "name": "Полная"
  },
  "internship": false,
  "adv_response_url": null,
  "is_adv_vacancy": false,
  "adv_context": null
}