{
  "id": "114811554",
  "premium": false,
  "name": "SQL-программист / Разработчик баз данных",
  "department": null,
  "has_test": false,
  "response_letter_required": false,
  "area": {
    "id": "1",
    "name": "Москва",
    "url": "https://api.hh.ru/areas/1"
  },
  "salary": {
    "from": 150000,
    "to": null,
    "currency": "RUR",
    "gross": false
  },
  "salary_range": {
    "from": 150000,
    "to": null,
    "currency": "RUR",
    "gross": false,
    "mode": {
      "id": "MONTH",
      "name": "За месяц"
    },
    "frequency": null
  },
  "type": {
    "id": "open",
    "name": "Открытая"
  },
  "address": {
    "city": "Москва",
    "street": "3-й проезд Перова Поля",
    "building": "3А",
    "lat": 55.753767,
    "lng": 37.773798,
    "description": null,
    "raw": "Москва, 3-й проезд Перова Поля, 3А",
    "metro": null,
    "metro_stations": [],
    "id": "14680580"
  },
  "response_url": null,
  "sort_point_distance": null,
  "published_at": "2025-12-24T15:26:33+06:00",
  "created_at": "2025-12-24T15:26:33+06:00",
  "archived": false,
  "apply_alternate_url": "https://hh.ru/applicant/vacancy_response?vacancyId=114811554",
  "branding": {
    "type": "CONSTRUCTOR",
    "tariff": "BASIC"
  },
  "show_logo_in_search": true,
  "show_contacts": false,
  "insider_interview": null,
  "url": "https://api.hh.ru/vacancies/114811554?host=hh.ru",
  "alternate_url": "https://hh.ru/vacancy/114811554",
  "relations": [],
  "employer": {
    "id": "3344320",
    "name": "АПТЕКИ ВАША № 1",
    "url": "https://api.hh.ru/employers/3344320",
    "alternate_url": "https://hh.ru/employer/3344320",
    "logo_urls": {
      "original": "https://img.hhcdn.ru/employer-logo-original/1429298.png",
      "90": "https://img.hhcdn.ru/employer-logo/7336841.png",
      "240": "https://img.hhcdn.ru/employer-logo/7336842.png"
    },
    "vacancies_url": "https://api.hh.ru/vacancies?employer_id=3344320",
    "country_id": 1,
    "accredited_it_employer": false,
    "trusted": true
  },
  "snippet": {
    "requirement": "Будет плюсом. Опыт работы сразу с несколькими СУБД. Знание Python, <highlighttext>C#</highlighttext>, VBA или Delphi. Опыт работы с SSAS / кубами. ",
    "responsibility": "Основная задача: разработка и поддержка SQL-логики, хранимых процедур, функций, отчётов и обменов данными между системами (ERP, сторонние сервисы). "
  },
  "contacts": null,
  "schedule": {
    "id": "fullDay",
    "name": "Полный день"
  },
  "working_days": [],
  "working_time_intervals": [],
  "working_time_modes": [],
  "accept_temporary": false,
  "fly_in_fly_out_duration": [],
  "work_format": [],
  "working_hours": [
    {
      "id": "HOURS_8",
      "name": "8 часов"
    }
  ],
  "work_schedule_by_days": [
    {
      "id": "FIVE_ON_TWO_OFF",
      "name": "5/2"
    }
  ],
  "night_shifts": false,
  "professional_roles": [
    {
      "id": "96",
      "name": "Программист, разработчик"
    }
  ],
  "accept_incomplete_resumes": false,
  "experience": {
    "id": "between3And6",
    "name": "От 3 до 6 лет"
  },
  "employment": {
    "id": "full",
    "name": "Полная занятость"
  },
  "employment_form": {
    "id": "FULL",
    "name": "Полная"
  },
  "internship": false,
  "adv_response_url": null,
  "is_adv_vacancy": false,
  "adv_context": null
}