{
  "id": "117716026",
  "premium": false,
  "name": "QA Engineer",
  "department": null,
  "has_test": false,
  "response_letter_required": false,
  "area": {
    "id": "4",
    "name": "Новосибирск",
    "url": "https://api.hh.ru/areas/4"
  },
  "salary": {
    "from": 100000,
    "to": 220000,
    "currency": "RUR",
    "gross": false
  },
  "salary_range": {
    "from": 100000,
    "to": 220000,
    "currency": "RUR",
    "gross": false,
    "mode": {
      "id": "MONTH",
      "name": "За месяц"
    },
    "frequency": null
  },
  "type": {
    "id": "open",
    "name": "Открытая"
  },
  "address": null,
  "response_url": null,
  "sort_point_distance": null,
  "published_at": "2025-12-23T11:47:58+06:00",
  "created_at": "2025-12-23T11:47:58+06:00",
  "archived": false,
  "apply_alternate_url": "https://hh.ru/applicant/vacancy_response?vacancyId=117716026",
  "show_contacts": false,
  "insider_interview": null,
  "url": "https://api.hh.ru/vacancies/117716026?host=hh.ru",
  "alternate_url": "https://hh.ru/vacancy/117716026",
  "relations": [],
  "employer": {
    "id": "1881533",
    "name": "DataWorks",
    "url": "https://api.hh.ru/employers/1881533",
    "alternate_url": "https://hh.ru/employer/1881533",
    "logo_urls": null,
    "vacancies_url": "https://api.hh.ru/vacancies?employer_id=1881533",
    "country_id": 1,
    "accredited_it_employer": false,
    "trusted": true
  },
  "snippet": {
    "requirement": "Знакомство с Visual Studio или любой другой IDE, базовый уровень знания языков <highlighttext>C#</highlighttext>/JavaScript/SQL. Ориентироваться в технологиях <highlighttext>.NET</highlighttext>.",
    "responsibility": "Составлять тестовую документацию (тест–планы, чек–листы, тест–инструкции). Тестировать наши десктопные приложения под Windows и веб-приложения. "
  },
  "contacts": null,
  "schedule": {
    "id": "remote",
    "name": "Удаленная работа"
  },
  "working_days": [],
  "working_time_intervals": [],
  "working_time_modes": [],
  "accept_temporary": false,
  "fly_in_fly_out_duration": [],
  "work_format": [
    {
      "id": "REMOTE",
      "name": "Удалённо"
    }
  ],
  "working_hours": [
    {
      "id": "HOURS_8",
      "name": "8 часов"
    }
  ],
  "work_schedule_by_days": [
    {
      "id": "FIVE_ON_TWO_OFF",
      "name": "5/2"
    }
  ],
  "night_shifts": false,
  "professional_roles": [
    {
      "id": "124",
      "name": "Тестировщик"
    }
  ],
  "accept_incomplete_resumes": false,
  "experience": {
    "id": "between3And6",
    "name": "От 3 до 6 лет"
  },
  "employment": {
    "id": "full",
    "name": "Полная занятость"
  },
  "employment_form": {
    "id": "FULL",
    "name": "Полная"
  },
  "internship": false,
  "adv_response_url": null,
  "is_adv_vacancy": false,
  "adv_context": null
}