{
  "id": "118280524",
  "premium": false,
  "name": "Инженер-программист",
  "department": null,
  "has_test": false,
  "response_letter_required": false,
  "area": {
    "id": "24",
    "name": "Волгоград",
    "url": "https://api.hh.ru/areas/24"
  },
  "salary": null,
  "salary_range": null,
  "type": {
    "id": "open",
    "name": "Открытая"
  },
  "address": {
    "city": "Волгоград",
    "street": "Электролесовская улица",
    "building": "45",
    "lat": 48.653922,
    "lng": 44.44635,
    "description": null,
    "raw": "Волгоград, Электролесовская улица, 45",
    "metro": null,
    "metro_stations": [],
    "id": "1353664"
  },
  "response_url": null,
  "sort_point_distance": null,
  "published_at": "2025-12-16T18:50:34+06:00",
  "created_at": "2025-12-16T18:50:34+06:00",
  "archived": false,
  "apply_alternate_url": "https://hh.ru/applicant/vacancy_response?vacancyId=118280524",
  "show_logo_in_search": null,
  "show_contacts": true,
  "insider_interview": null,
  "url": "https://api.hh.ru/vacancies/118280524?host=hh.ru",
  "alternate_url": "https://hh.ru/vacancy/118280524",
  "relations": [],
  "employer": {
    "id": "3366202",
    "name": "Волгограднефтемаш",
    "url": "https://api.hh.ru/employers/3366202",
    "alternate_url": "https://hh.ru/employer/3366202",
    "logo_urls": {
      "original": "https://img.hhcdn.ru/employer-logo-original-round/6606552.jpeg",
      "90": "https://img.hhcdn.ru/employer-logo-round/6606553.jpeg",
      "240": "https://img.hhcdn.ru/employer-logo-round/6606554.jpeg"
    },
    "vacancies_url": "https://api.hh.ru/vacancies?employer_id=3366202",
    "country_id": 1,
    "accredited_it_employer": false,
    "trusted": true
  },
  "snippet": {
    "requirement": "Имеете высшее образование (предпочтительно - ИТ, математика). Обладаете знаниями <highlighttext>C#</highlighttext>, ООП. Имеете опыт работы с WinForms, WPF. Имеете понимание жизненного цикла...",
    "responsibility": "Разработка и сопровождение корпоративных desktop и web приложений на FW от 4.5 и выше (Visual Studio). Работа с базами..."
  },
  "contacts": null,
  "schedule": {
    "id": "fullDay",
    "name": "Полный день"
  },
  "working_days": [],
  "working_time_intervals": [],
  "working_time_modes": [],
  "accept_temporary": false,
  "fly_in_fly_out_duration": [],
  "work_format": [
    {
      "id": "ON_SITE",
      "name": "На месте работодателя"
    }
  ],
  "working_hours": [
    {
      "id": "HOURS_8",
      "name": "8 часов"
    }
  ],
  "work_schedule_by_days": [
    {
      "id": "FIVE_ON_TWO_OFF",
      "name": "5/2"
    }
  ],
  "night_shifts": false,
  "professional_roles": [
    {
      "id": "96",
      "name": "Программист, разработчик"
    }
  ],
  "accept_incomplete_resumes": false,
  "experience": {
    "id": "between1And3",
    "name": "От 1 года до 3 лет"
  },
  "employment": {
    "id": "full",
    "name": "Полная занятость"
  },
  "employment_form": {
    "id": "FULL",
    "name": "Полная"
  },
  "internship": false,
  "adv_response_url": null,
  "is_adv_vacancy": false,
  "adv_context": null
}