{
  "id": "118466379",
  "premium": false,
  "name": "Администратор баз данных",
  "department": null,
  "has_test": false,
  "response_letter_required": false,
  "area": {
    "id": "1",
    "name": "Москва",
    "url": "https://api.hh.ru/areas/1"
  },
  "salary": null,
  "salary_range": null,
  "type": {
    "id": "open",
    "name": "Открытая"
  },
  "address": {
    "city": null,
    "street": null,
    "building": null,
    "lat": null,
    "lng": null,
    "description": null,
    "raw": null,
    "metro": {
      "station_name": "Деловой центр",
      "line_name": "Солнцевская",
      "station_id": "133.468",
      "line_id": "133",
      "lat": 55.7491,
      "lng": 37.5395
    },
    "metro_stations": [
      {
        "station_name": "Деловой центр",
        "line_name": "Солнцевская",
        "station_id": "133.468",
        "line_id": "133",
        "lat": 55.7491,
        "lng": 37.5395
      },
      {
        "station_name": "Москва-Сити",
        "line_name": "Филевская",
        "station_id": "4.179",
        "line_id": "4",
        "lat": 55.748056,
        "lng": 37.532778
      }
    ],
    "id": "14851869"
  },
  "response_url": null,
  "sort_point_distance": null,
  "published_at": "2025-12-12T20:37:45+06:00",
  "created_at": "2025-12-12T20:37:45+06:00",
  "archived": false,
  "apply_alternate_url": "https://hh.ru/applicant/vacancy_response?vacancyId=118466379",
  "branding": {
    "type": "MAKEUP",
    "tariff": null
  },
  "show_logo_in_search": true,
  "show_contacts": true,
  "insider_interview": null,
  "url": "https://api.hh.ru/vacancies/118466379?host=hh.ru",
  "alternate_url": "https://hh.ru/vacancy/118466379",
  "relations": [],
  "employer": {
    "id": "895945",
    "name": "Правительство Москвы",
    "url": "https://api.hh.ru/employers/895945",
    "alternate_url": "https://hh.ru/employer/895945",
    "logo_urls": {
      "original": "https://img.hhcdn.ru/employer-logo-original-round/596590.png",
      "90": "https://img.hhcdn.ru/employer-logo-round/596591.png",
      "240": "https://img.hhcdn.ru/employer-logo-round/596592.png"
    },
    "vacancies_url": "https://api.hh.ru/vacancies?employer_id=895945",
    "country_id": 1,
    "accredited_it_employer": false,
    "trusted": true
  },
  "snippet": {
    "requirement": "Базовые знания Linux систем. Опыт работы с Git. Опыт работы с Docker (сборка контейнеров, docker-compose). Базовые навыки написания скриптов...",
    "responsibility": "Участие в развитии проекта DataLake и DWH. Разработка: python, <highlighttext>c#</highlighttext>. Среда: Linux, SUSE SLES, Docker Swarm, Kubernetes. Мониторинг: Prometheus, Grafana. "
  },
  "contacts": null,
  "schedule": {
    "id": "fullDay",
    "name": "Полный день"
  },
  "working_days": [],
  "working_time_intervals": [],
  "working_time_modes": [],
  "accept_temporary": false,
  "fly_in_fly_out_duration": [],
  "work_format": [],
  "working_hours": [
    {
      "id": "HOURS_8",
      "name": "8 часов"
    }
  ],
  "work_schedule_by_days": [
    {
      "id": "FIVE_ON_TWO_OFF",
      "name": "5/2"
    }
  ],
  "night_shifts": false,
  "professional_roles": [
    {
      "id": "113",
      "name": "Системный администратор"
    }
  ],
  "accept_incomplete_resumes": false,
  "experience": {
    "id": "between1And3",
    "name": "От 1 года до 3 лет"
  },
  "employment": {
    "id": "full",
    "name": "Полная занятость"
  },
  "employment_form": {
    "id": "FULL",
    "name": "Полная"
  },
  "internship": false,
  "adv_response_url": null,
  "is_adv_vacancy": false,
  "adv_context": null
}