{
  "id": "118870006",
  "premium": false,
  "name": "Инженер по автоматизации (AQA)",
  "department": null,
  "has_test": false,
  "response_letter_required": false,
  "area": {
    "id": "1",
    "name": "Москва",
    "url": "https://api.hh.ru/areas/1"
  },
  "salary": null,
  "salary_range": null,
  "type": {
    "id": "open",
    "name": "Открытая"
  },
  "address": {
    "city": "Москва",
    "street": "Тимирязевская улица",
    "building": "1",
    "lat": 55.807749,
    "lng": 37.570132,
    "description": null,
    "raw": "Москва, Тимирязевская улица, 1",
    "metro": {
      "station_name": "Дмитровская",
      "line_name": "Серпуховско-Тимирязевская",
      "station_id": "9.35",
      "line_id": "9",
      "lat": 55.808056,
      "lng": 37.581734
    },
    "metro_stations": [
      {
        "station_name": "Дмитровская",
        "line_name": "Серпуховско-Тимирязевская",
        "station_id": "9.35",
        "line_id": "9",
        "lat": 55.808056,
        "lng": 37.581734
      }
    ],
    "id": "712262"
  },
  "response_url": null,
  "sort_point_distance": null,
  "published_at": "2025-12-11T14:26:39+06:00",
  "created_at": "2025-12-11T14:26:39+06:00",
  "archived": false,
  "apply_alternate_url": "https://hh.ru/applicant/vacancy_response?vacancyId=118870006",
  "show_logo_in_search": null,
  "show_contacts": false,
  "insider_interview": null,
  "url": "https://api.hh.ru/vacancies/118870006?host=hh.ru",
  "alternate_url": "https://hh.ru/vacancy/118870006",
  "relations": [],
  "employer": {
    "id": "3435",
    "name": "Топ Системы",
    "url": "https://api.hh.ru/employers/3435",
    "alternate_url": "https://hh.ru/employer/3435",
    "logo_urls": {
      "original": "https://img.hhcdn.ru/employer-logo-original/1391730.png",
      "90": "https://img.hhcdn.ru/employer-logo/7186703.png",
      "240": "https://img.hhcdn.ru/employer-logo/7186704.png"
    },
    "vacancies_url": "https://api.hh.ru/vacancies?employer_id=3435",
    "country_id": 1,
    "accredited_it_employer": true,
    "trusted": true
  },
  "snippet": {
    "requirement": "Понимание специфики работы баз данных (PostgreSQL). Опыт автоматизации тестирования (Desktop, Web). Базовые навыки программирования на одном из языков программирования (<highlighttext>C#</highlighttext>...",
    "responsibility": "Подготовка тестовых сценариев и тест-кейсов. Локализация дефектов в продукте. Разработка и сопровождение автотестов."
  },
  "contacts": null,
  "schedule": {
    "id": "fullDay",
    "name": "Полный день"
  },
  "working_days": [],
  "working_time_intervals": [],
  "working_time_modes": [],
  "accept_temporary": false,
  "fly_in_fly_out_duration": [],
  "work_format": [
    {
      "id": "ON_SITE",
      "name": "На месте работодателя"
    },
    {
      "id": "HYBRID",
      "name": "Гибрид"
    }
  ],
  "working_hours": [
    {
      "id": "HOURS_8",
      "name": "8 часов"
    }
  ],
  "work_schedule_by_days": [
    {
      "id": "FIVE_ON_TWO_OFF",
      "name": "5/2"
    }
  ],
  "night_shifts": false,
  "professional_roles": [
    {
      "id": "40",
      "name": "Другое"
    }
  ],
  "accept_incomplete_resumes": false,
  "experience": {
    "id": "between3And6",
    "name": "От 3 до 6 лет"
  },
  "employment": {
    "id": "full",
    "name": "Полная занятость"
  },
  "employment_form": {
    "id": "FULL",
    "name": "Полная"
  },
  "internship": false,
  "adv_response_url": null,
  "is_adv_vacancy": false,
  "adv_context": null
}