{
  "id": "119329975",
  "premium": false,
  "name": "Преподаватель курса \"Информатика\" (язык С#) в ВКИ НГУ",
  "department": null,
  "has_test": false,
  "response_letter_required": false,
  "area": {
    "id": "4",
    "name": "Новосибирск",
    "url": "https://api.hh.ru/areas/4"
  },
  "salary": null,
  "salary_range": null,
  "type": {
    "id": "open",
    "name": "Открытая"
  },
  "address": {
    "city": "Новосибирск",
    "street": "Советский район, микрорайон Шлюз, Русская улица",
    "building": "35",
    "lat": 54.846452,
    "lng": 83.051754,
    "description": null,
    "raw": "Новосибирск, Советский район, микрорайон Шлюз, Русская улица, 35",
    "metro": null,
    "metro_stations": [],
    "id": "13106694"
  },
  "response_url": null,
  "sort_point_distance": null,
  "published_at": "2025-12-11T08:30:02+06:00",
  "created_at": "2025-12-11T08:30:02+06:00",
  "archived": false,
  "apply_alternate_url": "https://hh.ru/applicant/vacancy_response?vacancyId=119329975",
  "show_logo_in_search": null,
  "show_contacts": true,
  "insider_interview": null,
  "url": "https://api.hh.ru/vacancies/119329975?host=hh.ru",
  "alternate_url": "https://hh.ru/vacancy/119329975",
  "relations": [],
  "employer": {
    "id": "1144831",
    "name": "Новосибирский государственный университет",
    "url": "https://api.hh.ru/employers/1144831",
    "alternate_url": "https://hh.ru/employer/1144831",
    "logo_urls": {
      "original": "https://img.hhcdn.ru/employer-logo-original-round/2019449.png",
      "90": "https://img.hhcdn.ru/employer-logo-round/2019450.png",
      "240": "https://img.hhcdn.ru/employer-logo-round/2019451.png"
    },
    "vacancies_url": "https://api.hh.ru/vacancies?employer_id=1144831",
    "country_id": 1,
    "accredited_it_employer": false,
    "trusted": true
  },
  "snippet": {
    "requirement": "Высшее образование. Знание языка программирования <highlighttext>C#</highlighttext>, Python. Знание методов и средств разработки алгоритма в соответствии со спецификой рассматриваемой задачи. ",
    "responsibility": "Проведение лабораторных занятий в соответствии с разработанным детализированным учебным планом (план занятий и задания предоставляются преподавателю перед началом преподавательской деятельности..."
  },
  "contacts": null,
  "schedule": {
    "id": "fullDay",
    "name": "Полный день"
  },
  "working_days": [],
  "working_time_intervals": [
    {
      "id": "from_four_to_six_hours_in_a_day",
      "name": "Можно сменами по 4-6 часов в день"
    }
  ],
  "working_time_modes": [],
  "accept_temporary": false,
  "fly_in_fly_out_duration": [],
  "work_format": [
    {
      "id": "ON_SITE",
      "name": "На месте работодателя"
    }
  ],
  "working_hours": [
    {
      "id": "HOURS_4",
      "name": "4 часа"
    },
    {
      "id": "HOURS_8",
      "name": "8 часов"
    },
    {
      "id": "FLEXIBLE",
      "name": "По договорённости"
    }
  ],
  "work_schedule_by_days": [
    {
      "id": "FIVE_ON_TWO_OFF",
      "name": "5/2"
    },
    {
      "id": "WEEKEND",
      "name": "По выходным"
    },
    {
      "id": "FLEXIBLE",
      "name": "Свободный"
    }
  ],
  "night_shifts": false,
  "professional_roles": [
    {
      "id": "132",
      "name": "Учитель, преподаватель, педагог"
    }
  ],
  "accept_incomplete_resumes": false,
  "experience": {
    "id": "between1And3",
    "name": "От 1 года до 3 лет"
  },
  "employment": {
    "id": "part",
    "name": "Частичная занятость"
  },
  "employment_form": {
    "id": "PART",
    "name": "Частичная"
  },
  "internship": false,
  "adv_response_url": null,
  "is_adv_vacancy": false,
  "adv_context": null
}