{
  "id": "119418597",
  "premium": false,
  "name": "Junior C# Unity developer",
  "department": null,
  "has_test": false,
  "response_letter_required": false,
  "area": {
    "id": "208",
    "name": "ОАЭ",
    "url": "https://api.hh.ru/areas/208"
  },
  "salary": null,
  "salary_range": null,
  "type": {
    "id": "open",
    "name": "Открытая"
  },
  "address": {
    "city": "Дубай",
    "street": null,
    "building": null,
    "lat": 25.229762,
    "lng": 55.289311,
    "description": null,
    "raw": "Дубай",
    "metro": null,
    "metro_stations": [],
    "id": "18014376"
  },
  "response_url": null,
  "sort_point_distance": null,
  "published_at": "2025-12-22T14:11:57+06:00",
  "created_at": "2025-12-22T14:11:57+06:00",
  "archived": false,
  "apply_alternate_url": "https://hh.ru/applicant/vacancy_response?vacancyId=119418597",
  "show_contacts": false,
  "insider_interview": null,
  "url": "https://api.hh.ru/vacancies/119418597?host=hh.ru",
  "alternate_url": "https://hh.ru/vacancy/119418597",
  "relations": [],
  "employer": {
    "id": "11921903",
    "name": "Apyrot",
    "url": "https://api.hh.ru/employers/11921903",
    "alternate_url": "https://hh.ru/employer/11921903",
    "logo_urls": null,
    "vacancies_url": "https://api.hh.ru/vacancies?employer_id=11921903",
    "country_id": 1,
    "accredited_it_employer": false,
    "trusted": true
  },
  "snippet": {
    "requirement": "Уверенная работа с <highlighttext>C#</highlighttext>: понимание ООП (объектно-ориентированного программирования), умение писать чистый, читаемый и оптимальный код. Опыт отладки (debugging): умение...",
    "responsibility": null
  },
  "contacts": null,
  "schedule": {
    "id": "remote",
    "name": "Удаленная работа"
  },
  "working_days": [],
  "working_time_intervals": [
    {
      "id": "from_four_to_six_hours_in_a_day",
      "name": "Можно сменами по 4-6 часов в день"
    }
  ],
  "working_time_modes": [],
  "accept_temporary": false,
  "fly_in_fly_out_duration": [],
  "work_format": [
    {
      "id": "REMOTE",
      "name": "Удалённо"
    }
  ],
  "working_hours": [
    {
      "id": "HOURS_2",
      "name": "2 часа"
    },
    {
      "id": "HOURS_3",
      "name": "3 часа"
    },
    {
      "id": "HOURS_4",
      "name": "4 часа"
    },
    {
      "id": "HOURS_5",
      "name": "5 часов"
    },
    {
      "id": "HOURS_6",
      "name": "6 часов"
    },
    {
      "id": "HOURS_7",
      "name": "7 часов"
    },
    {
      "id": "HOURS_8",
      "name": "8 часов"
    },
    {
      "id": "FLEXIBLE",
      "name": "По договорённости"
    }
  ],
  "work_schedule_by_days": [
    {
      "id": "FIVE_ON_TWO_OFF",
      "name": "5/2"
    },
    {
      "id": "FLEXIBLE",
      "name": "Свободный"
    },
    {
      "id": "OTHER",
      "name": "Другое"
    }
  ],
  "night_shifts": false,
  "professional_roles": [
    {
      "id": "96",
      "name": "Программист, разработчик"
    }
  ],
  "accept_incomplete_resumes": false,
  "experience": {
    "id": "noExperience",
    "name": "Нет опыта"
  },
  "employment": {
    "id": "full",
    "name": "Полная занятость"
  },
  "employment_form": {
    "id": "FULL",
    "name": "Полная"
  },
  "internship": false,
  "adv_response_url": null,
  "is_adv_vacancy": false,
  "adv_context": null
}