{
  "id": "120237352",
  "premium": false,
  "name": ".NET FullStack Developer",
  "department": null,
  "has_test": false,
  "response_letter_required": false,
  "area": {
    "id": "1007",
    "name": "Брест",
    "url": "https://api.hh.ru/areas/1007"
  },
  "salary": null,
  "salary_range": null,
  "type": {
    "id": "open",
    "name": "Открытая"
  },
  "address": null,
  "response_url": null,
  "sort_point_distance": null,
  "published_at": "2025-11-28T13:45:21+06:00",
  "created_at": "2025-11-28T13:45:21+06:00",
  "archived": false,
  "apply_alternate_url": "https://hh.ru/applicant/vacancy_response?vacancyId=120237352",
  "show_logo_in_search": null,
  "show_contacts": false,
  "insider_interview": null,
  "url": "https://api.hh.ru/vacancies/120237352?host=hh.ru",
  "alternate_url": "https://hh.ru/vacancy/120237352",
  "relations": [],
  "employer": {
    "id": "1858119",
    "name": "Innowise Group / Фабрика инноваций и решений",
    "url": "https://api.hh.ru/employers/1858119",
    "alternate_url": "https://hh.ru/employer/1858119",
    "logo_urls": {
      "original": "https://img.hhcdn.ru/employer-logo-original-round/3339491.png",
      "90": "https://img.hhcdn.ru/employer-logo-round/3339492.png",
      "240": "https://img.hhcdn.ru/employer-logo-round/3339493.png"
    },
    "vacancies_url": "https://api.hh.ru/vacancies?employer_id=1858119",
    "country_id": 4,
    "accredited_it_employer": false,
    "trusted": true
  },
  "snippet": {
    "requirement": "Опыт в написание <highlighttext>.NET</highlighttext> приложений от 1 года. Опыт в написании микросервисных приложений. Опыт работы с Cloud platforms(Azure/AWS...",
    "responsibility": "Подготовку к собеседованиям с зарубежными заказчиками на английском языке. Рабочая среда: Подробный онбординг: знакомство с командой, процессами и правилами, экскурсия..."
  },
  "contacts": null,
  "schedule": {
    "id": "fullDay",
    "name": "Полный день"
  },
  "working_days": [],
  "working_time_intervals": [],
  "working_time_modes": [],
  "accept_temporary": false,
  "fly_in_fly_out_duration": [],
  "work_format": [],
  "working_hours": [
    {
      "id": "HOURS_8",
      "name": "8 часов"
    }
  ],
  "work_schedule_by_days": [
    {
      "id": "FIVE_ON_TWO_OFF",
      "name": "5/2"
    }
  ],
  "night_shifts": false,
  "professional_roles": [
    {
      "id": "96",
      "name": "Программист, разработчик"
    }
  ],
  "accept_incomplete_resumes": false,
  "experience": {
    "id": "between1And3",
    "name": "От 1 года до 3 лет"
  },
  "employment": {
    "id": "full",
    "name": "Полная занятость"
  },
  "employment_form": {
    "id": "FULL",
    "name": "Полная"
  },
  "internship": false,
  "adv_response_url": null,
  "is_adv_vacancy": false,
  "adv_context": null
}