{
  "id": "120878886",
  "premium": false,
  "name": "Администратор баз данных (DBA) MSSQL",
  "department": null,
  "has_test": false,
  "response_letter_required": false,
  "area": {
    "id": "99",
    "name": "Уфа",
    "url": "https://api.hh.ru/areas/99"
  },
  "salary": null,
  "salary_range": null,
  "type": {
    "id": "open",
    "name": "Открытая"
  },
  "address": {
    "city": "Уфа",
    "street": "улица Кирова",
    "building": "109",
    "lat": 54.726008,
    "lng": 55.986045,
    "description": null,
    "raw": "Уфа, улица Кирова, 109",
    "metro": null,
    "metro_stations": [],
    "id": "12482581"
  },
  "response_url": null,
  "sort_point_distance": null,
  "published_at": "2025-12-19T14:17:30+06:00",
  "created_at": "2025-12-19T14:17:30+06:00",
  "archived": false,
  "apply_alternate_url": "https://hh.ru/applicant/vacancy_response?vacancyId=120878886",
  "show_logo_in_search": null,
  "show_contacts": true,
  "insider_interview": null,
  "url": "https://api.hh.ru/vacancies/120878886?host=hh.ru",
  "alternate_url": "https://hh.ru/vacancy/120878886",
  "relations": [],
  "employer": {
    "id": "1864933",
    "name": "Филиал ФКУ Налог-Сервис ФНС России по ЦОД в г.Москве",
    "url": "https://api.hh.ru/employers/1864933",
    "alternate_url": "https://hh.ru/employer/1864933",
    "logo_urls": {
      "original": "https://img.hhcdn.ru/employer-logo-original-round/3073035.png",
      "90": "https://img.hhcdn.ru/employer-logo-round/3073036.png",
      "240": "https://img.hhcdn.ru/employer-logo-round/3073037.png"
    },
    "vacancies_url": "https://api.hh.ru/vacancies?employer_id=1864933",
    "country_id": 1,
    "accredited_it_employer": false,
    "trusted": true
  },
  "snippet": {
    "requirement": "Опыт установки, настройки серверов БД PostgreSQL 12. Опыт в организации резервного копирования и восстановления PostgeSQL. Плюсом будет знание особенностей администрирования...",
    "responsibility": "Администрирование стека PostgreSQL (кластерных решений). Решение инцидентов связанных с СУБД. Мониторинг производительности и доступности серверов СУБД. Анализ и оптимизация производительности..."
  },
  "contacts": null,
  "schedule": {
    "id": "fullDay",
    "name": "Полный день"
  },
  "working_days": [],
  "working_time_intervals": [],
  "working_time_modes": [],
  "accept_temporary": false,
  "fly_in_fly_out_duration": [],
  "work_format": [],
  "working_hours": [
    {
      "id": "HOURS_8",
      "name": "8 часов"
    }
  ],
  "work_schedule_by_days": [
    {
      "id": "FIVE_ON_TWO_OFF",
      "name": "5/2"
    }
  ],
  "night_shifts": false,
  "professional_roles": [
    {
      "id": "113",
      "name": "Системный администратор"
    }
  ],
  "accept_incomplete_resumes": false,
  "experience": {
    "id": "between1And3",
    "name": "От 1 года до 3 лет"
  },
  "employment": {
    "id": "full",
    "name": "Полная занятость"
  },
  "employment_form": {
    "id": "FULL",
    "name": "Полная"
  },
  "internship": false,
  "adv_response_url": null,
  "is_adv_vacancy": false,
  "adv_context": null
}