{
  "id": "121671481",
  "premium": false,
  "name": "Младший системный администратор",
  "department": null,
  "has_test": false,
  "response_letter_required": false,
  "area": {
    "id": "1",
    "name": "Москва",
    "url": "https://api.hh.ru/areas/1"
  },
  "salary": {
    "from": 100000,
    "to": 111000,
    "currency": "RUR",
    "gross": false
  },
  "salary_range": {
    "from": 100000,
    "to": 111000,
    "currency": "RUR",
    "gross": false,
    "mode": {
      "id": "MONTH",
      "name": "За месяц"
    },
    "frequency": null
  },
  "type": {
    "id": "open",
    "name": "Открытая"
  },
  "address": {
    "city": "Москва",
    "street": "Звёздный бульвар",
    "building": "19с1",
    "lat": 55.812054,
    "lng": 37.625981,
    "description": null,
    "raw": "Москва, Звёздный бульвар, 19с1",
    "metro": {
      "station_name": "Алексеевская",
      "line_name": "Калужско-Рижская",
      "station_id": "6.8",
      "line_id": "6",
      "lat": 55.807794,
      "lng": 37.638699
    },
    "metro_stations": [
      {
        "station_name": "Алексеевская",
        "line_name": "Калужско-Рижская",
        "station_id": "6.8",
        "line_id": "6",
        "lat": 55.807794,
        "lng": 37.638699
      },
      {
        "station_name": "ВДНХ",
        "line_name": "Калужско-Рижская",
        "station_id": "6.27",
        "line_id": "6",
        "lat": 55.819626,
        "lng": 37.640751
      },
      {
        "station_name": "Марьина Роща",
        "line_name": "МЦД-2",
        "station_id": "132.917",
        "line_id": "132",
        "lat": 55.800833,
        "lng": 37.618889
      },
      {
        "station_name": "Марьина Роща",
        "line_name": "МЦД-4",
        "station_id": "136.892",
        "line_id": "136",
        "lat": 55.800833,
        "lng": 37.618889
      }
    ],
    "id": "19968096"
  },
  "response_url": null,
  "sort_point_distance": null,
  "published_at": "2025-12-03T15:08:35+06:00",
  "created_at": "2025-12-03T15:08:35+06:00",
  "archived": false,
  "apply_alternate_url": "https://hh.ru/applicant/vacancy_response?vacancyId=121671481",
  "show_logo_in_search": null,
  "show_contacts": false,
  "insider_interview": null,
  "url": "https://api.hh.ru/vacancies/121671481?host=hh.ru",
  "alternate_url": "https://hh.ru/vacancy/121671481",
  "relations": [],
  "employer": {
    "id": "22216",
    "name": "Никс",
    "url": "https://api.hh.ru/employers/22216",
    "alternate_url": "https://hh.ru/employer/22216",
    "logo_urls": {
      "original": "https://img.hhcdn.ru/employer-logo-original-round/292007.png",
      "90": "https://img.hhcdn.ru/employer-logo-round/314213.png",
      "240": "https://img.hhcdn.ru/employer-logo-round/387070.png"
    },
    "vacancies_url": "https://api.hh.ru/vacancies?employer_id=22216",
    "country_id": 1,
    "accredited_it_employer": false,
    "trusted": true
  },
  "snippet": {
    "requirement": "Требования: богатый жизненный опыт сисадминской работы с сетью минимум из 20 компьютеров сроком от 1 года.",
    "responsibility": "Увлекательная работа по обслуживанию ИТ-инфраструктуры с элементами искусственного интеллекта, включая ежедневный мониторинг, техподдержку сотрудников, установку ПО, обслуживание оборудования, устранение..."
  },
  "contacts": null,
  "schedule": {
    "id": "fullDay",
    "name": "Полный день"
  },
  "working_days": [],
  "working_time_intervals": [],
  "working_time_modes": [],
  "accept_temporary": false,
  "fly_in_fly_out_duration": [],
  "work_format": [],
  "working_hours": [
    {
      "id": "HOURS_8",
      "name": "8 часов"
    }
  ],
  "work_schedule_by_days": [
    {
      "id": "FIVE_ON_TWO_OFF",
      "name": "5/2"
    }
  ],
  "night_shifts": false,
  "professional_roles": [
    {
      "id": "113",
      "name": "Системный администратор"
    }
  ],
  "accept_incomplete_resumes": false,
  "experience": {
    "id": "noExperience",
    "name": "Нет опыта"
  },
  "employment": {
    "id": "full",
    "name": "Полная занятость"
  },
  "employment_form": {
    "id": "FULL",
    "name": "Полная"
  },
  "internship": false,
  "adv_response_url": null,
  "is_adv_vacancy": false,
  "adv_context": null
}