{
  "id": "121657112",
  "premium": false,
  "name": "Старший C#-разработчик, ERP и учётные системы",
  "department": {
    "id": "ozonru-2180-dev",
    "name": "Ozon Tech"
  },
  "has_test": false,
  "response_letter_required": false,
  "area": {
    "id": "1",
    "name": "Москва",
    "url": "https://api.hh.ru/areas/1"
  },
  "salary": null,
  "salary_range": null,
  "type": {
    "id": "open",
    "name": "Открытая"
  },
  "address": {
    "city": "Москва",
    "street": "Пресненская набережная",
    "building": null,
    "lat": 55.746791,
    "lng": 37.540991,
    "description": null,
    "raw": "Москва, Пресненская набережная",
    "metro": {
      "station_name": "Деловой центр",
      "line_name": "Большая кольцевая линия",
      "station_id": "97.603",
      "line_id": "97",
      "lat": 55.7491,
      "lng": 37.5395
    },
    "metro_stations": [
      {
        "station_name": "Деловой центр",
        "line_name": "Большая кольцевая линия",
        "station_id": "97.603",
        "line_id": "97",
        "lat": 55.7491,
        "lng": 37.5395
      },
      {
        "station_name": "Деловой центр",
        "line_name": "Солнцевская",
        "station_id": "133.468",
        "line_id": "133",
        "lat": 55.7491,
        "lng": 37.5395
      },
      {
        "station_name": "Деловой центр (Выставочная)",
        "line_name": "Филевская",
        "station_id": "4.172",
        "line_id": "4",
        "lat": 55.750243,
        "lng": 37.542641
      }
    ],
    "id": "5799073"
  },
  "response_url": null,
  "sort_point_distance": null,
  "published_at": "2025-12-13T13:17:44+06:00",
  "created_at": "2025-12-13T13:17:44+06:00",
  "archived": false,
  "apply_alternate_url": "https://hh.ru/applicant/vacancy_response?vacancyId=121657112",
  "branding": {
    "type": "MAKEUP",
    "tariff": null
  },
  "show_logo_in_search": true,
  "show_contacts": true,
  "insider_interview": null,
  "url": "https://api.hh.ru/vacancies/121657112?host=hh.ru",
  "alternate_url": "https://hh.ru/vacancy/121657112",
  "relations": [],
  "employer": {
    "id": "2180",
    "name": "Ozon",
    "url": "https://api.hh.ru/employers/2180",
    "alternate_url": "https://hh.ru/employer/2180",
    "logo_urls": {
      "original": "https://img.hhcdn.ru/employer-logo-original-round/5899116.png",
      "90": "https://img.hhcdn.ru/employer-logo-round/5899117.png",
      "240": "https://img.hhcdn.ru/employer-logo-round/5899118.png"
    },
    "vacancies_url": "https://api.hh.ru/vacancies?employer_id=2180",
    "country_id": 1,
    "accredited_it_employer": true,
    "trusted": true
  },
  "snippet": {
    "requirement": "Опыт коммерческой разработки на <highlighttext>С#</highlighttext> от 5 лет. Практический опыт работы с базами данных, знание SQL и умение оптимизировать запросы. ",
    "responsibility": "Разрабатывать и поддерживать надежные, масштабируемые и высокопроизводительные сервисы. Активно участвовать в проработке архитектурных решений. Проводить код-ревью. Обеспечивать бесперебойную работу..."
  },
  "contacts": null,
  "schedule": {
    "id": "remote",
    "name": "Удаленная работа"
  },
  "working_days": [],
  "working_time_intervals": [],
  "working_time_modes": [],
  "accept_temporary": false,
  "fly_in_fly_out_duration": [],
  "work_format": [
    {
      "id": "REMOTE",
      "name": "Удалённо"
    }
  ],
  "working_hours": [
    {
      "id": "HOURS_8",
      "name": "8 часов"
    }
  ],
  "work_schedule_by_days": [
    {
      "id": "FIVE_ON_TWO_OFF",
      "name": "5/2"
    }
  ],
  "night_shifts": false,
  "professional_roles": [
    {
      "id": "96",
      "name": "Программист, разработчик"
    }
  ],
  "accept_incomplete_resumes": false,
  "experience": {
    "id": "moreThan6",
    "name": "Более 6 лет"
  },
  "employment": {
    "id": "full",
    "name": "Полная занятость"
  },
  "employment_form": {
    "id": "FULL",
    "name": "Полная"
  },
  "internship": false,
  "adv_response_url": null,
  "is_adv_vacancy": false,
  "adv_context": null
}