{
  "id": "122590624",
  "premium": true,
  "name": ".NET Разработчик (Senior)",
  "department": {
    "id": "78638-78638-develop",
    "name": "Т-Банк. ИТ. Разработка"
  },
  "has_test": false,
  "response_letter_required": false,
  "area": {
    "id": "88",
    "name": "Казань",
    "url": "https://api.hh.ru/areas/88"
  },
  "salary": null,
  "salary_range": null,
  "type": {
    "id": "open",
    "name": "Открытая"
  },
  "address": {
    "city": "Казань",
    "street": "улица Островского",
    "building": "98",
    "lat": 55.779216,
    "lng": 49.131989,
    "description": null,
    "raw": "Казань, улица Островского, 98",
    "metro": null,
    "metro_stations": [],
    "id": "5812852"
  },
  "response_url": null,
  "sort_point_distance": null,
  "published_at": "2025-12-22T13:23:47+06:00",
  "created_at": "2025-12-22T13:23:47+06:00",
  "archived": false,
  "apply_alternate_url": "https://hh.ru/applicant/vacancy_response?vacancyId=122590624",
  "branding": {
    "type": "MAKEUP",
    "tariff": null
  },
  "show_logo_in_search": true,
  "show_contacts": false,
  "insider_interview": {
    "id": "32978",
    "url": "https://hh.ru/interview/32978?employerId=78638"
  },
  "url": "https://api.hh.ru/vacancies/122590624?host=hh.ru",
  "alternate_url": "https://hh.ru/vacancy/122590624",
  "relations": [],
  "employer": {
    "id": "78638",
    "name": "Т-Банк",
    "url": "https://api.hh.ru/employers/78638",
    "alternate_url": "https://hh.ru/employer/78638",
    "logo_urls": {
      "original": "https://img.hhcdn.ru/employer-logo-original/1405176.png",
      "90": "https://img.hhcdn.ru/employer-logo/7240372.png",
      "240": "https://img.hhcdn.ru/employer-logo/7240373.png"
    },
    "vacancies_url": "https://api.hh.ru/vacancies?employer_id=78638",
    "country_id": 1,
    "accredited_it_employer": false,
    "trusted": true
  },
  "snippet": {
    "requirement": "Опыт коммерческой разработки Web-приложений на платформе <highlighttext>.NET</highlighttext> от 5 лет. Хорошее знание основ платформы <highlighttext>.NET</highlighttext> (Memory Management, async/await). ",
    "responsibility": "Принимать участие в разработке сервисов, помогающих экосистеме Т-Банк развиваться: платформа для удаленной работы сотрудников (TWork), Телефония, Биометрия, Т-Бизнес..."
  },
  "contacts": null,
  "schedule": {
    "id": "fullDay",
    "name": "Полный день"
  },
  "working_days": [],
  "working_time_intervals": [],
  "working_time_modes": [],
  "accept_temporary": false,
  "fly_in_fly_out_duration": [],
  "work_format": [],
  "working_hours": [
    {
      "id": "HOURS_8",
      "name": "8 часов"
    }
  ],
  "work_schedule_by_days": [
    {
      "id": "FIVE_ON_TWO_OFF",
      "name": "5/2"
    }
  ],
  "night_shifts": false,
  "professional_roles": [
    {
      "id": "96",
      "name": "Программист, разработчик"
    }
  ],
  "accept_incomplete_resumes": false,
  "experience": {
    "id": "between3And6",
    "name": "От 3 до 6 лет"
  },
  "employment": {
    "id": "full",
    "name": "Полная занятость"
  },
  "employment_form": {
    "id": "FULL",
    "name": "Полная"
  },
  "internship": false,
  "adv_response_url": null,
  "is_adv_vacancy": false,
  "adv_context": null
}