{
  "id": "122750038",
  "premium": false,
  "name": "Middle .Net C#/ разработчик",
  "department": null,
  "has_test": true,
  "response_letter_required": false,
  "area": {
    "id": "99",
    "name": "Уфа",
    "url": "https://api.hh.ru/areas/99"
  },
  "salary": null,
  "salary_range": null,
  "type": {
    "id": "open",
    "name": "Открытая"
  },
  "address": {
    "city": "Уфа",
    "street": "улица 50 лет СССР",
    "building": "27",
    "lat": 54.753279,
    "lng": 56.011656,
    "description": null,
    "raw": "Уфа, улица 50 лет СССР, 27",
    "metro": null,
    "metro_stations": [],
    "id": "3860561"
  },
  "response_url": null,
  "sort_point_distance": null,
  "published_at": "2025-12-22T16:32:51+06:00",
  "created_at": "2025-12-22T16:32:51+06:00",
  "archived": false,
  "apply_alternate_url": "https://hh.ru/applicant/vacancy_response?vacancyId=122750038",
  "show_contacts": false,
  "insider_interview": null,
  "url": "https://api.hh.ru/vacancies/122750038?host=hh.ru",
  "alternate_url": "https://hh.ru/vacancy/122750038",
  "relations": [],
  "employer": {
    "id": "17688",
    "name": "ЭЛЕКТРОННЫЕ ОФИСНЫЕ СИСТЕМЫ",
    "url": "https://api.hh.ru/employers/17688",
    "alternate_url": "https://hh.ru/employer/17688",
    "logo_urls": null,
    "vacancies_url": "https://api.hh.ru/vacancies?employer_id=17688",
    "country_id": 1,
    "accredited_it_employer": false,
    "trusted": true
  },
  "snippet": {
    "requirement": "Опыт коммерческой разработки на <highlighttext>С#</highlighttext> от 2 лет. Хорошее знание паттернов разработки и применение их в нужном месте. ",
    "responsibility": "Документирование принятых решений по архитектуре. Участие в развитии архитектуры системы на технологиях <highlighttext>.Net</highlighttext> Core + React. Участие в принятии архитектурных..."
  },
  "contacts": null,
  "schedule": {
    "id": "fullDay",
    "name": "Полный день"
  },
  "working_days": [],
  "working_time_intervals": [],
  "working_time_modes": [],
  "accept_temporary": false,
  "fly_in_fly_out_duration": [],
  "work_format": [],
  "working_hours": [
    {
      "id": "HOURS_8",
      "name": "8 часов"
    }
  ],
  "work_schedule_by_days": [
    {
      "id": "FIVE_ON_TWO_OFF",
      "name": "5/2"
    }
  ],
  "night_shifts": false,
  "professional_roles": [
    {
      "id": "96",
      "name": "Программист, разработчик"
    }
  ],
  "accept_incomplete_resumes": false,
  "experience": {
    "id": "between3And6",
    "name": "От 3 до 6 лет"
  },
  "employment": {
    "id": "full",
    "name": "Полная занятость"
  },
  "employment_form": {
    "id": "FULL",
    "name": "Полная"
  },
  "internship": false,
  "adv_response_url": null,
  "is_adv_vacancy": false,
  "adv_context": null
}