{
  "id": "123687168",
  "premium": false,
  "name": "Ведущий инженер (ИТ) Отдел стоимостного инжиниринга",
  "department": null,
  "has_test": false,
  "response_letter_required": false,
  "area": {
    "id": "78",
    "name": "Самара",
    "url": "https://api.hh.ru/areas/78"
  },
  "salary": {
    "from": null,
    "to": 76000,
    "currency": "RUR",
    "gross": false
  },
  "salary_range": {
    "from": null,
    "to": 76000,
    "currency": "RUR",
    "gross": false,
    "mode": {
      "id": "MONTH",
      "name": "За месяц"
    },
    "frequency": null
  },
  "type": {
    "id": "open",
    "name": "Открытая"
  },
  "address": {
    "city": "Самара",
    "street": "Вилоновская улица",
    "building": "18",
    "lat": 53.198095,
    "lng": 50.1027,
    "description": null,
    "raw": "Самара, Вилоновская улица, 18",
    "metro": {
      "station_name": "Алабинская",
      "line_name": "Первая",
      "station_id": "54.509",
      "line_id": "54",
      "lat": 53.209689,
      "lng": 50.134417
    },
    "metro_stations": [
      {
        "station_name": "Алабинская",
        "line_name": "Первая",
        "station_id": "54.509",
        "line_id": "54",
        "lat": 53.209689,
        "lng": 50.134417
      }
    ],
    "id": "48687"
  },
  "response_url": null,
  "sort_point_distance": null,
  "published_at": "2025-12-10T18:16:55+06:00",
  "created_at": "2025-12-10T18:16:55+06:00",
  "archived": false,
  "apply_alternate_url": "https://hh.ru/applicant/vacancy_response?vacancyId=123687168",
  "show_logo_in_search": null,
  "show_contacts": false,
  "insider_interview": null,
  "url": "https://api.hh.ru/vacancies/123687168?host=hh.ru",
  "alternate_url": "https://hh.ru/vacancy/123687168",
  "relations": [],
  "employer": {
    "id": "241845",
    "name": "СамараНИПИнефть",
    "url": "https://api.hh.ru/employers/241845",
    "alternate_url": "https://hh.ru/employer/241845",
    "logo_urls": {
      "original": "https://img.hhcdn.ru/employer-logo-original-round/1959301.jpeg",
      "90": "https://img.hhcdn.ru/employer-logo-round/1959302.jpeg",
      "240": "https://img.hhcdn.ru/employer-logo-round/1959303.jpeg"
    },
    "vacancies_url": "https://api.hh.ru/vacancies?employer_id=241845",
    "country_id": 1,
    "accredited_it_employer": true,
    "trusted": true
  },
  "snippet": {
    "requirement": "Опыт работы не менее 2 лет в разработке на <highlighttext>C#</highlighttext> и <highlighttext>.NET</highlighttext> Framework. Опыт разработки на <highlighttext>C#</highlighttext> и <highlighttext>.NET</highlighttext> Framework. ",
    "responsibility": "Разработка проектов «с нуля». Разработка/доработка модулей для существующих проектов и их сопровождение. Участие в проектирование новых модулей ПО. "
  },
  "contacts": null,
  "schedule": {
    "id": "fullDay",
    "name": "Полный день"
  },
  "working_days": [],
  "working_time_intervals": [],
  "working_time_modes": [],
  "accept_temporary": false,
  "fly_in_fly_out_duration": [],
  "work_format": [
    {
      "id": "ON_SITE",
      "name": "На месте работодателя"
    }
  ],
  "working_hours": [
    {
      "id": "HOURS_8",
      "name": "8 часов"
    }
  ],
  "work_schedule_by_days": [
    {
      "id": "FIVE_ON_TWO_OFF",
      "name": "5/2"
    }
  ],
  "night_shifts": false,
  "professional_roles": [
    {
      "id": "96",
      "name": "Программист, разработчик"
    }
  ],
  "accept_incomplete_resumes": false,
  "experience": {
    "id": "between3And6",
    "name": "От 3 до 6 лет"
  },
  "employment": {
    "id": "full",
    "name": "Полная занятость"
  },
  "employment_form": {
    "id": "FULL",
    "name": "Полная"
  },
  "internship": false,
  "adv_response_url": null,
  "is_adv_vacancy": false,
  "adv_context": null
}