{
  "id": "123641725",
  "premium": false,
  "name": "Специалист отдела камерального сопровождения работ по внутритрубной диагностике",
  "department": null,
  "has_test": false,
  "response_letter_required": false,
  "area": {
    "id": "2",
    "name": "Санкт-Петербург",
    "url": "https://api.hh.ru/areas/2"
  },
  "salary": null,
  "salary_range": null,
  "type": {
    "id": "open",
    "name": "Открытая"
  },
  "address": {
    "city": "Всеволожский район",
    "street": "Промышленный район Центральное отделение",
    "building": "123А",
    "lat": 59.877046,
    "lng": 30.52231,
    "description": null,
    "raw": "Всеволожский район, Промышленный район Центральное отделение, 123А",
    "metro": {
      "station_name": "Улица Дыбенко",
      "line_name": "Лахтинско-Правобережная",
      "station_id": "17.244",
      "line_id": "17",
      "lat": 59.907417,
      "lng": 30.483311
    },
    "metro_stations": [
      {
        "station_name": "Улица Дыбенко",
        "line_name": "Лахтинско-Правобережная",
        "station_id": "17.244",
        "line_id": "17",
        "lat": 59.907417,
        "lng": 30.483311
      }
    ],
    "id": "7709274"
  },
  "response_url": null,
  "sort_point_distance": null,
  "published_at": "2025-12-03T15:07:09+06:00",
  "created_at": "2025-12-03T15:07:09+06:00",
  "archived": false,
  "apply_alternate_url": "https://hh.ru/applicant/vacancy_response?vacancyId=123641725",
  "show_logo_in_search": null,
  "show_contacts": true,
  "insider_interview": null,
  "url": "https://api.hh.ru/vacancies/123641725?host=hh.ru",
  "alternate_url": "https://hh.ru/vacancy/123641725",
  "relations": [],
  "employer": {
    "id": "5382707",
    "name": "Газпром Диагностика",
    "url": "https://api.hh.ru/employers/5382707",
    "alternate_url": "https://hh.ru/employer/5382707",
    "logo_urls": {
      "original": "https://img.hhcdn.ru/employer-logo-original-round/4279563.png",
      "90": "https://img.hhcdn.ru/employer-logo-round/4279564.png",
      "240": "https://img.hhcdn.ru/employer-logo-round/4279565.png"
    },
    "vacancies_url": "https://api.hh.ru/vacancies?employer_id=5382707",
    "country_id": 1,
    "accredited_it_employer": false,
    "trusted": true
  },
  "snippet": {
    "requirement": "Владение основами объектно-ориентированного программирования и практическими навыками разработки на Python и <highlighttext>C#</highlighttext>. Навык анализа больших объемов данных в Python...",
    "responsibility": "Камеральная обработка результатов внутритрубного технического диагностирования на объектах ПАО «Газпром». Работа в специализированном программного обеспечения для анализа результатов внутритрубного технического..."
  },
  "contacts": null,
  "schedule": {
    "id": "fullDay",
    "name": "Полный день"
  },
  "working_days": [],
  "working_time_intervals": [],
  "working_time_modes": [],
  "accept_temporary": false,
  "fly_in_fly_out_duration": [],
  "work_format": [
    {
      "id": "ON_SITE",
      "name": "На месте работодателя"
    }
  ],
  "working_hours": [
    {
      "id": "HOURS_8",
      "name": "8 часов"
    }
  ],
  "work_schedule_by_days": [
    {
      "id": "FIVE_ON_TWO_OFF",
      "name": "5/2"
    }
  ],
  "night_shifts": false,
  "professional_roles": [
    {
      "id": "40",
      "name": "Другое"
    }
  ],
  "accept_incomplete_resumes": true,
  "experience": {
    "id": "between1And3",
    "name": "От 1 года до 3 лет"
  },
  "employment": {
    "id": "full",
    "name": "Полная занятость"
  },
  "employment_form": {
    "id": "FULL",
    "name": "Полная"
  },
  "internship": false,
  "adv_response_url": null,
  "is_adv_vacancy": false,
  "adv_context": null
}