{
  "id": "123947590",
  "premium": false,
  "name": ".NET-разработчик",
  "department": null,
  "has_test": false,
  "response_letter_required": false,
  "area": {
    "id": "2",
    "name": "Санкт-Петербург",
    "url": "https://api.hh.ru/areas/2"
  },
  "salary": null,
  "salary_range": null,
  "type": {
    "id": "open",
    "name": "Открытая"
  },
  "address": {
    "city": "Санкт-Петербург",
    "street": "улица Марата",
    "building": "69-71",
    "lat": 59.921101,
    "lng": 30.343123,
    "description": null,
    "raw": "Санкт-Петербург, улица Марата, 69-71",
    "metro": {
      "station_name": "Звенигородская",
      "line_name": "Фрунзенско-Приморская",
      "station_id": "18.251",
      "line_id": "18",
      "lat": 59.92065,
      "lng": 30.329599
    },
    "metro_stations": [
      {
        "station_name": "Звенигородская",
        "line_name": "Фрунзенско-Приморская",
        "station_id": "18.251",
        "line_id": "18",
        "lat": 59.92065,
        "lng": 30.329599
      },
      {
        "station_name": "Лиговский проспект",
        "line_name": "Лахтинско-Правобережная",
        "station_id": "17.239",
        "line_id": "17",
        "lat": 59.920811,
        "lng": 30.355055
      },
      {
        "station_name": "Обводный Канал",
        "line_name": "Фрунзенско-Приморская",
        "station_id": "18.252",
        "line_id": "18",
        "lat": 59.914686,
        "lng": 30.34815
      },
      {
        "station_name": "Пушкинская",
        "line_name": "Кировско-Выборгская",
        "station_id": "14.201",
        "line_id": "14",
        "lat": 59.92065,
        "lng": 30.329599
      }
    ],
    "id": "19074778"
  },
  "response_url": null,
  "sort_point_distance": null,
  "published_at": "2025-12-04T15:32:00+06:00",
  "created_at": "2025-12-04T15:32:00+06:00",
  "archived": false,
  "apply_alternate_url": "https://hh.ru/applicant/vacancy_response?vacancyId=123947590",
  "branding": {
    "type": "MAKEUP",
    "tariff": null
  },
  "show_logo_in_search": true,
  "show_contacts": false,
  "insider_interview": null,
  "url": "https://api.hh.ru/vacancies/123947590?host=hh.ru",
  "alternate_url": "https://hh.ru/vacancy/123947590",
  "relations": [],
  "employer": {
    "id": "4280547",
    "name": "Контакт",
    "url": "https://api.hh.ru/employers/4280547",
    "alternate_url": "https://hh.ru/employer/4280547",
    "logo_urls": {
      "original": "https://img.hhcdn.ru/employer-logo-original-round/5968232.png",
      "90": "https://img.hhcdn.ru/employer-logo-round/5968233.png",
      "240": "https://img.hhcdn.ru/employer-logo-round/5968234.png"
    },
    "vacancies_url": "https://api.hh.ru/vacancies?employer_id=4280547",
    "country_id": 1,
    "accredited_it_employer": true,
    "trusted": true
  },
  "snippet": {
    "requirement": "Опыт коммерческой разработки под <highlighttext>.NET</highlighttext> не менее 3 лет. Отличное знание <highlighttext>C#</highlighttext> и <highlighttext>.NET</highlighttext> Core. Будет плюсом знание и понимание...",
    "responsibility": "Разрабатывать новый функционал и поддерживать существующие системы. Проектировать и оптимизировать архитектуру приложений. Работать с базами данных MS SQL: проектирование, оптимизация..."
  },
  "contacts": null,
  "schedule": {
    "id": "fullDay",
    "name": "Полный день"
  },
  "working_days": [],
  "working_time_intervals": [],
  "working_time_modes": [],
  "accept_temporary": false,
  "fly_in_fly_out_duration": [],
  "work_format": [
    {
      "id": "ON_SITE",
      "name": "На месте работодателя"
    }
  ],
  "working_hours": [
    {
      "id": "HOURS_8",
      "name": "8 часов"
    }
  ],
  "work_schedule_by_days": [
    {
      "id": "FIVE_ON_TWO_OFF",
      "name": "5/2"
    }
  ],
  "night_shifts": false,
  "professional_roles": [
    {
      "id": "96",
      "name": "Программист, разработчик"
    }
  ],
  "accept_incomplete_resumes": false,
  "experience": {
    "id": "between3And6",
    "name": "От 3 до 6 лет"
  },
  "employment": {
    "id": "full",
    "name": "Полная занятость"
  },
  "employment_form": {
    "id": "FULL",
    "name": "Полная"
  },
  "internship": false,
  "adv_response_url": null,
  "is_adv_vacancy": false,
  "adv_context": null
}