{
  "id": "123916019",
  "premium": false,
  "name": "Senior Technical Artist (Unity3D)",
  "department": null,
  "has_test": true,
  "response_letter_required": false,
  "area": {
    "id": "1",
    "name": "Москва",
    "url": "https://api.hh.ru/areas/1"
  },
  "salary": null,
  "salary_range": null,
  "type": {
    "id": "open",
    "name": "Открытая"
  },
  "address": null,
  "response_url": null,
  "sort_point_distance": null,
  "published_at": "2025-12-24T20:23:59+06:00",
  "created_at": "2025-12-24T20:23:59+06:00",
  "archived": false,
  "apply_alternate_url": "https://hh.ru/applicant/vacancy_response?vacancyId=123916019",
  "branding": {
    "type": "MAKEUP",
    "tariff": null
  },
  "show_logo_in_search": true,
  "show_contacts": false,
  "insider_interview": null,
  "url": "https://api.hh.ru/vacancies/123916019?host=hh.ru",
  "alternate_url": "https://hh.ru/vacancy/123916019",
  "relations": [],
  "employer": {
    "id": "851138",
    "name": "Студия Кефир",
    "url": "https://api.hh.ru/employers/851138",
    "alternate_url": "https://hh.ru/employer/851138",
    "logo_urls": {
      "original": "https://img.hhcdn.ru/employer-logo-original-round/6503548.png",
      "90": "https://img.hhcdn.ru/employer-logo-round/6503549.png",
      "240": "https://img.hhcdn.ru/employer-logo-round/6503550.png"
    },
    "vacancies_url": "https://api.hh.ru/vacancies?employer_id=851138",
    "country_id": 1,
    "accredited_it_employer": false,
    "trusted": true
  },
  "snippet": {
    "requirement": "Уверенное использование Unity Profiler, Frame Debugger, RenderDoc. Навыки в решении перформанс-задач. Навыки работы с анимациями. Хорошее знание <highlighttext>С#</highlighttext> и...",
    "responsibility": "Разработка визуальных эффектов и комплексных систем (VFX + шейдера + анимации + пост эффекты + скрипты). Самостоятельная разработка прототипов для..."
  },
  "contacts": null,
  "schedule": {
    "id": "fullDay",
    "name": "Полный день"
  },
  "working_days": [],
  "working_time_intervals": [],
  "working_time_modes": [],
  "accept_temporary": false,
  "fly_in_fly_out_duration": [],
  "work_format": [],
  "working_hours": [
    {
      "id": "HOURS_8",
      "name": "8 часов"
    }
  ],
  "work_schedule_by_days": [
    {
      "id": "FIVE_ON_TWO_OFF",
      "name": "5/2"
    }
  ],
  "night_shifts": false,
  "professional_roles": [
    {
      "id": "34",
      "name": "Дизайнер, художник"
    }
  ],
  "accept_incomplete_resumes": false,
  "experience": {
    "id": "between3And6",
    "name": "От 3 до 6 лет"
  },
  "employment": {
    "id": "full",
    "name": "Полная занятость"
  },
  "employment_form": {
    "id": "FULL",
    "name": "Полная"
  },
  "internship": false,
  "adv_response_url": null,
  "is_adv_vacancy": false,
  "adv_context": null
}