{
  "id": "123990477",
  "premium": false,
  "name": "Инженер-программист",
  "department": null,
  "has_test": false,
  "response_letter_required": false,
  "area": {
    "id": "49",
    "name": "Киров (Кировская область)",
    "url": "https://api.hh.ru/areas/49"
  },
  "salary": {
    "from": 57000,
    "to": null,
    "currency": "RUR",
    "gross": true
  },
  "salary_range": {
    "from": 57000,
    "to": null,
    "currency": "RUR",
    "gross": true,
    "mode": {
      "id": "MONTH",
      "name": "За месяц"
    },
    "frequency": null
  },
  "type": {
    "id": "open",
    "name": "Открытая"
  },
  "address": null,
  "response_url": null,
  "sort_point_distance": null,
  "published_at": "2025-12-24T13:24:34+06:00",
  "created_at": "2025-12-24T13:24:34+06:00",
  "archived": false,
  "apply_alternate_url": "https://hh.ru/applicant/vacancy_response?vacancyId=123990477",
  "show_logo_in_search": null,
  "show_contacts": true,
  "insider_interview": null,
  "url": "https://api.hh.ru/vacancies/123990477?host=hh.ru",
  "alternate_url": "https://hh.ru/vacancy/123990477",
  "relations": [],
  "employer": {
    "id": "2420931",
    "name": "ВМП АВИТЕК",
    "url": "https://api.hh.ru/employers/2420931",
    "alternate_url": "https://hh.ru/employer/2420931",
    "logo_urls": {
      "original": "https://img.hhcdn.ru/employer-logo-original-round/4162695.jpeg",
      "90": "https://img.hhcdn.ru/employer-logo-round/4162696.jpeg",
      "240": "https://img.hhcdn.ru/employer-logo-round/4162697.jpeg"
    },
    "vacancies_url": "https://api.hh.ru/vacancies?employer_id=2420931",
    "country_id": 1,
    "accredited_it_employer": false,
    "trusted": true
  },
  "snippet": {
    "requirement": "Образование: высшее, среднее специальное. Профессиональные знания, навыки: знание баз данных, программирование на языке <highlighttext>C#</highlighttext>.",
    "responsibility": "Программирование информационных систем. Тестирование информационных систем. Проектирование, разработка, верификация интерфейсов обмена данными со смежными информационными системами."
  },
  "contacts": null,
  "schedule": {
    "id": "fullDay",
    "name": "Полный день"
  },
  "working_days": [],
  "working_time_intervals": [],
  "working_time_modes": [],
  "accept_temporary": false,
  "fly_in_fly_out_duration": [],
  "work_format": [
    {
      "id": "ON_SITE",
      "name": "На месте работодателя"
    }
  ],
  "working_hours": [
    {
      "id": "HOURS_8",
      "name": "8 часов"
    }
  ],
  "work_schedule_by_days": [
    {
      "id": "FIVE_ON_TWO_OFF",
      "name": "5/2"
    }
  ],
  "night_shifts": false,
  "professional_roles": [
    {
      "id": "96",
      "name": "Программист, разработчик"
    }
  ],
  "accept_incomplete_resumes": false,
  "experience": {
    "id": "noExperience",
    "name": "Нет опыта"
  },
  "employment": {
    "id": "full",
    "name": "Полная занятость"
  },
  "employment_form": {
    "id": "FULL",
    "name": "Полная"
  },
  "internship": false,
  "adv_response_url": null,
  "is_adv_vacancy": false,
  "adv_context": null
}