{
  "id": "123998618",
  "premium": false,
  "name": "Бизнес-аналитик",
  "department": null,
  "has_test": false,
  "response_letter_required": false,
  "area": {
    "id": "2",
    "name": "Санкт-Петербург",
    "url": "https://api.hh.ru/areas/2"
  },
  "salary": null,
  "salary_range": null,
  "type": {
    "id": "open",
    "name": "Открытая"
  },
  "address": {
    "city": "Санкт-Петербург",
    "street": "1-я Советская улица",
    "building": "6к2",
    "lat": 59.93199,
    "lng": 30.364,
    "description": null,
    "raw": "Санкт-Петербург, 1-я Советская улица, 6к2",
    "metro": {
      "station_name": "Площадь Восстания",
      "line_name": "Кировско-Выборгская",
      "station_id": "14.199",
      "line_id": "14",
      "lat": 59.930279,
      "lng": 30.361069
    },
    "metro_stations": [
      {
        "station_name": "Площадь Восстания",
        "line_name": "Кировско-Выборгская",
        "station_id": "14.199",
        "line_id": "14",
        "lat": 59.930279,
        "lng": 30.361069
      }
    ],
    "id": "16089344"
  },
  "response_url": null,
  "sort_point_distance": null,
  "published_at": "2025-12-16T12:12:19+06:00",
  "created_at": "2025-12-16T12:12:19+06:00",
  "archived": false,
  "apply_alternate_url": "https://hh.ru/applicant/vacancy_response?vacancyId=123998618",
  "show_logo_in_search": null,
  "show_contacts": false,
  "insider_interview": null,
  "url": "https://api.hh.ru/vacancies/123998618?host=hh.ru",
  "alternate_url": "https://hh.ru/vacancy/123998618",
  "relations": [],
  "employer": {
    "id": "728292",
    "name": "СПб ГКУ Санкт-Петербургский информационно-аналитический центр",
    "url": "https://api.hh.ru/employers/728292",
    "alternate_url": "https://hh.ru/employer/728292",
    "logo_urls": {
      "original": "https://img.hhcdn.ru/employer-logo-original/1386906.png",
      "90": "https://img.hhcdn.ru/employer-logo/7167411.png",
      "240": "https://img.hhcdn.ru/employer-logo/7167412.png"
    },
    "vacancies_url": "https://api.hh.ru/vacancies?employer_id=728292",
    "country_id": 1,
    "accredited_it_employer": true,
    "trusted": true
  },
  "snippet": {
    "requirement": "Имеет знание базовой структуры информационных систем, их функциональных возможностей и ограничений, работа с документацией. Умеет работать с пожеланиями пользователей в...",
    "responsibility": "Коммуникация с пользователями (сотрудники ИОГВ и подведомственных организаций Санкт-Петербурга). Сбор и формирование требований. Аналитика бизнес-процессов и подбор оптимального..."
  },
  "contacts": null,
  "schedule": {
    "id": "fullDay",
    "name": "Полный день"
  },
  "working_days": [],
  "working_time_intervals": [],
  "working_time_modes": [],
  "accept_temporary": false,
  "fly_in_fly_out_duration": [],
  "work_format": [
    {
      "id": "ON_SITE",
      "name": "На месте работодателя"
    }
  ],
  "working_hours": [
    {
      "id": "HOURS_8",
      "name": "8 часов"
    }
  ],
  "work_schedule_by_days": [
    {
      "id": "FIVE_ON_TWO_OFF",
      "name": "5/2"
    }
  ],
  "night_shifts": false,
  "professional_roles": [
    {
      "id": "150",
      "name": "Бизнес-аналитик"
    }
  ],
  "accept_incomplete_resumes": false,
  "experience": {
    "id": "between1And3",
    "name": "От 1 года до 3 лет"
  },
  "employment": {
    "id": "full",
    "name": "Полная занятость"
  },
  "employment_form": {
    "id": "FULL",
    "name": "Полная"
  },
  "internship": false,
  "adv_response_url": null,
  "is_adv_vacancy": false,
  "adv_context": null
}