{
  "id": "124075907",
  "premium": false,
  "name": "Старший инженер данных",
  "department": {
    "id": "2368-2368-IT",
    "name": "Novabev Group. IT & E-Com"
  },
  "has_test": false,
  "response_letter_required": false,
  "area": {
    "id": "1",
    "name": "Москва",
    "url": "https://api.hh.ru/areas/1"
  },
  "salary": null,
  "salary_range": null,
  "type": {
    "id": "open",
    "name": "Открытая"
  },
  "address": {
    "city": "Москва",
    "street": "Якиманская набережная",
    "building": "4с1",
    "lat": 55.739772,
    "lng": 37.612497,
    "description": null,
    "raw": "Москва, Якиманская набережная, 4с1",
    "metro": {
      "station_name": "Кропоткинская",
      "line_name": "Сокольническая",
      "station_id": "1.64",
      "line_id": "1",
      "lat": 55.745297,
      "lng": 37.604217
    },
    "metro_stations": [
      {
        "station_name": "Кропоткинская",
        "line_name": "Сокольническая",
        "station_id": "1.64",
        "line_id": "1",
        "lat": 55.745297,
        "lng": 37.604217
      },
      {
        "station_name": "Полянка",
        "line_name": "Серпуховско-Тимирязевская",
        "station_id": "9.115",
        "line_id": "9",
        "lat": 55.736795,
        "lng": 37.618594
      },
      {
        "station_name": "Третьяковская",
        "line_name": "Калужско-Рижская",
        "station_id": "6.90",
        "line_id": "6",
        "lat": 55.74073,
        "lng": 37.625624
      }
    ],
    "id": "846832"
  },
  "response_url": null,
  "sort_point_distance": null,
  "published_at": "2025-11-27T18:10:12+06:00",
  "created_at": "2025-11-27T18:10:12+06:00",
  "archived": false,
  "apply_alternate_url": "https://hh.ru/applicant/vacancy_response?vacancyId=124075907",
  "branding": {
    "type": "MAKEUP",
    "tariff": null
  },
  "show_logo_in_search": true,
  "show_contacts": false,
  "insider_interview": null,
  "url": "https://api.hh.ru/vacancies/124075907?host=hh.ru",
  "alternate_url": "https://hh.ru/vacancy/124075907",
  "relations": [],
  "employer": {
    "id": "2368",
    "name": "Novabev Group",
    "url": "https://api.hh.ru/employers/2368",
    "alternate_url": "https://hh.ru/employer/2368",
    "logo_urls": {
      "original": "https://img.hhcdn.ru/employer-logo-original/1385711.png",
      "90": "https://img.hhcdn.ru/employer-logo/7162631.png",
      "240": "https://img.hhcdn.ru/employer-logo/7162632.png"
    },
    "vacancies_url": "https://api.hh.ru/vacancies?employer_id=2368",
    "country_id": 1,
    "accredited_it_employer": true,
    "trusted": true
  },
  "snippet": {
    "requirement": "Знание MS SQL, SSAS (табулярные кубы), SSIS, T-SQL, Python, в меньшей степени <highlighttext>C#</highlighttext>. Понимание принципов построения БД, понимание отличия...",
    "responsibility": "Проектирование, оптимизация и поддержка хранилища данных. Разработка ETL-процессов, в том числе инкрементальных, разработка дашбордов, кубов и отчетов. "
  },
  "contacts": null,
  "schedule": {
    "id": "fullDay",
    "name": "Полный день"
  },
  "working_days": [],
  "working_time_intervals": [],
  "working_time_modes": [],
  "accept_temporary": false,
  "fly_in_fly_out_duration": [],
  "work_format": [
    {
      "id": "ON_SITE",
      "name": "На месте работодателя"
    },
    {
      "id": "HYBRID",
      "name": "Гибрид"
    }
  ],
  "working_hours": [
    {
      "id": "HOURS_8",
      "name": "8 часов"
    }
  ],
  "work_schedule_by_days": [
    {
      "id": "FIVE_ON_TWO_OFF",
      "name": "5/2"
    }
  ],
  "night_shifts": false,
  "professional_roles": [
    {
      "id": "156",
      "name": "BI-аналитик, аналитик данных"
    }
  ],
  "accept_incomplete_resumes": false,
  "experience": {
    "id": "between1And3",
    "name": "От 1 года до 3 лет"
  },
  "employment": {
    "id": "full",
    "name": "Полная занятость"
  },
  "employment_form": {
    "id": "FULL",
    "name": "Полная"
  },
  "internship": false,
  "adv_response_url": null,
  "is_adv_vacancy": false,
  "adv_context": null
}