{
  "id": "124004047",
  "premium": false,
  "name": "Senior С# .NET",
  "department": null,
  "has_test": false,
  "response_letter_required": false,
  "area": {
    "id": "1",
    "name": "Москва",
    "url": "https://api.hh.ru/areas/1"
  },
  "salary": null,
  "salary_range": null,
  "type": {
    "id": "open",
    "name": "Открытая"
  },
  "address": null,
  "response_url": null,
  "sort_point_distance": null,
  "published_at": "2025-12-01T17:31:50+06:00",
  "created_at": "2025-12-01T17:31:50+06:00",
  "archived": false,
  "apply_alternate_url": "https://hh.ru/applicant/vacancy_response?vacancyId=124004047",
  "show_logo_in_search": null,
  "show_contacts": true,
  "insider_interview": null,
  "url": "https://api.hh.ru/vacancies/124004047?host=hh.ru",
  "alternate_url": "https://hh.ru/vacancy/124004047",
  "relations": [],
  "employer": {
    "id": "10683206",
    "name": "VS Robotics (ООО АБТ)",
    "url": "https://api.hh.ru/employers/10683206",
    "alternate_url": "https://hh.ru/employer/10683206",
    "logo_urls": {
      "original": "https://img.hhcdn.ru/employer-logo-original/1444532.png",
      "90": "https://img.hhcdn.ru/employer-logo/7397752.png",
      "240": "https://img.hhcdn.ru/employer-logo/7397753.png"
    },
    "vacancies_url": "https://api.hh.ru/vacancies?employer_id=10683206",
    "country_id": 1,
    "accredited_it_employer": true,
    "trusted": true
  },
  "snippet": {
    "requirement": "Опыт программирования на современных императивных языках не менее 6-ти лет. Опыт программирования на <highlighttext>C#</highlighttext> не менее 4-х лет. ",
    "responsibility": "Мы создаем современные ИТ-продукты и технологичные решения, которые помогают бизнесу сокращать расходы на коммуникации с клиентами, повышают эффективность рабочих..."
  },
  "contacts": null,
  "schedule": {
    "id": "fullDay",
    "name": "Полный день"
  },
  "working_days": [],
  "working_time_intervals": [],
  "working_time_modes": [],
  "accept_temporary": false,
  "fly_in_fly_out_duration": [],
  "work_format": [
    {
      "id": "ON_SITE",
      "name": "На месте работодателя"
    },
    {
      "id": "HYBRID",
      "name": "Гибрид"
    }
  ],
  "working_hours": [
    {
      "id": "HOURS_8",
      "name": "8 часов"
    }
  ],
  "work_schedule_by_days": [
    {
      "id": "FIVE_ON_TWO_OFF",
      "name": "5/2"
    }
  ],
  "night_shifts": false,
  "professional_roles": [
    {
      "id": "96",
      "name": "Программист, разработчик"
    }
  ],
  "accept_incomplete_resumes": false,
  "experience": {
    "id": "between3And6",
    "name": "От 3 до 6 лет"
  },
  "employment": {
    "id": "full",
    "name": "Полная занятость"
  },
  "employment_form": {
    "id": "FULL",
    "name": "Полная"
  },
  "internship": false,
  "adv_response_url": null,
  "is_adv_vacancy": false,
  "adv_context": null
}