{
  "id": "124235982",
  "premium": false,
  "name": "Trainee .Net Developer",
  "department": null,
  "has_test": false,
  "response_letter_required": false,
  "area": {
    "id": "1004",
    "name": "Могилев",
    "url": "https://api.hh.ru/areas/1004"
  },
  "salary": null,
  "salary_range": null,
  "type": {
    "id": "open",
    "name": "Открытая"
  },
  "address": null,
  "response_url": null,
  "sort_point_distance": null,
  "published_at": "2025-12-23T18:36:48+06:00",
  "created_at": "2025-12-23T18:36:48+06:00",
  "archived": false,
  "apply_alternate_url": "https://hh.ru/applicant/vacancy_response?vacancyId=124235982",
  "show_logo_in_search": null,
  "show_contacts": false,
  "insider_interview": null,
  "url": "https://api.hh.ru/vacancies/124235982?host=hh.ru",
  "alternate_url": "https://hh.ru/vacancy/124235982",
  "relations": [],
  "employer": {
    "id": "1858119",
    "name": "Innowise Group / Фабрика инноваций и решений",
    "url": "https://api.hh.ru/employers/1858119",
    "alternate_url": "https://hh.ru/employer/1858119",
    "logo_urls": {
      "original": "https://img.hhcdn.ru/employer-logo-original-round/3339491.png",
      "90": "https://img.hhcdn.ru/employer-logo-round/3339492.png",
      "240": "https://img.hhcdn.ru/employer-logo-round/3339493.png"
    },
    "vacancies_url": "https://api.hh.ru/vacancies?employer_id=1858119",
    "country_id": 4,
    "accredited_it_employer": false,
    "trusted": true
  },
  "snippet": {
    "requirement": "Уверенные знания <highlighttext>.Net</highlighttext> и <highlighttext>C#</highlighttext> (желательно прочитанная книга и практический опыт). Как вариант книги: Ultimate ASP.NET Core Web API или...",
    "responsibility": "Разрабатывать web-приложения с использованием <highlighttext>.Net</highlighttext>. Проектировать и разрабатывать масштабируемые приложения с использованием современных подходов и фреймворков. Сопутствующие задачи: митинги..."
  },
  "contacts": null,
  "schedule": {
    "id": "fullDay",
    "name": "Полный день"
  },
  "working_days": [],
  "working_time_intervals": [],
  "working_time_modes": [],
  "accept_temporary": false,
  "fly_in_fly_out_duration": [],
  "work_format": [],
  "working_hours": [
    {
      "id": "HOURS_8",
      "name": "8 часов"
    }
  ],
  "work_schedule_by_days": [
    {
      "id": "FIVE_ON_TWO_OFF",
      "name": "5/2"
    }
  ],
  "night_shifts": false,
  "professional_roles": [
    {
      "id": "96",
      "name": "Программист, разработчик"
    }
  ],
  "accept_incomplete_resumes": false,
  "experience": {
    "id": "noExperience",
    "name": "Нет опыта"
  },
  "employment": {
    "id": "full",
    "name": "Полная занятость"
  },
  "employment_form": {
    "id": "FULL",
    "name": "Полная"
  },
  "internship": false,
  "adv_response_url": null,
  "is_adv_vacancy": false,
  "adv_context": null
}