{
  "id": "124278200",
  "premium": false,
  "name": "Руководитель ИТ проектов (мобильная разработка)",
  "department": null,
  "has_test": true,
  "response_letter_required": false,
  "area": {
    "id": "1",
    "name": "Москва",
    "url": "https://api.hh.ru/areas/1"
  },
  "salary": {
    "from": null,
    "to": 350000,
    "currency": "RUR",
    "gross": false
  },
  "salary_range": {
    "from": null,
    "to": 350000,
    "currency": "RUR",
    "gross": false,
    "mode": {
      "id": "MONTH",
      "name": "За месяц"
    },
    "frequency": {
      "id": "TWICE_PER_MONTH",
      "name": "Два раза в месяц"
    }
  },
  "type": {
    "id": "open",
    "name": "Открытая"
  },
  "address": {
    "city": "Москва",
    "street": "Покровка",
    "building": "47а",
    "lat": 55.763326,
    "lng": 37.653262,
    "description": null,
    "raw": "Москва, Покровка, 47а",
    "metro": {
      "station_name": "Курская",
      "line_name": "Арбатско-Покровская",
      "station_id": "3.70",
      "line_id": "3",
      "lat": 55.758564,
      "lng": 37.659039
    },
    "metro_stations": [
      {
        "station_name": "Курская",
        "line_name": "Арбатско-Покровская",
        "station_id": "3.70",
        "line_id": "3",
        "lat": 55.758564,
        "lng": 37.659039
      }
    ],
    "id": "127090"
  },
  "response_url": null,
  "sort_point_distance": null,
  "published_at": "2025-12-24T12:49:57+06:00",
  "created_at": "2025-12-24T12:49:57+06:00",
  "archived": false,
  "apply_alternate_url": "https://hh.ru/applicant/vacancy_response?vacancyId=124278200",
  "branding": {
    "type": "MAKEUP",
    "tariff": null
  },
  "show_logo_in_search": true,
  "show_contacts": true,
  "insider_interview": null,
  "url": "https://api.hh.ru/vacancies/124278200?host=hh.ru",
  "alternate_url": "https://hh.ru/vacancy/124278200",
  "relations": [],
  "employer": {
    "id": "5896",
    "name": "ТПС Недвижимость",
    "url": "https://api.hh.ru/employers/5896",
    "alternate_url": "https://hh.ru/employer/5896",
    "logo_urls": {
      "original": "https://img.hhcdn.ru/employer-logo-original-round/290677.jpeg",
      "90": "https://img.hhcdn.ru/employer-logo-round/310635.jpeg",
      "240": "https://img.hhcdn.ru/employer-logo-round/383492.jpeg"
    },
    "vacancies_url": "https://api.hh.ru/vacancies?employer_id=5896",
    "country_id": 1,
    "accredited_it_employer": false,
    "trusted": true
  },
  "snippet": {
    "requirement": "Желательный стек- технологий: PHP, Laravel, Flutter, React Native, <highlighttext>С#</highlighttext>, <highlighttext>.NET</highlighttext> Core. Знание методик описания и моделирования бизнес-процессов. ",
    "responsibility": "В рамках цифровой трансформации компании мы планируем разработку нескольких новых продуктов: Выстраивание долгосрочных и доверительных отношений с ключевыми представителями Заказчика. "
  },
  "contacts": null,
  "schedule": {
    "id": "fullDay",
    "name": "Полный день"
  },
  "working_days": [],
  "working_time_intervals": [],
  "working_time_modes": [],
  "accept_temporary": false,
  "fly_in_fly_out_duration": [],
  "work_format": [
    {
      "id": "ON_SITE",
      "name": "На месте работодателя"
    },
    {
      "id": "HYBRID",
      "name": "Гибрид"
    }
  ],
  "working_hours": [
    {
      "id": "HOURS_8",
      "name": "8 часов"
    }
  ],
  "work_schedule_by_days": [
    {
      "id": "FIVE_ON_TWO_OFF",
      "name": "5/2"
    }
  ],
  "night_shifts": false,
  "professional_roles": [
    {
      "id": "107",
      "name": "Руководитель проектов"
    }
  ],
  "accept_incomplete_resumes": false,
  "experience": {
    "id": "between3And6",
    "name": "От 3 до 6 лет"
  },
  "employment": {
    "id": "full",
    "name": "Полная занятость"
  },
  "employment_form": {
    "id": "FULL",
    "name": "Полная"
  },
  "internship": false,
  "adv_response_url": null,
  "is_adv_vacancy": false,
  "adv_context": null
}