{
  "id": "124305300",
  "premium": false,
  "name": "Инженер по релейной защите",
  "department": null,
  "has_test": false,
  "response_letter_required": false,
  "area": {
    "id": "68",
    "name": "Омск",
    "url": "https://api.hh.ru/areas/68"
  },
  "salary": null,
  "salary_range": null,
  "type": {
    "id": "open",
    "name": "Открытая"
  },
  "address": {
    "city": "Омск",
    "street": "проспект Губкина",
    "building": "30",
    "lat": 55.071494,
    "lng": 73.296086,
    "description": null,
    "raw": "Омск, проспект Губкина, 30",
    "metro": null,
    "metro_stations": [],
    "id": "2420487"
  },
  "response_url": null,
  "sort_point_distance": null,
  "published_at": "2025-11-30T12:27:18+06:00",
  "created_at": "2025-11-30T12:27:18+06:00",
  "archived": false,
  "apply_alternate_url": "https://hh.ru/applicant/vacancy_response?vacancyId=124305300",
  "branding": {
    "type": "MAKEUP",
    "tariff": null
  },
  "show_logo_in_search": true,
  "show_contacts": true,
  "insider_interview": null,
  "url": "https://api.hh.ru/vacancies/124305300?host=hh.ru",
  "alternate_url": "https://hh.ru/vacancy/124305300",
  "relations": [],
  "employer": {
    "id": "3937948",
    "name": "Омский каучук",
    "url": "https://api.hh.ru/employers/3937948",
    "alternate_url": "https://hh.ru/employer/3937948",
    "logo_urls": {
      "original": "https://img.hhcdn.ru/employer-logo-original/1385928.png",
      "90": "https://img.hhcdn.ru/employer-logo/7163499.png",
      "240": "https://img.hhcdn.ru/employer-logo/7163500.png"
    },
    "vacancies_url": "https://api.hh.ru/vacancies?employer_id=3937948",
    "country_id": 1,
    "accredited_it_employer": false,
    "trusted": true
  },
  "snippet": {
    "requirement": "Знание микропроцессорных устройств Sepam, БМРЗ,ТОР. Знание протокола Modbus, языка программирования <highlighttext>C#</highlighttext>. Основы построения защит и выбора установок в сетях...",
    "responsibility": "Выполнять график ППР. Анализ работы релейной защиты. Расчет установок релейной защиты. Составление ремонтных карт и чертежей в программе \"Компас\". "
  },
  "contacts": null,
  "schedule": {
    "id": "fullDay",
    "name": "Полный день"
  },
  "working_days": [],
  "working_time_intervals": [],
  "working_time_modes": [],
  "accept_temporary": false,
  "fly_in_fly_out_duration": [],
  "work_format": [],
  "working_hours": [
    {
      "id": "HOURS_8",
      "name": "8 часов"
    }
  ],
  "work_schedule_by_days": [
    {
      "id": "FIVE_ON_TWO_OFF",
      "name": "5/2"
    }
  ],
  "night_shifts": false,
  "professional_roles": [
    {
      "id": "46",
      "name": "Инженер по эксплуатации"
    }
  ],
  "accept_incomplete_resumes": false,
  "experience": {
    "id": "between1And3",
    "name": "От 1 года до 3 лет"
  },
  "employment": {
    "id": "full",
    "name": "Полная занятость"
  },
  "employment_form": {
    "id": "FULL",
    "name": "Полная"
  },
  "internship": false,
  "adv_response_url": null,
  "is_adv_vacancy": false,
  "adv_context": null
}