{
  "id": "124513587",
  "premium": false,
  "name": "AQA engineer",
  "department": null,
  "has_test": false,
  "response_letter_required": false,
  "area": {
    "id": "1",
    "name": "Москва",
    "url": "https://api.hh.ru/areas/1"
  },
  "salary": null,
  "salary_range": null,
  "type": {
    "id": "open",
    "name": "Открытая"
  },
  "address": {
    "city": "Москва",
    "street": null,
    "building": null,
    "lat": 55.755864,
    "lng": 37.617698,
    "description": null,
    "raw": "Москва",
    "metro": {
      "station_name": "Библиотека им.Ленина",
      "line_name": "Сокольническая",
      "station_id": "1.4",
      "line_id": "1",
      "lat": 55.752123,
      "lng": 37.610388
    },
    "metro_stations": [
      {
        "station_name": "Библиотека им.Ленина",
        "line_name": "Сокольническая",
        "station_id": "1.4",
        "line_id": "1",
        "lat": 55.752123,
        "lng": 37.610388
      },
      {
        "station_name": "Охотный ряд",
        "line_name": "Сокольническая",
        "station_id": "1.98",
        "line_id": "1",
        "lat": 55.757228,
        "lng": 37.615078
      },
      {
        "station_name": "Площадь Революции",
        "line_name": "Арбатско-Покровская",
        "station_id": "3.100",
        "line_id": "3",
        "lat": 55.756741,
        "lng": 37.62236
      },
      {
        "station_name": "Театральная",
        "line_name": "Замоскворецкая",
        "station_id": "2.99",
        "line_id": "2",
        "lat": 55.758808,
        "lng": 37.61768
      }
    ],
    "id": "20666502"
  },
  "response_url": null,
  "sort_point_distance": null,
  "published_at": "2025-11-24T23:51:10+06:00",
  "created_at": "2025-11-24T23:51:10+06:00",
  "archived": false,
  "apply_alternate_url": "https://hh.ru/applicant/vacancy_response?vacancyId=124513587",
  "show_logo_in_search": null,
  "show_contacts": false,
  "insider_interview": null,
  "url": "https://api.hh.ru/vacancies/124513587?host=hh.ru",
  "alternate_url": "https://hh.ru/vacancy/124513587",
  "relations": [],
  "employer": {
    "id": "10901464",
    "name": "Инновационные технологии",
    "url": "https://api.hh.ru/employers/10901464",
    "alternate_url": "https://hh.ru/employer/10901464",
    "logo_urls": {
      "original": "https://img.hhcdn.ru/employer-logo-original-round/6628852.jpeg",
      "90": "https://img.hhcdn.ru/employer-logo-round/6628853.jpeg",
      "240": "https://img.hhcdn.ru/employer-logo-round/6628854.jpeg"
    },
    "vacancies_url": "https://api.hh.ru/vacancies?employer_id=10901464",
    "country_id": 1,
    "accredited_it_employer": false,
    "trusted": true
  },
  "snippet": {
    "requirement": "Знание паттернов автоматизации тестирования. Опыт работы с мануальным тестированием. Опыт создание фреймворка для автоматизации тестирования. Опыт работы с CI\\CD...",
    "responsibility": "Автоматизация тестирования web (опционально мобильных приложений, desktop, тестирование API) используя следующие языки программирования: (<highlighttext>C#</highlighttext>)."
  },
  "contacts": null,
  "schedule": {
    "id": "fullDay",
    "name": "Полный день"
  },
  "working_days": [],
  "working_time_intervals": [],
  "working_time_modes": [],
  "accept_temporary": false,
  "fly_in_fly_out_duration": [],
  "work_format": [],
  "working_hours": [
    {
      "id": "HOURS_8",
      "name": "8 часов"
    }
  ],
  "work_schedule_by_days": [
    {
      "id": "FIVE_ON_TWO_OFF",
      "name": "5/2"
    }
  ],
  "night_shifts": false,
  "professional_roles": [
    {
      "id": "124",
      "name": "Тестировщик"
    }
  ],
  "accept_incomplete_resumes": false,
  "experience": {
    "id": "between3And6",
    "name": "От 3 до 6 лет"
  },
  "employment": {
    "id": "full",
    "name": "Полная занятость"
  },
  "employment_form": {
    "id": "FULL",
    "name": "Полная"
  },
  "internship": false,
  "adv_response_url": null,
  "is_adv_vacancy": false,
  "adv_context": null
}