{
  "id": "124691413",
  "premium": false,
  "name": "Инженер-программист",
  "department": null,
  "has_test": false,
  "response_letter_required": false,
  "area": {
    "id": "3",
    "name": "Екатеринбург",
    "url": "https://api.hh.ru/areas/3"
  },
  "salary": {
    "from": 90000,
    "to": null,
    "currency": "RUR",
    "gross": false
  },
  "salary_range": {
    "from": 90000,
    "to": null,
    "currency": "RUR",
    "gross": false,
    "mode": {
      "id": "MONTH",
      "name": "За месяц"
    },
    "frequency": {
      "id": "TWICE_PER_MONTH",
      "name": "Два раза в месяц"
    }
  },
  "type": {
    "id": "open",
    "name": "Открытая"
  },
  "address": {
    "city": "Екатеринбург",
    "street": "улица Карла Либкнехта",
    "building": "4",
    "lat": 56.836396,
    "lng": 60.613581,
    "description": null,
    "raw": "Екатеринбург, улица Карла Либкнехта, 4",
    "metro": {
      "station_name": "Площадь 1905 года",
      "line_name": "Север-Юг",
      "station_id": "48.266",
      "line_id": "48",
      "lat": 56.837982,
      "lng": 60.59734
    },
    "metro_stations": [
      {
        "station_name": "Площадь 1905 года",
        "line_name": "Север-Юг",
        "station_id": "48.266",
        "line_id": "48",
        "lat": 56.837982,
        "lng": 60.59734
      }
    ],
    "id": "744742"
  },
  "response_url": null,
  "sort_point_distance": null,
  "published_at": "2025-11-30T12:15:45+06:00",
  "created_at": "2025-11-30T12:15:45+06:00",
  "archived": false,
  "apply_alternate_url": "https://hh.ru/applicant/vacancy_response?vacancyId=124691413",
  "show_contacts": false,
  "insider_interview": null,
  "url": "https://api.hh.ru/vacancies/124691413?host=hh.ru",
  "alternate_url": "https://hh.ru/vacancy/124691413",
  "relations": [],
  "employer": {
    "id": "1673284",
    "name": "Прайметалс Текнолоджиз Раша",
    "url": "https://api.hh.ru/employers/1673284",
    "alternate_url": "https://hh.ru/employer/1673284",
    "logo_urls": null,
    "vacancies_url": "https://api.hh.ru/vacancies?employer_id=1673284",
    "country_id": 1,
    "accredited_it_employer": false,
    "trusted": true
  },
  "snippet": {
    "requirement": "Опыт работы по специальности от 3 лет. Знание принципов ООП, платформы <highlighttext>.Net</highlighttext> (<highlighttext>C#</highlighttext>) и СУБД (MS SQL, Oracle). ",
    "responsibility": "Проектирование, разработка и внедрение систем автоматизации процессов на основе <highlighttext>.Net</highlighttext> (<highlighttext>C#</highlighttext>) и MS SQL / Oracle. Наладка и ввод в эксплуатацию..."
  },
  "contacts": null,
  "schedule": {
    "id": "fullDay",
    "name": "Полный день"
  },
  "working_days": [],
  "working_time_intervals": [],
  "working_time_modes": [],
  "accept_temporary": false,
  "fly_in_fly_out_duration": [],
  "work_format": [
    {
      "id": "ON_SITE",
      "name": "На месте работодателя"
    }
  ],
  "working_hours": [
    {
      "id": "HOURS_8",
      "name": "8 часов"
    }
  ],
  "work_schedule_by_days": [
    {
      "id": "FIVE_ON_TWO_OFF",
      "name": "5/2"
    }
  ],
  "night_shifts": false,
  "professional_roles": [
    {
      "id": "96",
      "name": "Программист, разработчик"
    }
  ],
  "accept_incomplete_resumes": false,
  "experience": {
    "id": "between3And6",
    "name": "От 3 до 6 лет"
  },
  "employment": {
    "id": "full",
    "name": "Полная занятость"
  },
  "employment_form": {
    "id": "FULL",
    "name": "Полная"
  },
  "internship": false,
  "adv_response_url": null,
  "is_adv_vacancy": false,
  "adv_context": null
}