{
  "id": "124771096",
  "premium": false,
  "name": "Эксперт (бюро цифрового анализа и подготовки)",
  "department": {
    "id": "3414-3414-tmh",
    "name": "ТМХ Инжиниринг "
  },
  "has_test": false,
  "response_letter_required": false,
  "area": {
    "id": "2041",
    "name": "Мытищи (Московская область)",
    "url": "https://api.hh.ru/areas/2041"
  },
  "salary": null,
  "salary_range": null,
  "type": {
    "id": "open",
    "name": "Открытая"
  },
  "address": {
    "city": "Мытищи",
    "street": "улица Колонцова",
    "building": "4Б/3",
    "lat": 55.90475,
    "lng": 37.75956,
    "description": null,
    "raw": "Мытищи, улица Колонцова, 4Б/3",
    "metro": null,
    "metro_stations": [],
    "id": "16455058"
  },
  "response_url": null,
  "sort_point_distance": null,
  "published_at": "2025-12-23T11:25:53+06:00",
  "created_at": "2025-12-23T11:25:53+06:00",
  "archived": false,
  "apply_alternate_url": "https://hh.ru/applicant/vacancy_response?vacancyId=124771096",
  "branding": {
    "type": "MAKEUP",
    "tariff": null
  },
  "show_logo_in_search": true,
  "show_contacts": false,
  "insider_interview": null,
  "url": "https://api.hh.ru/vacancies/124771096?host=hh.ru",
  "alternate_url": "https://hh.ru/vacancy/124771096",
  "relations": [],
  "employer": {
    "id": "3414",
    "name": "ТрансМашХолдинг, Группа компаний",
    "url": "https://api.hh.ru/employers/3414",
    "alternate_url": "https://hh.ru/employer/3414",
    "logo_urls": {
      "original": "https://img.hhcdn.ru/employer-logo-original-round/3126559.png",
      "90": "https://img.hhcdn.ru/employer-logo-round/3126560.png",
      "240": "https://img.hhcdn.ru/employer-logo-round/3126561.png"
    },
    "vacancies_url": "https://api.hh.ru/vacancies?employer_id=3414",
    "country_id": 1,
    "accredited_it_employer": false,
    "trusted": true
  },
  "snippet": {
    "requirement": "...КОМПАС), PDM-системе (преимущественно IPS). Будет преимуществом: опыт работы с BPMN, навыки программирования на языке <highlighttext>C#</highlighttext>, опыт работы с PowerBI.",
    "responsibility": "Разработка, внедрение и обеспечение выполнения единых правил работы CAD/PLM/ECAD. Организация методического исполнения и контроля интеграции ПО CAD и..."
  },
  "contacts": null,
  "schedule": {
    "id": "fullDay",
    "name": "Полный день"
  },
  "working_days": [],
  "working_time_intervals": [],
  "working_time_modes": [],
  "accept_temporary": false,
  "fly_in_fly_out_duration": [],
  "work_format": [
    {
      "id": "ON_SITE",
      "name": "На месте работодателя"
    }
  ],
  "working_hours": [
    {
      "id": "HOURS_8",
      "name": "8 часов"
    }
  ],
  "work_schedule_by_days": [
    {
      "id": "FIVE_ON_TWO_OFF",
      "name": "5/2"
    }
  ],
  "night_shifts": false,
  "professional_roles": [
    {
      "id": "40",
      "name": "Другое"
    }
  ],
  "accept_incomplete_resumes": false,
  "experience": {
    "id": "between3And6",
    "name": "От 3 до 6 лет"
  },
  "employment": {
    "id": "full",
    "name": "Полная занятость"
  },
  "employment_form": {
    "id": "FULL",
    "name": "Полная"
  },
  "internship": false,
  "adv_response_url": null,
  "is_adv_vacancy": false,
  "adv_context": null
}