{
  "id": "124846195",
  "premium": false,
  "name": "С# разработчик (back-end)",
  "department": null,
  "has_test": true,
  "response_letter_required": false,
  "area": {
    "id": "1",
    "name": "Москва",
    "url": "https://api.hh.ru/areas/1"
  },
  "salary": null,
  "salary_range": null,
  "type": {
    "id": "open",
    "name": "Открытая"
  },
  "address": {
    "city": "Москва",
    "street": "Шумкина",
    "building": "20, стр. 1",
    "lat": 55.78714827237705,
    "lng": 37.67078855748225,
    "description": null,
    "raw": "Москва, Шумкина, 20, стр. 1",
    "metro": {
      "station_name": "Митьково",
      "line_name": "МЦД-3",
      "station_id": "135.852",
      "line_id": "135",
      "lat": 55.786389,
      "lng": 37.6675
    },
    "metro_stations": [
      {
        "station_name": "Митьково",
        "line_name": "МЦД-3",
        "station_id": "135.852",
        "line_id": "135",
        "lat": 55.786389,
        "lng": 37.6675
      },
      {
        "station_name": "Сокольники",
        "line_name": "Сокольническая",
        "station_id": "1.134",
        "line_id": "1",
        "lat": 55.789282,
        "lng": 37.679895
      },
      {
        "station_name": "Сокольники",
        "line_name": "Большая кольцевая линия",
        "station_id": "97.823",
        "line_id": "97",
        "lat": 55.791111,
        "lng": 37.678889
      }
    ],
    "id": "19313890"
  },
  "response_url": null,
  "sort_point_distance": null,
  "published_at": "2025-12-23T20:31:27+06:00",
  "created_at": "2025-12-23T20:31:27+06:00",
  "archived": false,
  "apply_alternate_url": "https://hh.ru/applicant/vacancy_response?vacancyId=124846195",
  "show_contacts": true,
  "insider_interview": null,
  "url": "https://api.hh.ru/vacancies/124846195?host=hh.ru",
  "alternate_url": "https://hh.ru/vacancy/124846195",
  "relations": [],
  "employer": {
    "id": "17688",
    "name": "ЭЛЕКТРОННЫЕ ОФИСНЫЕ СИСТЕМЫ",
    "url": "https://api.hh.ru/employers/17688",
    "alternate_url": "https://hh.ru/employer/17688",
    "logo_urls": null,
    "vacancies_url": "https://api.hh.ru/vacancies?employer_id=17688",
    "country_id": 1,
    "accredited_it_employer": false,
    "trusted": true
  },
  "snippet": {
    "requirement": "<highlighttext>C#</highlighttext>, REST. ASP.Net MVC. POSTGRESQL (написание запросов, оптимизация). Знание принципов создания многопоточных приложений. Опыт оценки и принятия архитектурных решений. ",
    "responsibility": "Разрабатывать новый функционал back-end системы, вносить изменения в существующий функционал. Проводить code-review других разработчиков. Участвовать в принятии технических..."
  },
  "contacts": null,
  "schedule": {
    "id": "fullDay",
    "name": "Полный день"
  },
  "working_days": [],
  "working_time_intervals": [],
  "working_time_modes": [],
  "accept_temporary": false,
  "fly_in_fly_out_duration": [],
  "work_format": [],
  "working_hours": [
    {
      "id": "HOURS_8",
      "name": "8 часов"
    }
  ],
  "work_schedule_by_days": [
    {
      "id": "FIVE_ON_TWO_OFF",
      "name": "5/2"
    }
  ],
  "night_shifts": false,
  "professional_roles": [
    {
      "id": "96",
      "name": "Программист, разработчик"
    }
  ],
  "accept_incomplete_resumes": false,
  "experience": {
    "id": "between1And3",
    "name": "От 1 года до 3 лет"
  },
  "employment": {
    "id": "full",
    "name": "Полная занятость"
  },
  "employment_form": {
    "id": "FULL",
    "name": "Полная"
  },
  "internship": false,
  "adv_response_url": null,
  "is_adv_vacancy": false,
  "adv_context": null
}