{
  "id": "124928305",
  "premium": false,
  "name": "Senior .NET / Optimizely CMS Developer",
  "department": null,
  "has_test": false,
  "response_letter_required": false,
  "area": {
    "id": "1002",
    "name": "Минск",
    "url": "https://api.hh.ru/areas/1002"
  },
  "salary": null,
  "salary_range": null,
  "type": {
    "id": "open",
    "name": "Открытая"
  },
  "address": null,
  "response_url": null,
  "sort_point_distance": null,
  "published_at": "2025-12-04T14:56:06+06:00",
  "created_at": "2025-12-04T14:56:06+06:00",
  "archived": false,
  "apply_alternate_url": "https://hh.ru/applicant/vacancy_response?vacancyId=124928305",
  "show_logo_in_search": null,
  "show_contacts": false,
  "insider_interview": null,
  "url": "https://api.hh.ru/vacancies/124928305?host=hh.ru",
  "alternate_url": "https://hh.ru/vacancy/124928305",
  "relations": [],
  "employer": {
    "id": "1858119",
    "name": "Innowise Group / Фабрика инноваций и решений",
    "url": "https://api.hh.ru/employers/1858119",
    "alternate_url": "https://hh.ru/employer/1858119",
    "logo_urls": {
      "original": "https://img.hhcdn.ru/employer-logo-original-round/3339491.png",
      "90": "https://img.hhcdn.ru/employer-logo-round/3339492.png",
      "240": "https://img.hhcdn.ru/employer-logo-round/3339493.png"
    },
    "vacancies_url": "https://api.hh.ru/vacancies?employer_id=1858119",
    "country_id": 4,
    "accredited_it_employer": false,
    "trusted": true
  },
  "snippet": {
    "requirement": "Опыт работы с <highlighttext>.NET</highlighttext> от 5 лет. Отличное знание <highlighttext>C#</highlighttext> и ASP.NET (MVC). Уверенный опыт разработки WebAPI и интеграций с...",
    "responsibility": "Разработка и поддержка backend-компонентов. Создание и сопровождение контроллеров страниц и блоков. Подготовка моделей представлений (ViewModels). Расширение CMS-механизмов (типы..."
  },
  "contacts": null,
  "schedule": {
    "id": "fullDay",
    "name": "Полный день"
  },
  "working_days": [],
  "working_time_intervals": [],
  "working_time_modes": [],
  "accept_temporary": false,
  "fly_in_fly_out_duration": [],
  "work_format": [
    {
      "id": "ON_SITE",
      "name": "На месте работодателя"
    }
  ],
  "working_hours": [
    {
      "id": "HOURS_8",
      "name": "8 часов"
    }
  ],
  "work_schedule_by_days": [
    {
      "id": "FIVE_ON_TWO_OFF",
      "name": "5/2"
    }
  ],
  "night_shifts": false,
  "professional_roles": [
    {
      "id": "104",
      "name": "Руководитель группы разработки"
    }
  ],
  "accept_incomplete_resumes": false,
  "experience": {
    "id": "between3And6",
    "name": "От 3 до 6 лет"
  },
  "employment": {
    "id": "full",
    "name": "Полная занятость"
  },
  "employment_form": {
    "id": "FULL",
    "name": "Полная"
  },
  "internship": false,
  "adv_response_url": null,
  "is_adv_vacancy": false,
  "adv_context": null
}