{
  "id": "124928342",
  "premium": false,
  "name": "Программист отдела тестирования (С#)",
  "department": null,
  "has_test": false,
  "response_letter_required": false,
  "area": {
    "id": "32",
    "name": "Иваново (Ивановская область)",
    "url": "https://api.hh.ru/areas/32"
  },
  "salary": null,
  "salary_range": null,
  "type": {
    "id": "open",
    "name": "Открытая"
  },
  "address": {
    "city": null,
    "street": null,
    "building": null,
    "lat": 56.97139798417523,
    "lng": 40.971001032739885,
    "description": null,
    "raw": "г. Иваново, ул. Воронина, 5",
    "metro": null,
    "metro_stations": [],
    "id": "201264"
  },
  "response_url": null,
  "sort_point_distance": null,
  "published_at": "2025-11-27T14:56:27+06:00",
  "created_at": "2025-11-27T14:56:27+06:00",
  "archived": false,
  "apply_alternate_url": "https://hh.ru/applicant/vacancy_response?vacancyId=124928342",
  "branding": {
    "type": "MAKEUP",
    "tariff": null
  },
  "show_logo_in_search": true,
  "show_contacts": true,
  "insider_interview": null,
  "url": "https://api.hh.ru/vacancies/124928342?host=hh.ru",
  "alternate_url": "https://hh.ru/vacancy/124928342",
  "relations": [],
  "employer": {
    "id": "114261",
    "name": "Нейрософт",
    "url": "https://api.hh.ru/employers/114261",
    "alternate_url": "https://hh.ru/employer/114261",
    "logo_urls": {
      "original": "https://img.hhcdn.ru/employer-logo-original/1386139.png",
      "90": "https://img.hhcdn.ru/employer-logo/7164343.png",
      "240": "https://img.hhcdn.ru/employer-logo/7164344.png"
    },
    "vacancies_url": "https://api.hh.ru/vacancies?employer_id=114261",
    "country_id": 1,
    "accredited_it_employer": false,
    "trusted": true
  },
  "snippet": {
    "requirement": "...на <highlighttext>С#</highlighttext> от 3 лет. Опыт успешно завершенных проектов. Опыт работы с базами данных. Знание программ: <highlighttext>C#</highlighttext> (WPF, WCF)/<highlighttext>.NET</highlighttext>...",
    "responsibility": "Программы автоналадки. Программы автотестирования требований PRS. Программы управления комплексом по тестированию помехоустойчивости по ЭМС. Работу программы управления роботом измерения магнитного..."
  },
  "contacts": null,
  "schedule": {
    "id": "fullDay",
    "name": "Полный день"
  },
  "working_days": [],
  "working_time_intervals": [],
  "working_time_modes": [],
  "accept_temporary": false,
  "fly_in_fly_out_duration": [],
  "work_format": [
    {
      "id": "ON_SITE",
      "name": "На месте работодателя"
    }
  ],
  "working_hours": [
    {
      "id": "HOURS_8",
      "name": "8 часов"
    }
  ],
  "work_schedule_by_days": [
    {
      "id": "FIVE_ON_TWO_OFF",
      "name": "5/2"
    }
  ],
  "night_shifts": false,
  "professional_roles": [
    {
      "id": "96",
      "name": "Программист, разработчик"
    }
  ],
  "accept_incomplete_resumes": false,
  "experience": {
    "id": "between3And6",
    "name": "От 3 до 6 лет"
  },
  "employment": {
    "id": "full",
    "name": "Полная занятость"
  },
  "employment_form": {
    "id": "FULL",
    "name": "Полная"
  },
  "internship": false,
  "adv_response_url": null,
  "is_adv_vacancy": false,
  "adv_context": null
}