{
  "id": "125069817",
  "premium": false,
  "name": "SQL/T-SQL разработчик",
  "department": null,
  "has_test": false,
  "response_letter_required": false,
  "area": {
    "id": "1",
    "name": "Москва",
    "url": "https://api.hh.ru/areas/1"
  },
  "salary": {
    "from": 300000,
    "to": null,
    "currency": "RUR",
    "gross": false
  },
  "salary_range": {
    "from": 300000,
    "to": null,
    "currency": "RUR",
    "gross": false,
    "mode": {
      "id": "MONTH",
      "name": "За месяц"
    },
    "frequency": null
  },
  "type": {
    "id": "open",
    "name": "Открытая"
  },
  "address": null,
  "response_url": null,
  "sort_point_distance": null,
  "published_at": "2025-12-15T23:04:11+06:00",
  "created_at": "2025-12-15T23:04:11+06:00",
  "archived": false,
  "apply_alternate_url": "https://hh.ru/applicant/vacancy_response?vacancyId=125069817",
  "show_logo_in_search": null,
  "show_contacts": false,
  "insider_interview": null,
  "url": "https://api.hh.ru/vacancies/125069817?host=hh.ru",
  "alternate_url": "https://hh.ru/vacancy/125069817",
  "relations": [],
  "employer": {
    "id": "10452334",
    "name": "IN HOUSE",
    "url": "https://api.hh.ru/employers/10452334",
    "alternate_url": "https://hh.ru/employer/10452334",
    "logo_urls": {
      "original": "https://img.hhcdn.ru/employer-logo-original/1442678.png",
      "90": "https://img.hhcdn.ru/employer-logo/7390336.png",
      "240": "https://img.hhcdn.ru/employer-logo/7390337.png"
    },
    "vacancies_url": "https://api.hh.ru/vacancies?employer_id=10452334",
    "country_id": 1,
    "accredited_it_employer": false,
    "trusted": true
  },
  "snippet": {
    "requirement": "Умение проектировать сложные системы хранения и обработки данных. Базовые знания <highlighttext>C#</highlighttext> (ASP.NET, Blazor). Опыт интеграции через REST API (работа с...",
    "responsibility": "Проектирование, оптимизация и поддержка хранилищ данных на MS SQL. Разработка и модернизация ETL-процессов (SSIS), включая интеграции с использованием решений..."
  },
  "contacts": null,
  "schedule": {
    "id": "fullDay",
    "name": "Полный день"
  },
  "working_days": [],
  "working_time_intervals": [],
  "working_time_modes": [],
  "accept_temporary": false,
  "fly_in_fly_out_duration": [],
  "work_format": [
    {
      "id": "ON_SITE",
      "name": "На месте работодателя"
    },
    {
      "id": "HYBRID",
      "name": "Гибрид"
    }
  ],
  "working_hours": [
    {
      "id": "HOURS_8",
      "name": "8 часов"
    }
  ],
  "work_schedule_by_days": [
    {
      "id": "FIVE_ON_TWO_OFF",
      "name": "5/2"
    }
  ],
  "night_shifts": false,
  "professional_roles": [
    {
      "id": "96",
      "name": "Программист, разработчик"
    }
  ],
  "accept_incomplete_resumes": false,
  "experience": {
    "id": "between3And6",
    "name": "От 3 до 6 лет"
  },
  "employment": {
    "id": "full",
    "name": "Полная занятость"
  },
  "employment_form": {
    "id": "FULL",
    "name": "Полная"
  },
  "internship": false,
  "adv_response_url": null,
  "is_adv_vacancy": false,
  "adv_context": null
}