{
  "id": "125105590",
  "premium": false,
  "name": "Ментор DevOps",
  "department": null,
  "has_test": false,
  "response_letter_required": false,
  "area": {
    "id": "1",
    "name": "Москва",
    "url": "https://api.hh.ru/areas/1"
  },
  "salary": null,
  "salary_range": null,
  "type": {
    "id": "open",
    "name": "Открытая"
  },
  "address": null,
  "response_url": null,
  "sort_point_distance": null,
  "published_at": "2025-12-24T14:50:46+06:00",
  "created_at": "2025-12-24T14:50:46+06:00",
  "archived": false,
  "apply_alternate_url": "https://hh.ru/applicant/vacancy_response?vacancyId=125105590",
  "branding": {
    "type": "MAKEUP",
    "tariff": null
  },
  "show_logo_in_search": true,
  "show_contacts": false,
  "insider_interview": null,
  "url": "https://api.hh.ru/vacancies/125105590?host=hh.ru",
  "alternate_url": "https://hh.ru/vacancy/125105590",
  "relations": [],
  "employer": {
    "id": "1245158",
    "name": "МФК Саммит",
    "url": "https://api.hh.ru/employers/1245158",
    "alternate_url": "https://hh.ru/employer/1245158",
    "logo_urls": {
      "original": "https://img.hhcdn.ru/employer-logo-original-round/3244531.png",
      "90": "https://img.hhcdn.ru/employer-logo-round/3244532.png",
      "240": "https://img.hhcdn.ru/employer-logo-round/3244533.png"
    },
    "vacancies_url": "https://api.hh.ru/vacancies?employer_id=1245158",
    "country_id": 1,
    "accredited_it_employer": true,
    "trusted": true
  },
  "snippet": {
    "requirement": "Навыки, которые нас интересуют: Инфраструктура и оркестрация: Опыт работы с инструментами управления инфраструктурой: Ansible, Terraform, Chef, Puppet. Знание систем оркестрации...",
    "responsibility": "Автоматизация развертывания и управления инфраструктурой. Настройка мониторинга для веб-приложений. Сервисы на <highlighttext>C#</highlighttext>, Docker Swarm, Ubuntu, взаимодействие с Redis, Postgres..."
  },
  "contacts": null,
  "schedule": {
    "id": "remote",
    "name": "Удаленная работа"
  },
  "working_days": [],
  "working_time_intervals": [],
  "working_time_modes": [],
  "accept_temporary": true,
  "fly_in_fly_out_duration": [],
  "work_format": [
    {
      "id": "REMOTE",
      "name": "Удалённо"
    }
  ],
  "working_hours": [
    {
      "id": "FLEXIBLE",
      "name": "По договорённости"
    }
  ],
  "work_schedule_by_days": [
    {
      "id": "FLEXIBLE",
      "name": "Свободный"
    }
  ],
  "night_shifts": false,
  "professional_roles": [
    {
      "id": "160",
      "name": "DevOps-инженер"
    }
  ],
  "accept_incomplete_resumes": false,
  "experience": {
    "id": "moreThan6",
    "name": "Более 6 лет"
  },
  "employment": {
    "id": "project",
    "name": "Проектная работа"
  },
  "employment_form": {
    "id": "PROJECT",
    "name": "Проект"
  },
  "internship": false,
  "adv_response_url": null,
  "is_adv_vacancy": false,
  "adv_context": null
}