{
  "id": "125426038",
  "premium": false,
  "name": "Backend C# / .NET Разработчик (middle, middle+)",
  "department": null,
  "has_test": false,
  "response_letter_required": false,
  "area": {
    "id": "1",
    "name": "Москва",
    "url": "https://api.hh.ru/areas/1"
  },
  "salary": {
    "from": 190000,
    "to": 290000,
    "currency": "RUR",
    "gross": false
  },
  "salary_range": {
    "from": 190000,
    "to": 290000,
    "currency": "RUR",
    "gross": false,
    "mode": {
      "id": "MONTH",
      "name": "За месяц"
    },
    "frequency": {
      "id": "TWICE_PER_MONTH",
      "name": "Два раза в месяц"
    }
  },
  "type": {
    "id": "open",
    "name": "Открытая"
  },
  "address": {
    "city": "Химки",
    "street": "улица Панфилова",
    "building": "21/1",
    "lat": 55.880157,
    "lng": 37.433427,
    "description": null,
    "raw": "Химки, улица Панфилова, 21/1",
    "metro": {
      "station_name": "Беломорская",
      "line_name": "Замоскворецкая",
      "station_id": "2.674",
      "line_id": "2",
      "lat": 55.8651,
      "lng": 37.4764
    },
    "metro_stations": [
      {
        "station_name": "Беломорская",
        "line_name": "Замоскворецкая",
        "station_id": "2.674",
        "line_id": "2",
        "lat": 55.8651,
        "lng": 37.4764
      },
      {
        "station_name": "Левобережная",
        "line_name": "МЦД-3",
        "station_id": "135.844",
        "line_id": "135",
        "lat": 55.886944,
        "lng": 37.468611
      },
      {
        "station_name": "Планерная",
        "line_name": "Таганско-Краснопресненская",
        "station_id": "7.111",
        "line_id": "7",
        "lat": 55.859676,
        "lng": 37.436808
      },
      {
        "station_name": "Химки",
        "line_name": "МЦД-3",
        "station_id": "135.843",
        "line_id": "135",
        "lat": 55.894444,
        "lng": 37.450833
      }
    ],
    "id": "19560594"
  },
  "response_url": null,
  "sort_point_distance": null,
  "published_at": "2025-11-28T19:07:47+06:00",
  "created_at": "2025-11-28T19:07:47+06:00",
  "archived": false,
  "apply_alternate_url": "https://hh.ru/applicant/vacancy_response?vacancyId=125426038",
  "show_logo_in_search": null,
  "show_contacts": true,
  "insider_interview": null,
  "url": "https://api.hh.ru/vacancies/125426038?host=hh.ru",
  "alternate_url": "https://hh.ru/vacancy/125426038",
  "relations": [],
  "employer": {
    "id": "172343",
    "name": "Кадровое агентство Аспект",
    "url": "https://api.hh.ru/employers/172343",
    "alternate_url": "https://hh.ru/employer/172343",
    "logo_urls": {
      "original": "https://img.hhcdn.ru/employer-logo-original/1434804.png",
      "90": "https://img.hhcdn.ru/employer-logo/7358857.png",
      "240": "https://img.hhcdn.ru/employer-logo/7358858.png"
    },
    "vacancies_url": "https://api.hh.ru/vacancies?employer_id=172343",
    "country_id": 1,
    "accredited_it_employer": false,
    "trusted": true
  },
  "snippet": {
    "requirement": "Уверенное знание <highlighttext>C#</highlighttext> и <highlighttext>.Net</highlighttext> 8+ (опыт от 3-х лет). Понимание принципов ООП и основных паттернов проектирования. ",
    "responsibility": "Разработчик современных бизнес-решений для автоматизации работы полевых сотрудников и транспорта (логистика, сервисное обслуживание, доставка, FSM, fleet management). "
  },
  "contacts": null,
  "schedule": {
    "id": "remote",
    "name": "Удаленная работа"
  },
  "working_days": [],
  "working_time_intervals": [],
  "working_time_modes": [],
  "accept_temporary": false,
  "fly_in_fly_out_duration": [],
  "work_format": [
    {
      "id": "REMOTE",
      "name": "Удалённо"
    }
  ],
  "working_hours": [
    {
      "id": "HOURS_8",
      "name": "8 часов"
    }
  ],
  "work_schedule_by_days": [
    {
      "id": "FIVE_ON_TWO_OFF",
      "name": "5/2"
    }
  ],
  "night_shifts": false,
  "professional_roles": [
    {
      "id": "96",
      "name": "Программист, разработчик"
    }
  ],
  "accept_incomplete_resumes": false,
  "experience": {
    "id": "between3And6",
    "name": "От 3 до 6 лет"
  },
  "employment": {
    "id": "full",
    "name": "Полная занятость"
  },
  "employment_form": {
    "id": "FULL",
    "name": "Полная"
  },
  "internship": false,
  "adv_response_url": null,
  "is_adv_vacancy": false,
  "adv_context": null
}