{
  "id": "125618286",
  "premium": false,
  "name": "Разработчик SQL в офис",
  "department": null,
  "has_test": false,
  "response_letter_required": false,
  "area": {
    "id": "2025",
    "name": "Домодедово (Московская область)",
    "url": "https://api.hh.ru/areas/2025"
  },
  "salary": null,
  "salary_range": null,
  "type": {
    "id": "open",
    "name": "Открытая"
  },
  "address": {
    "city": "Домодедово",
    "street": "микрорайон Северный, Логистическая улица",
    "building": "1/6",
    "lat": 55.474056,
    "lng": 37.736761,
    "description": null,
    "raw": "Домодедово, микрорайон Северный, Логистическая улица, 1/6",
    "metro": null,
    "metro_stations": [],
    "id": "5799138"
  },
  "response_url": null,
  "sort_point_distance": null,
  "published_at": "2025-12-24T12:04:27+06:00",
  "created_at": "2025-12-24T12:04:27+06:00",
  "archived": false,
  "apply_alternate_url": "https://hh.ru/applicant/vacancy_response?vacancyId=125618286",
  "branding": {
    "type": "MAKEUP",
    "tariff": null
  },
  "show_logo_in_search": true,
  "show_contacts": false,
  "insider_interview": null,
  "url": "https://api.hh.ru/vacancies/125618286?host=hh.ru",
  "alternate_url": "https://hh.ru/vacancy/125618286",
  "relations": [],
  "employer": {
    "id": "1064652",
    "name": "ЭН. СИ. ЛОГИСТИК",
    "url": "https://api.hh.ru/employers/1064652",
    "alternate_url": "https://hh.ru/employer/1064652",
    "logo_urls": {
      "original": "https://img.hhcdn.ru/employer-logo-original/1385842.png",
      "90": "https://img.hhcdn.ru/employer-logo/7163155.png",
      "240": "https://img.hhcdn.ru/employer-logo/7163156.png"
    },
    "vacancies_url": "https://api.hh.ru/vacancies?employer_id=1064652",
    "country_id": 1,
    "accredited_it_employer": false,
    "trusted": true
  },
  "snippet": {
    "requirement": "Навыки работы с планами запросов. Опыт поддержки и доработки сложного существующего программного кода. Желательно: опыт программирования на языках VB <highlighttext>.NET</highlighttext>...",
    "responsibility": "Разработка и поддержка на уровне БД MS SQL. Написание SQL-запросов и хранимых процедур. Документирование кода разрабатываемых программных продуктов."
  },
  "contacts": null,
  "schedule": {
    "id": "fullDay",
    "name": "Полный день"
  },
  "working_days": [],
  "working_time_intervals": [],
  "working_time_modes": [],
  "accept_temporary": false,
  "fly_in_fly_out_duration": [],
  "work_format": [
    {
      "id": "ON_SITE",
      "name": "На месте работодателя"
    }
  ],
  "working_hours": [
    {
      "id": "HOURS_8",
      "name": "8 часов"
    }
  ],
  "work_schedule_by_days": [
    {
      "id": "FIVE_ON_TWO_OFF",
      "name": "5/2"
    }
  ],
  "night_shifts": false,
  "professional_roles": [
    {
      "id": "156",
      "name": "BI-аналитик, аналитик данных"
    }
  ],
  "accept_incomplete_resumes": true,
  "experience": {
    "id": "between3And6",
    "name": "От 3 до 6 лет"
  },
  "employment": {
    "id": "full",
    "name": "Полная занятость"
  },
  "employment_form": {
    "id": "FULL",
    "name": "Полная"
  },
  "internship": false,
  "adv_response_url": null,
  "is_adv_vacancy": false,
  "adv_context": null
}