{
  "id": "125650209",
  "premium": false,
  "name": "SQL-разработчик",
  "department": null,
  "has_test": false,
  "response_letter_required": false,
  "area": {
    "id": "1",
    "name": "Москва",
    "url": "https://api.hh.ru/areas/1"
  },
  "salary": null,
  "salary_range": null,
  "type": {
    "id": "open",
    "name": "Открытая"
  },
  "address": {
    "city": "Москва",
    "street": "Серпуховско-Тимирязевская линия",
    "building": "метро Тульская",
    "lat": 55.708841,
    "lng": 37.622621,
    "description": null,
    "raw": "Москва, Серпуховско-Тимирязевская линия, метро Тульская",
    "metro": {
      "station_name": "Тульская",
      "line_name": "Серпуховско-Тимирязевская",
      "station_id": "9.142",
      "line_id": "9",
      "lat": 55.70961,
      "lng": 37.622569
    },
    "metro_stations": [
      {
        "station_name": "Тульская",
        "line_name": "Серпуховско-Тимирязевская",
        "station_id": "9.142",
        "line_id": "9",
        "lat": 55.70961,
        "lng": 37.622569
      }
    ],
    "id": "7366527"
  },
  "response_url": null,
  "sort_point_distance": null,
  "published_at": "2025-12-19T20:53:29+06:00",
  "created_at": "2025-12-19T20:53:29+06:00",
  "archived": false,
  "apply_alternate_url": "https://hh.ru/applicant/vacancy_response?vacancyId=125650209",
  "branding": {
    "type": "MAKEUP",
    "tariff": null
  },
  "show_logo_in_search": true,
  "show_contacts": true,
  "insider_interview": null,
  "url": "https://api.hh.ru/vacancies/125650209?host=hh.ru",
  "alternate_url": "https://hh.ru/vacancy/125650209",
  "relations": [],
  "employer": {
    "id": "6007468",
    "name": "metaLead",
    "url": "https://api.hh.ru/employers/6007468",
    "alternate_url": "https://hh.ru/employer/6007468",
    "logo_urls": {
      "original": "https://img.hhcdn.ru/employer-logo-original/1405493.png",
      "90": "https://img.hhcdn.ru/employer-logo/7241640.png",
      "240": "https://img.hhcdn.ru/employer-logo/7241641.png"
    },
    "vacancies_url": "https://api.hh.ru/vacancies?employer_id=6007468",
    "country_id": 1,
    "accredited_it_employer": false,
    "trusted": true
  },
  "snippet": {
    "requirement": "Имеешь опыт создания и развития комплексных OLAP кубов (SSAS), отчётности в BI или SSRS. Знаешь <highlighttext>C#</highlighttext> (ASP.net, Blazor). ",
    "responsibility": "Администрируешь MSSQL (репликация, бекапирование, мониторинг, оптимизация). Возможность «творить» и внедрять новые технологии в компании, где руководство слышит и поощряет предложения. "
  },
  "contacts": null,
  "schedule": {
    "id": "fullDay",
    "name": "Полный день"
  },
  "working_days": [],
  "working_time_intervals": [],
  "working_time_modes": [],
  "accept_temporary": false,
  "fly_in_fly_out_duration": [],
  "work_format": [],
  "working_hours": [
    {
      "id": "HOURS_8",
      "name": "8 часов"
    }
  ],
  "work_schedule_by_days": [
    {
      "id": "FIVE_ON_TWO_OFF",
      "name": "5/2"
    }
  ],
  "night_shifts": false,
  "professional_roles": [
    {
      "id": "96",
      "name": "Программист, разработчик"
    }
  ],
  "accept_incomplete_resumes": false,
  "experience": {
    "id": "between1And3",
    "name": "От 1 года до 3 лет"
  },
  "employment": {
    "id": "full",
    "name": "Полная занятость"
  },
  "employment_form": {
    "id": "FULL",
    "name": "Полная"
  },
  "internship": false,
  "adv_response_url": null,
  "is_adv_vacancy": false,
  "adv_context": null
}