{
  "id": "125744446",
  "premium": false,
  "name": "Инженер-программист (научное подразделение)",
  "department": null,
  "has_test": true,
  "response_letter_required": false,
  "area": {
    "id": "90",
    "name": "Томск",
    "url": "https://api.hh.ru/areas/90"
  },
  "salary": {
    "from": 60000,
    "to": 100000,
    "currency": "RUR",
    "gross": false
  },
  "salary_range": {
    "from": 60000,
    "to": 100000,
    "currency": "RUR",
    "gross": false,
    "mode": {
      "id": "MONTH",
      "name": "За месяц"
    },
    "frequency": {
      "id": "TWICE_PER_MONTH",
      "name": "Два раза в месяц"
    }
  },
  "type": {
    "id": "open",
    "name": "Открытая"
  },
  "address": {
    "city": "Томск",
    "street": "Красноармейская улица",
    "building": "99А",
    "lat": 56.463471,
    "lng": 84.964663,
    "description": null,
    "raw": "Томск, Красноармейская улица, 99А",
    "metro": null,
    "metro_stations": [],
    "id": "626455"
  },
  "response_url": null,
  "sort_point_distance": null,
  "published_at": "2025-12-18T09:25:37+06:00",
  "created_at": "2025-12-18T09:25:37+06:00",
  "archived": false,
  "apply_alternate_url": "https://hh.ru/applicant/vacancy_response?vacancyId=125744446",
  "show_logo_in_search": null,
  "show_contacts": false,
  "insider_interview": null,
  "url": "https://api.hh.ru/vacancies/125744446?host=hh.ru",
  "alternate_url": "https://hh.ru/vacancy/125744446",
  "relations": [],
  "employer": {
    "id": "1066567",
    "name": "Научно-исследовательский институт полупроводниковых приборов",
    "url": "https://api.hh.ru/employers/1066567",
    "alternate_url": "https://hh.ru/employer/1066567",
    "logo_urls": {
      "original": "https://img.hhcdn.ru/employer-logo-original-round/2463752.png",
      "90": "https://img.hhcdn.ru/employer-logo-round/2463753.png",
      "240": "https://img.hhcdn.ru/employer-logo-round/2463754.png"
    },
    "vacancies_url": "https://api.hh.ru/vacancies?employer_id=1066567",
    "country_id": 1,
    "accredited_it_employer": false,
    "trusted": true
  },
  "snippet": {
    "requirement": "Опыт работы: возможно трудоустройство без опыта или стажировка. Требуемые навыки:<highlighttext>.net</highlighttext>8, <highlighttext>С#</highlighttext>, WPF/AvaloniaUI, ООП. Плюсом будет опыт работы...",
    "responsibility": "Работа над программными модулями (backend и/или frontend в зависимости от навыков) для внутреннего проекта производственной информационной системы. "
  },
  "contacts": null,
  "schedule": {
    "id": "fullDay",
    "name": "Полный день"
  },
  "working_days": [],
  "working_time_intervals": [],
  "working_time_modes": [],
  "accept_temporary": false,
  "fly_in_fly_out_duration": [],
  "work_format": [
    {
      "id": "ON_SITE",
      "name": "На месте работодателя"
    }
  ],
  "working_hours": [
    {
      "id": "HOURS_8",
      "name": "8 часов"
    }
  ],
  "work_schedule_by_days": [
    {
      "id": "FIVE_ON_TWO_OFF",
      "name": "5/2"
    }
  ],
  "night_shifts": false,
  "professional_roles": [
    {
      "id": "96",
      "name": "Программист, разработчик"
    }
  ],
  "accept_incomplete_resumes": false,
  "experience": {
    "id": "between1And3",
    "name": "От 1 года до 3 лет"
  },
  "employment": {
    "id": "full",
    "name": "Полная занятость"
  },
  "employment_form": {
    "id": "FULL",
    "name": "Полная"
  },
  "internship": false,
  "adv_response_url": null,
  "is_adv_vacancy": false,
  "adv_context": null
}