{
  "id": "125881720",
  "premium": false,
  "name": "Программист C#",
  "department": null,
  "has_test": false,
  "response_letter_required": false,
  "area": {
    "id": "2",
    "name": "Санкт-Петербург",
    "url": "https://api.hh.ru/areas/2"
  },
  "salary": {
    "from": 120000,
    "to": null,
    "currency": "RUR",
    "gross": true
  },
  "salary_range": {
    "from": 120000,
    "to": null,
    "currency": "RUR",
    "gross": true,
    "mode": {
      "id": "MONTH",
      "name": "За месяц"
    },
    "frequency": null
  },
  "type": {
    "id": "open",
    "name": "Открытая"
  },
  "address": {
    "city": "Санкт-Петербург",
    "street": "улица Швецова",
    "building": "23",
    "lat": 59.89651107788086,
    "lng": 30.28653335571289,
    "description": null,
    "raw": "Санкт-Петербург, улица Швецова, 23",
    "metro": {
      "station_name": "Нарвская",
      "line_name": "Кировско-Выборгская",
      "station_id": "14.204",
      "line_id": "14",
      "lat": 59.901218,
      "lng": 30.274908
    },
    "metro_stations": [
      {
        "station_name": "Нарвская",
        "line_name": "Кировско-Выборгская",
        "station_id": "14.204",
        "line_id": "14",
        "lat": 59.901218,
        "lng": 30.274908
      }
    ],
    "id": "314863"
  },
  "response_url": null,
  "sort_point_distance": null,
  "published_at": "2025-11-27T11:08:35+06:00",
  "created_at": "2025-11-27T11:08:35+06:00",
  "archived": false,
  "apply_alternate_url": "https://hh.ru/applicant/vacancy_response?vacancyId=125881720",
  "show_logo_in_search": null,
  "show_contacts": true,
  "insider_interview": null,
  "url": "https://api.hh.ru/vacancies/125881720?host=hh.ru",
  "alternate_url": "https://hh.ru/vacancy/125881720",
  "relations": [],
  "employer": {
    "id": "233381",
    "name": "КОНТУР-НИИРС",
    "url": "https://api.hh.ru/employers/233381",
    "alternate_url": "https://hh.ru/employer/233381",
    "logo_urls": {
      "original": "https://img.hhcdn.ru/employer-logo-original-round/6674181.jpeg",
      "90": "https://img.hhcdn.ru/employer-logo-round/6674182.jpeg",
      "240": "https://img.hhcdn.ru/employer-logo-round/6674183.jpeg"
    },
    "vacancies_url": "https://api.hh.ru/vacancies?employer_id=233381",
    "country_id": 1,
    "accredited_it_employer": false,
    "trusted": true
  },
  "snippet": {
    "requirement": "Опыт работы программистом – не менее 3х лет. Опыт разработки программного обеспечения на <highlighttext>C#</highlighttext>. Опыт разработки программного обеспечения с использованием...",
    "responsibility": "Разработка программного обеспечения для ПК на платформе.Net с интерфейсом, реализованным на WPF. Отладка и оптимизация программного обеспечения. Взаимодействие с пользователями..."
  },
  "contacts": null,
  "schedule": {
    "id": "fullDay",
    "name": "Полный день"
  },
  "working_days": [],
  "working_time_intervals": [],
  "working_time_modes": [],
  "accept_temporary": false,
  "fly_in_fly_out_duration": [],
  "work_format": [
    {
      "id": "ON_SITE",
      "name": "На месте работодателя"
    }
  ],
  "working_hours": [
    {
      "id": "HOURS_8",
      "name": "8 часов"
    }
  ],
  "work_schedule_by_days": [
    {
      "id": "FIVE_ON_TWO_OFF",
      "name": "5/2"
    }
  ],
  "night_shifts": false,
  "professional_roles": [
    {
      "id": "96",
      "name": "Программист, разработчик"
    }
  ],
  "accept_incomplete_resumes": false,
  "experience": {
    "id": "between3And6",
    "name": "От 3 до 6 лет"
  },
  "employment": {
    "id": "full",
    "name": "Полная занятость"
  },
  "employment_form": {
    "id": "FULL",
    "name": "Полная"
  },
  "internship": false,
  "adv_response_url": null,
  "is_adv_vacancy": false,
  "adv_context": null
}