{
  "id": "125903532",
  "premium": false,
  "name": "Fullstack разработчик C#/.NET",
  "department": null,
  "has_test": false,
  "response_letter_required": false,
  "area": {
    "id": "1",
    "name": "Москва",
    "url": "https://api.hh.ru/areas/1"
  },
  "salary": null,
  "salary_range": null,
  "type": {
    "id": "open",
    "name": "Открытая"
  },
  "address": {
    "city": "Москва",
    "street": "Волоколамское шоссе",
    "building": "75АкК1",
    "lat": 55.822326,
    "lng": 37.426456,
    "description": null,
    "raw": "Москва, Волоколамское шоссе, 75АкК1",
    "metro": {
      "station_name": "Спартак",
      "line_name": "Таганско-Краснопресненская",
      "station_id": "7.507",
      "line_id": "7",
      "lat": 55.8182,
      "lng": 37.4352
    },
    "metro_stations": [
      {
        "station_name": "Спартак",
        "line_name": "Таганско-Краснопресненская",
        "station_id": "7.507",
        "line_id": "7",
        "lat": 55.8182,
        "lng": 37.4352
      },
      {
        "station_name": "Тушинская",
        "line_name": "Таганско-Краснопресненская",
        "station_id": "7.145",
        "line_id": "7",
        "lat": 55.825479,
        "lng": 37.437024
      }
    ],
    "id": "19076557"
  },
  "response_url": null,
  "sort_point_distance": null,
  "published_at": "2025-12-04T18:24:24+06:00",
  "created_at": "2025-12-04T18:24:24+06:00",
  "archived": false,
  "apply_alternate_url": "https://hh.ru/applicant/vacancy_response?vacancyId=125903532",
  "show_logo_in_search": null,
  "show_contacts": true,
  "insider_interview": null,
  "url": "https://api.hh.ru/vacancies/125903532?host=hh.ru",
  "alternate_url": "https://hh.ru/vacancy/125903532",
  "relations": [],
  "employer": {
    "id": "1698057",
    "name": "РТ-ИНФОРМ",
    "url": "https://api.hh.ru/employers/1698057",
    "alternate_url": "https://hh.ru/employer/1698057",
    "logo_urls": {
      "original": "https://img.hhcdn.ru/employer-logo-original-round/3708090.jpeg",
      "90": "https://img.hhcdn.ru/employer-logo-round/3708091.jpeg",
      "240": "https://img.hhcdn.ru/employer-logo-round/3708092.jpeg"
    },
    "vacancies_url": "https://api.hh.ru/vacancies?employer_id=1698057",
    "country_id": 1,
    "accredited_it_employer": true,
    "trusted": true
  },
  "snippet": {
    "requirement": "Опыт работы от 2 лет в качестве разработчика с использованием технологий <highlighttext>.Net</highlighttext>/<highlighttext>C#</highlighttext>, PL/pgSQL, TypeScript, React. Умение самостоятельно проектировать...",
    "responsibility": "Разработка и сопровождение программных решений в области автоматизации документооборота на базе платформы TESSA. Проведение анализа возможности реализации необходимых доработок, подготовка..."
  },
  "contacts": null,
  "schedule": {
    "id": "remote",
    "name": "Удаленная работа"
  },
  "working_days": [],
  "working_time_intervals": [],
  "working_time_modes": [],
  "accept_temporary": false,
  "fly_in_fly_out_duration": [],
  "work_format": [
    {
      "id": "REMOTE",
      "name": "Удалённо"
    }
  ],
  "working_hours": [
    {
      "id": "HOURS_8",
      "name": "8 часов"
    }
  ],
  "work_schedule_by_days": [
    {
      "id": "FIVE_ON_TWO_OFF",
      "name": "5/2"
    }
  ],
  "night_shifts": false,
  "professional_roles": [
    {
      "id": "96",
      "name": "Программист, разработчик"
    }
  ],
  "accept_incomplete_resumes": false,
  "experience": {
    "id": "between3And6",
    "name": "От 3 до 6 лет"
  },
  "employment": {
    "id": "full",
    "name": "Полная занятость"
  },
  "employment_form": {
    "id": "FULL",
    "name": "Полная"
  },
  "internship": false,
  "adv_response_url": null,
  "is_adv_vacancy": false,
  "adv_context": null
}