{
  "id": "125906855",
  "premium": false,
  "name": "Инженер-программист",
  "department": null,
  "has_test": false,
  "response_letter_required": false,
  "area": {
    "id": "66",
    "name": "Нижний Новгород",
    "url": "https://api.hh.ru/areas/66"
  },
  "salary": {
    "from": null,
    "to": 81000,
    "currency": "RUR",
    "gross": true
  },
  "salary_range": {
    "from": null,
    "to": 81000,
    "currency": "RUR",
    "gross": true,
    "mode": {
      "id": "MONTH",
      "name": "За месяц"
    },
    "frequency": {
      "id": "TWICE_PER_MONTH",
      "name": "Два раза в месяц"
    }
  },
  "type": {
    "id": "open",
    "name": "Открытая"
  },
  "address": {
    "city": "Нижний Новгород",
    "street": "улица Звездинка",
    "building": null,
    "lat": 56.316419,
    "lng": 43.997866,
    "description": null,
    "raw": "Нижний Новгород, улица Звездинка",
    "metro": {
      "station_name": "Горьковская",
      "line_name": "Автозаводская",
      "station_id": "50.278",
      "line_id": "50",
      "lat": 56.313933,
      "lng": 43.99482
    },
    "metro_stations": [
      {
        "station_name": "Горьковская",
        "line_name": "Автозаводская",
        "station_id": "50.278",
        "line_id": "50",
        "lat": 56.313933,
        "lng": 43.99482
      }
    ],
    "id": "322121"
  },
  "response_url": null,
  "sort_point_distance": null,
  "published_at": "2025-12-09T10:54:49+06:00",
  "created_at": "2025-12-09T10:54:49+06:00",
  "archived": false,
  "apply_alternate_url": "https://hh.ru/applicant/vacancy_response?vacancyId=125906855",
  "show_logo_in_search": null,
  "show_contacts": false,
  "insider_interview": null,
  "url": "https://api.hh.ru/vacancies/125906855?host=hh.ru",
  "alternate_url": "https://hh.ru/vacancy/125906855",
  "relations": [],
  "employer": {
    "id": "1400150",
    "name": "Газпром трансгаз Нижний Новгород",
    "url": "https://api.hh.ru/employers/1400150",
    "alternate_url": "https://hh.ru/employer/1400150",
    "logo_urls": {
      "original": "https://img.hhcdn.ru/employer-logo-original-round/1017370.png",
      "90": "https://img.hhcdn.ru/employer-logo-round/1017371.png",
      "240": "https://img.hhcdn.ru/employer-logo-round/1017372.png"
    },
    "vacancies_url": "https://api.hh.ru/vacancies?employer_id=1400150",
    "country_id": 1,
    "accredited_it_employer": false,
    "trusted": true
  },
  "snippet": {
    "requirement": "Наличие высшего профильного образования. Опыт работы с языками программирования: <highlighttext>C#</highlighttext>, TypeScript. Опыт работы с базами данных (СУБД Postgresql). ",
    "responsibility": "Разработка и сопровождение СЭД «Тесса». Обработка запросов на оказание ИТ-услуг."
  },
  "contacts": null,
  "schedule": {
    "id": "fullDay",
    "name": "Полный день"
  },
  "working_days": [],
  "working_time_intervals": [],
  "working_time_modes": [],
  "accept_temporary": false,
  "fly_in_fly_out_duration": [],
  "work_format": [
    {
      "id": "ON_SITE",
      "name": "На месте работодателя"
    }
  ],
  "working_hours": [
    {
      "id": "HOURS_8",
      "name": "8 часов"
    }
  ],
  "work_schedule_by_days": [
    {
      "id": "FIVE_ON_TWO_OFF",
      "name": "5/2"
    }
  ],
  "night_shifts": false,
  "professional_roles": [
    {
      "id": "96",
      "name": "Программист, разработчик"
    }
  ],
  "accept_incomplete_resumes": false,
  "experience": {
    "id": "between1And3",
    "name": "От 1 года до 3 лет"
  },
  "employment": {
    "id": "full",
    "name": "Полная занятость"
  },
  "employment_form": {
    "id": "FULL",
    "name": "Полная"
  },
  "internship": false,
  "adv_response_url": null,
  "is_adv_vacancy": false,
  "adv_context": null
}