{
  "id": "125924580",
  "premium": false,
  "name": "Server Software Engineer",
  "department": null,
  "has_test": false,
  "response_letter_required": false,
  "area": {
    "id": "1",
    "name": "Москва",
    "url": "https://api.hh.ru/areas/1"
  },
  "salary": null,
  "salary_range": null,
  "type": {
    "id": "open",
    "name": "Открытая"
  },
  "address": null,
  "response_url": null,
  "sort_point_distance": null,
  "published_at": "2025-12-22T21:33:59+06:00",
  "created_at": "2025-12-22T21:33:59+06:00",
  "archived": false,
  "apply_alternate_url": "https://hh.ru/applicant/vacancy_response?vacancyId=125924580",
  "branding": {
    "type": "MAKEUP",
    "tariff": null
  },
  "show_logo_in_search": true,
  "show_contacts": false,
  "insider_interview": null,
  "url": "https://api.hh.ru/vacancies/125924580?host=hh.ru",
  "alternate_url": "https://hh.ru/vacancy/125924580",
  "relations": [],
  "employer": {
    "id": "851138",
    "name": "Студия Кефир",
    "url": "https://api.hh.ru/employers/851138",
    "alternate_url": "https://hh.ru/employer/851138",
    "logo_urls": {
      "original": "https://img.hhcdn.ru/employer-logo-original-round/6503548.png",
      "90": "https://img.hhcdn.ru/employer-logo-round/6503549.png",
      "240": "https://img.hhcdn.ru/employer-logo-round/6503550.png"
    },
    "vacancies_url": "https://api.hh.ru/vacancies?employer_id=851138",
    "country_id": 1,
    "accredited_it_employer": false,
    "trusted": true
  },
  "snippet": {
    "requirement": "Опыт разработки на языке <highlighttext>С#</highlighttext> от 5 лет. Опыт разработки фреймворков, библиотек или другого переиспользуемого кода от 2 лет. ",
    "responsibility": "Разработка отказоустойчивого, высоконагруженного и масштабируемого серверного фреймворка. Разработка библиотек сетевого и клиент-серверного взаимодействия. Подготовка системной документации совместно с командой..."
  },
  "contacts": null,
  "schedule": {
    "id": "remote",
    "name": "Удаленная работа"
  },
  "working_days": [],
  "working_time_intervals": [],
  "working_time_modes": [],
  "accept_temporary": false,
  "fly_in_fly_out_duration": [],
  "work_format": [
    {
      "id": "REMOTE",
      "name": "Удалённо"
    }
  ],
  "working_hours": [
    {
      "id": "HOURS_8",
      "name": "8 часов"
    }
  ],
  "work_schedule_by_days": [
    {
      "id": "FIVE_ON_TWO_OFF",
      "name": "5/2"
    }
  ],
  "night_shifts": false,
  "professional_roles": [
    {
      "id": "165",
      "name": "Дата-сайентист"
    }
  ],
  "accept_incomplete_resumes": false,
  "experience": {
    "id": "between3And6",
    "name": "От 3 до 6 лет"
  },
  "employment": {
    "id": "full",
    "name": "Полная занятость"
  },
  "employment_form": {
    "id": "FULL",
    "name": "Полная"
  },
  "internship": false,
  "adv_response_url": null,
  "is_adv_vacancy": false,
  "adv_context": null
}