{
  "id": "125979577",
  "premium": false,
  "name": "Инженер по тестированию ПО (офис)",
  "department": null,
  "has_test": false,
  "response_letter_required": false,
  "area": {
    "id": "1",
    "name": "Москва",
    "url": "https://api.hh.ru/areas/1"
  },
  "salary": null,
  "salary_range": null,
  "type": {
    "id": "open",
    "name": "Открытая"
  },
  "address": {
    "city": "Москва",
    "street": "Ленинградский проспект",
    "building": "35с1",
    "lat": 55.789461,
    "lng": 37.551735,
    "description": null,
    "raw": "Москва, Ленинградский проспект, 35с1",
    "metro": {
      "station_name": "Гражданская",
      "line_name": "МЦД-2",
      "station_id": "132.722",
      "line_id": "132",
      "lat": 55.805527,
      "lng": 37.55315
    },
    "metro_stations": [
      {
        "station_name": "Гражданская",
        "line_name": "МЦД-2",
        "station_id": "132.722",
        "line_id": "132",
        "lat": 55.805527,
        "lng": 37.55315
      },
      {
        "station_name": "Динамо",
        "line_name": "Замоскворецкая",
        "station_id": "2.34",
        "line_id": "2",
        "lat": 55.789704,
        "lng": 37.558212
      },
      {
        "station_name": "Петровский парк",
        "line_name": "Большая кольцевая линия",
        "station_id": "97.599",
        "line_id": "97",
        "lat": 55.79233,
        "lng": 37.55952
      },
      {
        "station_name": "ЦСКА",
        "line_name": "Большая кольцевая линия",
        "station_id": "97.600",
        "line_id": "97",
        "lat": 55.78643,
        "lng": 37.53502
      }
    ],
    "id": "21198729"
  },
  "response_url": null,
  "sort_point_distance": null,
  "published_at": "2025-12-23T20:36:19+06:00",
  "created_at": "2025-12-23T20:36:19+06:00",
  "archived": false,
  "apply_alternate_url": "https://hh.ru/applicant/vacancy_response?vacancyId=125979577",
  "branding": {
    "type": "MAKEUP",
    "tariff": null
  },
  "show_logo_in_search": true,
  "show_contacts": false,
  "insider_interview": null,
  "url": "https://api.hh.ru/vacancies/125979577?host=hh.ru",
  "alternate_url": "https://hh.ru/vacancy/125979577",
  "relations": [],
  "employer": {
    "id": "785362",
    "name": "Security Vision",
    "url": "https://api.hh.ru/employers/785362",
    "alternate_url": "https://hh.ru/employer/785362",
    "logo_urls": {
      "original": "https://img.hhcdn.ru/employer-logo-original-round/6604520.png",
      "90": "https://img.hhcdn.ru/employer-logo-round/6604521.png",
      "240": "https://img.hhcdn.ru/employer-logo-round/6604522.png"
    },
    "vacancies_url": "https://api.hh.ru/vacancies?employer_id=785362",
    "country_id": 1,
    "accredited_it_employer": true,
    "trusted": true
  },
  "snippet": {
    "requirement": "Грамотная речь, как письменная, так и устная. Готовность к профессиональному росту. Знание <highlighttext>C#</highlighttext>. Знание JS. Опыт реализации автоматических тестов для...",
    "responsibility": "Тестирование инновационного продукта в области Интеллектуальной безопасности. Взаимодействие с командой разработчиков и аналитиков. Написание тест кейсов к пользовательским историям. "
  },
  "contacts": null,
  "schedule": {
    "id": "fullDay",
    "name": "Полный день"
  },
  "working_days": [],
  "working_time_intervals": [],
  "working_time_modes": [],
  "accept_temporary": false,
  "fly_in_fly_out_duration": [],
  "work_format": [
    {
      "id": "ON_SITE",
      "name": "На месте работодателя"
    }
  ],
  "working_hours": [
    {
      "id": "HOURS_8",
      "name": "8 часов"
    }
  ],
  "work_schedule_by_days": [
    {
      "id": "FIVE_ON_TWO_OFF",
      "name": "5/2"
    }
  ],
  "night_shifts": false,
  "professional_roles": [
    {
      "id": "124",
      "name": "Тестировщик"
    }
  ],
  "accept_incomplete_resumes": false,
  "experience": {
    "id": "between1And3",
    "name": "От 1 года до 3 лет"
  },
  "employment": {
    "id": "full",
    "name": "Полная занятость"
  },
  "employment_form": {
    "id": "FULL",
    "name": "Полная"
  },
  "internship": false,
  "adv_response_url": null,
  "is_adv_vacancy": false,
  "adv_context": null
}