{
  "id": "125961821",
  "premium": false,
  "name": "Программист C#/.Net ( г. Одинцово )",
  "department": null,
  "has_test": false,
  "response_letter_required": false,
  "area": {
    "id": "1",
    "name": "Москва",
    "url": "https://api.hh.ru/areas/1"
  },
  "salary": {
    "from": null,
    "to": 200000,
    "currency": "RUR",
    "gross": true
  },
  "salary_range": {
    "from": null,
    "to": 200000,
    "currency": "RUR",
    "gross": true,
    "mode": {
      "id": "MONTH",
      "name": "За месяц"
    },
    "frequency": null
  },
  "type": {
    "id": "open",
    "name": "Открытая"
  },
  "address": {
    "city": "село Акулово",
    "street": "Новая улица",
    "building": "120с1",
    "lat": 55.662857,
    "lng": 37.22959,
    "description": null,
    "raw": "село Акулово, Новая улица, 120с1",
    "metro": {
      "station_name": "Одинцово",
      "line_name": "МЦД-1",
      "station_id": "131.710",
      "line_id": "131",
      "lat": 55.67798,
      "lng": 37.27773
    },
    "metro_stations": [
      {
        "station_name": "Одинцово",
        "line_name": "МЦД-1",
        "station_id": "131.710",
        "line_id": "131",
        "lat": 55.67798,
        "lng": 37.27773
      }
    ],
    "id": "11687927"
  },
  "response_url": null,
  "sort_point_distance": null,
  "published_at": "2025-11-29T15:45:55+06:00",
  "created_at": "2025-11-29T15:45:55+06:00",
  "archived": false,
  "apply_alternate_url": "https://hh.ru/applicant/vacancy_response?vacancyId=125961821",
  "show_logo_in_search": null,
  "show_contacts": true,
  "insider_interview": null,
  "url": "https://api.hh.ru/vacancies/125961821?host=hh.ru",
  "alternate_url": "https://hh.ru/vacancy/125961821",
  "relations": [],
  "employer": {
    "id": "15307",
    "name": "Международный концерн ДорХан",
    "url": "https://api.hh.ru/employers/15307",
    "alternate_url": "https://hh.ru/employer/15307",
    "logo_urls": {
      "original": "https://img.hhcdn.ru/employer-logo-original-round/1071376.png",
      "90": "https://img.hhcdn.ru/employer-logo-round/1071377.png",
      "240": "https://img.hhcdn.ru/employer-logo-round/1071378.png"
    },
    "vacancies_url": "https://api.hh.ru/vacancies?employer_id=15307",
    "country_id": 1,
    "accredited_it_employer": false,
    "trusted": true
  },
  "snippet": {
    "requirement": "Знание, понимание ООП и паттернов проектирования, знание структуры данных, алгоритмов. - Знание платформы <highlighttext>.Net</highlighttext>, в частности <highlighttext>C#</highlighttext>. - Знание Sql(Оптимизация, написание...",
    "responsibility": "Разработка автоматизированных решений расчета и построения металлоконструкций. - Автоматизация получения чертежей. - Автоматизация получения КМ/КМД."
  },
  "contacts": null,
  "schedule": {
    "id": "fullDay",
    "name": "Полный день"
  },
  "working_days": [],
  "working_time_intervals": [],
  "working_time_modes": [],
  "accept_temporary": false,
  "fly_in_fly_out_duration": [],
  "work_format": [],
  "working_hours": [
    {
      "id": "HOURS_8",
      "name": "8 часов"
    }
  ],
  "work_schedule_by_days": [
    {
      "id": "FIVE_ON_TWO_OFF",
      "name": "5/2"
    }
  ],
  "night_shifts": false,
  "professional_roles": [
    {
      "id": "96",
      "name": "Программист, разработчик"
    }
  ],
  "accept_incomplete_resumes": false,
  "experience": {
    "id": "between1And3",
    "name": "От 1 года до 3 лет"
  },
  "employment": {
    "id": "full",
    "name": "Полная занятость"
  },
  "employment_form": {
    "id": "FULL",
    "name": "Полная"
  },
  "internship": false,
  "adv_response_url": null,
  "is_adv_vacancy": false,
  "adv_context": null
}