{
  "id": "126117340",
  "premium": false,
  "name": ".NET Developer (с AI-экспертизой)",
  "department": null,
  "has_test": false,
  "response_letter_required": false,
  "area": {
    "id": "1002",
    "name": "Минск",
    "url": "https://api.hh.ru/areas/1002"
  },
  "salary": null,
  "salary_range": null,
  "type": {
    "id": "open",
    "name": "Открытая"
  },
  "address": {
    "city": "Минск",
    "street": "проспект Жукова",
    "building": "29",
    "lat": 53.884901,
    "lng": 27.504752,
    "description": null,
    "raw": "Минск, проспект Жукова, 29",
    "metro": {
      "station_name": "Грушевка",
      "line_name": "Московская",
      "station_id": "62.413",
      "line_id": "62",
      "lat": 53.88669,
      "lng": 27.514786
    },
    "metro_stations": [
      {
        "station_name": "Грушевка",
        "line_name": "Московская",
        "station_id": "62.413",
        "line_id": "62",
        "lat": 53.88669,
        "lng": 27.514786
      },
      {
        "station_name": "Институт Культуры",
        "line_name": "Московская",
        "station_id": "62.412",
        "line_id": "62",
        "lat": 53.885899,
        "lng": 27.538852
      },
      {
        "station_name": "Михалово",
        "line_name": "Московская",
        "station_id": "62.414",
        "line_id": "62",
        "lat": 53.876664,
        "lng": 27.49691
      },
      {
        "station_name": "Площадь Франтишка Богушевича",
        "line_name": "Зеленолужская",
        "station_id": "134.798",
        "line_id": "134",
        "lat": 53.896667,
        "lng": 27.538333
      }
    ],
    "id": "19850859"
  },
  "response_url": null,
  "sort_point_distance": null,
  "published_at": "2025-12-02T17:56:45+06:00",
  "created_at": "2025-12-02T17:56:45+06:00",
  "archived": false,
  "apply_alternate_url": "https://hh.ru/applicant/vacancy_response?vacancyId=126117340",
  "show_logo_in_search": null,
  "show_contacts": true,
  "insider_interview": null,
  "url": "https://api.hh.ru/vacancies/126117340?host=hh.ru",
  "alternate_url": "https://hh.ru/vacancy/126117340",
  "relations": [],
  "employer": {
    "id": "1858119",
    "name": "Innowise Group / Фабрика инноваций и решений",
    "url": "https://api.hh.ru/employers/1858119",
    "alternate_url": "https://hh.ru/employer/1858119",
    "logo_urls": {
      "original": "https://img.hhcdn.ru/employer-logo-original-round/3339491.png",
      "90": "https://img.hhcdn.ru/employer-logo-round/3339492.png",
      "240": "https://img.hhcdn.ru/employer-logo-round/3339493.png"
    },
    "vacancies_url": "https://api.hh.ru/vacancies?employer_id=1858119",
    "country_id": 4,
    "accredited_it_employer": false,
    "trusted": true
  },
  "snippet": {
    "requirement": "Опыт работы с <highlighttext>.NET</highlighttext> (<highlighttext>C#</highlighttext>, ASP.NET Core, EF Core). Знание архитектурных подходов (CQRS, MediatR и др.). Опыт работы с реляционными...",
    "responsibility": "Разработка и поддержка приложений на <highlighttext>.NET</highlighttext> (<highlighttext>C#</highlighttext>, ASP.NET Core, EF Core). Проектирование архитектуры и реализация бизнес-логики. Интеграция со сторонними..."
  },
  "contacts": null,
  "schedule": {
    "id": "fullDay",
    "name": "Полный день"
  },
  "working_days": [],
  "working_time_intervals": [],
  "working_time_modes": [],
  "accept_temporary": false,
  "fly_in_fly_out_duration": [],
  "work_format": [],
  "working_hours": [
    {
      "id": "HOURS_8",
      "name": "8 часов"
    }
  ],
  "work_schedule_by_days": [
    {
      "id": "FIVE_ON_TWO_OFF",
      "name": "5/2"
    }
  ],
  "night_shifts": false,
  "professional_roles": [
    {
      "id": "96",
      "name": "Программист, разработчик"
    }
  ],
  "accept_incomplete_resumes": false,
  "experience": {
    "id": "between3And6",
    "name": "От 3 до 6 лет"
  },
  "employment": {
    "id": "full",
    "name": "Полная занятость"
  },
  "employment_form": {
    "id": "FULL",
    "name": "Полная"
  },
  "internship": false,
  "adv_response_url": null,
  "is_adv_vacancy": false,
  "adv_context": null
}