{
  "id": "126167508",
  "premium": false,
  "name": "Программист С# (производственные программы)",
  "department": null,
  "has_test": false,
  "response_letter_required": false,
  "area": {
    "id": "104",
    "name": "Челябинск",
    "url": "https://api.hh.ru/areas/104"
  },
  "salary": null,
  "salary_range": null,
  "type": {
    "id": "open",
    "name": "Открытая"
  },
  "address": {
    "city": "Челябинск",
    "street": "Новоградский проспект",
    "building": "15",
    "lat": 55.175247,
    "lng": 61.267106,
    "description": null,
    "raw": "Челябинск, Новоградский проспект, 15",
    "metro": null,
    "metro_stations": [],
    "id": "844888"
  },
  "response_url": null,
  "sort_point_distance": null,
  "published_at": "2025-12-01T15:59:28+06:00",
  "created_at": "2025-12-01T15:59:28+06:00",
  "archived": false,
  "apply_alternate_url": "https://hh.ru/applicant/vacancy_response?vacancyId=126167508",
  "branding": {
    "type": "MAKEUP",
    "tariff": null
  },
  "show_logo_in_search": true,
  "show_contacts": true,
  "insider_interview": null,
  "url": "https://api.hh.ru/vacancies/126167508?host=hh.ru",
  "alternate_url": "https://hh.ru/vacancy/126167508",
  "relations": [],
  "employer": {
    "id": "32575",
    "name": "Метран, Промышленная группа",
    "url": "https://api.hh.ru/employers/32575",
    "alternate_url": "https://hh.ru/employer/32575",
    "logo_urls": {
      "original": "https://img.hhcdn.ru/employer-logo-original-round/6423128.png",
      "90": "https://img.hhcdn.ru/employer-logo-round/6423129.png",
      "240": "https://img.hhcdn.ru/employer-logo-round/6423130.png"
    },
    "vacancies_url": "https://api.hh.ru/vacancies?employer_id=32575",
    "country_id": 1,
    "accredited_it_employer": false,
    "trusted": true
  },
  "snippet": {
    "requirement": "Высшее техническое образование (приборостроение / информатика / т.п.). Знание <highlighttext>С#</highlighttext>, WinForms, Entity Framework, MS Visual Studio, SQL, Microsoft SQL Management Studio...",
    "responsibility": "Разработка ПО для автоматического управления технологическим оборудованием, работа с базами данных, модернизация существующего ПО. Уточнение деталей технического задания с заказчиками..."
  },
  "contacts": null,
  "schedule": {
    "id": "fullDay",
    "name": "Полный день"
  },
  "working_days": [],
  "working_time_intervals": [],
  "working_time_modes": [],
  "accept_temporary": false,
  "fly_in_fly_out_duration": [],
  "work_format": [
    {
      "id": "ON_SITE",
      "name": "На месте работодателя"
    }
  ],
  "working_hours": [
    {
      "id": "HOURS_8",
      "name": "8 часов"
    }
  ],
  "work_schedule_by_days": [
    {
      "id": "FIVE_ON_TWO_OFF",
      "name": "5/2"
    }
  ],
  "night_shifts": false,
  "professional_roles": [
    {
      "id": "96",
      "name": "Программист, разработчик"
    }
  ],
  "accept_incomplete_resumes": false,
  "experience": {
    "id": "between3And6",
    "name": "От 3 до 6 лет"
  },
  "employment": {
    "id": "full",
    "name": "Полная занятость"
  },
  "employment_form": {
    "id": "FULL",
    "name": "Полная"
  },
  "internship": false,
  "adv_response_url": null,
  "is_adv_vacancy": false,
  "adv_context": null
}