{
  "id": "126171114",
  "premium": false,
  "name": "Senior backend developer C#/.NET",
  "department": null,
  "has_test": false,
  "response_letter_required": false,
  "area": {
    "id": "1",
    "name": "Москва",
    "url": "https://api.hh.ru/areas/1"
  },
  "salary": null,
  "salary_range": null,
  "type": {
    "id": "open",
    "name": "Открытая"
  },
  "address": null,
  "response_url": null,
  "sort_point_distance": null,
  "published_at": "2025-12-05T14:01:46+06:00",
  "created_at": "2025-12-05T14:01:46+06:00",
  "archived": false,
  "apply_alternate_url": "https://hh.ru/applicant/vacancy_response?vacancyId=126171114",
  "branding": {
    "type": "MAKEUP",
    "tariff": null
  },
  "show_logo_in_search": true,
  "show_contacts": false,
  "insider_interview": null,
  "url": "https://api.hh.ru/vacancies/126171114?host=hh.ru",
  "alternate_url": "https://hh.ru/vacancy/126171114",
  "relations": [],
  "employer": {
    "id": "4488077",
    "name": "LIFE PAY",
    "url": "https://api.hh.ru/employers/4488077",
    "alternate_url": "https://hh.ru/employer/4488077",
    "logo_urls": {
      "original": "https://img.hhcdn.ru/employer-logo-original-round/6842505.png",
      "90": "https://img.hhcdn.ru/employer-logo-round/6842506.png",
      "240": "https://img.hhcdn.ru/employer-logo-round/6842507.png"
    },
    "vacancies_url": "https://api.hh.ru/vacancies?employer_id=4488077",
    "country_id": 1,
    "accredited_it_employer": true,
    "trusted": true
  },
  "snippet": {
    "requirement": "Глубокие знания <highlighttext>C#</highlighttext> версии 10-12 (Основы, Linq, Asynchronous programming, Reflection, Expressions, async/await). Уверенное владение <highlighttext>.NET</highlighttext> (версия 6-9). ",
    "responsibility": "Разработка и проектирование микросервисов на <highlighttext>C#</highlighttext>/<highlighttext>.NET</highlighttext>, с перспективой реализации новых сервисов на Go. Разработка бизнес-логики продукта. "
  },
  "contacts": null,
  "schedule": {
    "id": "remote",
    "name": "Удаленная работа"
  },
  "working_days": [],
  "working_time_intervals": [],
  "working_time_modes": [],
  "accept_temporary": false,
  "fly_in_fly_out_duration": [],
  "work_format": [
    {
      "id": "REMOTE",
      "name": "Удалённо"
    }
  ],
  "working_hours": [
    {
      "id": "HOURS_8",
      "name": "8 часов"
    }
  ],
  "work_schedule_by_days": [
    {
      "id": "FIVE_ON_TWO_OFF",
      "name": "5/2"
    }
  ],
  "night_shifts": false,
  "professional_roles": [
    {
      "id": "96",
      "name": "Программист, разработчик"
    }
  ],
  "accept_incomplete_resumes": false,
  "experience": {
    "id": "moreThan6",
    "name": "Более 6 лет"
  },
  "employment": {
    "id": "full",
    "name": "Полная занятость"
  },
  "employment_form": {
    "id": "FULL",
    "name": "Полная"
  },
  "internship": false,
  "adv_response_url": null,
  "is_adv_vacancy": false,
  "adv_context": null
}