{
  "id": "126107144",
  "premium": false,
  "name": "Младший разработчик .NET",
  "department": null,
  "has_test": false,
  "response_letter_required": false,
  "area": {
    "id": "1",
    "name": "Москва",
    "url": "https://api.hh.ru/areas/1"
  },
  "salary": null,
  "salary_range": null,
  "type": {
    "id": "open",
    "name": "Открытая"
  },
  "address": {
    "city": "Москва",
    "street": "Волочаевская улица",
    "building": "5/1",
    "lat": 55.75438,
    "lng": 37.681416,
    "description": null,
    "raw": "Москва, Волочаевская улица, 5/1",
    "metro": {
      "station_name": "Площадь Ильича",
      "line_name": "Калининская",
      "station_id": "8.112",
      "line_id": "8",
      "lat": 55.747115,
      "lng": 37.680726
    },
    "metro_stations": [
      {
        "station_name": "Площадь Ильича",
        "line_name": "Калининская",
        "station_id": "8.112",
        "line_id": "8",
        "lat": 55.747115,
        "lng": 37.680726
      },
      {
        "station_name": "Римская",
        "line_name": "Люблинско-Дмитровская",
        "station_id": "10.113",
        "line_id": "10",
        "lat": 55.747027,
        "lng": 37.679996
      }
    ],
    "id": "30199"
  },
  "response_url": null,
  "sort_point_distance": null,
  "published_at": "2025-11-27T20:02:29+06:00",
  "created_at": "2025-11-27T20:02:29+06:00",
  "archived": false,
  "apply_alternate_url": "https://hh.ru/applicant/vacancy_response?vacancyId=126107144",
  "branding": {
    "type": "MAKEUP",
    "tariff": null
  },
  "show_logo_in_search": true,
  "show_contacts": false,
  "insider_interview": null,
  "url": "https://api.hh.ru/vacancies/126107144?host=hh.ru",
  "alternate_url": "https://hh.ru/vacancy/126107144",
  "relations": [],
  "employer": {
    "id": "2987",
    "name": "КРОК",
    "url": "https://api.hh.ru/employers/2987",
    "alternate_url": "https://hh.ru/employer/2987",
    "logo_urls": {
      "original": "https://img.hhcdn.ru/employer-logo-original-round/1555612.png",
      "90": "https://img.hhcdn.ru/employer-logo-round/1555613.png",
      "240": "https://img.hhcdn.ru/employer-logo-round/1555614.png"
    },
    "vacancies_url": "https://api.hh.ru/vacancies?employer_id=2987",
    "country_id": 1,
    "accredited_it_employer": true,
    "trusted": true
  },
  "snippet": {
    "requirement": "Опыт написания приложений на платформе <highlighttext>.NET</highlighttext>. Базовые знания по <highlighttext>C#</highlighttext> и SQL/NoSQL. Опыт работы с EF Core и LINQ. ",
    "responsibility": "Разработка «бизнес процессов» в нотации BPMN. Разработка серверной бизнес логики <highlighttext>C#</highlighttext> + MS SQL (70% работы), либо оптимизация существующей, а..."
  },
  "contacts": null,
  "schedule": {
    "id": "fullDay",
    "name": "Полный день"
  },
  "working_days": [],
  "working_time_intervals": [],
  "working_time_modes": [],
  "accept_temporary": false,
  "fly_in_fly_out_duration": [],
  "work_format": [
    {
      "id": "HYBRID",
      "name": "Гибрид"
    }
  ],
  "working_hours": [
    {
      "id": "HOURS_8",
      "name": "8 часов"
    }
  ],
  "work_schedule_by_days": [
    {
      "id": "FIVE_ON_TWO_OFF",
      "name": "5/2"
    }
  ],
  "night_shifts": false,
  "professional_roles": [
    {
      "id": "96",
      "name": "Программист, разработчик"
    }
  ],
  "accept_incomplete_resumes": false,
  "experience": {
    "id": "between1And3",
    "name": "От 1 года до 3 лет"
  },
  "employment": {
    "id": "full",
    "name": "Полная занятость"
  },
  "employment_form": {
    "id": "FULL",
    "name": "Полная"
  },
  "internship": false,
  "adv_response_url": null,
  "is_adv_vacancy": false,
  "adv_context": null
}