{
  "id": "126242471",
  "premium": false,
  "name": ".NET Developer (Mobile)",
  "department": {
    "id": "778329-778329-01",
    "name": "А1. Информационные технологии, телеком"
  },
  "has_test": true,
  "response_letter_required": false,
  "area": {
    "id": "1002",
    "name": "Минск",
    "url": "https://api.hh.ru/areas/1002"
  },
  "salary": null,
  "salary_range": null,
  "type": {
    "id": "open",
    "name": "Открытая"
  },
  "address": {
    "city": "Минск",
    "street": "Интернациональная улица",
    "building": "36",
    "lat": 53.904554,
    "lng": 27.561642,
    "description": null,
    "raw": "Минск, Интернациональная улица, 36",
    "metro": {
      "station_name": "Купаловская",
      "line_name": "Автозаводская",
      "station_id": "63.423",
      "line_id": "63",
      "lat": 53.901408,
      "lng": 27.561247
    },
    "metro_stations": [
      {
        "station_name": "Купаловская",
        "line_name": "Автозаводская",
        "station_id": "63.423",
        "line_id": "63",
        "lat": 53.901408,
        "lng": 27.561247
      },
      {
        "station_name": "Октябрьская",
        "line_name": "Московская",
        "station_id": "62.410",
        "line_id": "62",
        "lat": 53.901562,
        "lng": 27.561068
      }
    ],
    "id": "19056762"
  },
  "response_url": null,
  "sort_point_distance": null,
  "published_at": "2025-12-06T15:12:33+06:00",
  "created_at": "2025-12-06T15:12:33+06:00",
  "archived": false,
  "apply_alternate_url": "https://hh.ru/applicant/vacancy_response?vacancyId=126242471",
  "branding": {
    "type": "MAKEUP",
    "tariff": null
  },
  "show_logo_in_search": true,
  "show_contacts": false,
  "insider_interview": null,
  "url": "https://api.hh.ru/vacancies/126242471?host=hh.ru",
  "alternate_url": "https://hh.ru/vacancy/126242471",
  "relations": [],
  "employer": {
    "id": "778329",
    "name": "А1 (Унитарное предприятие А1)",
    "url": "https://api.hh.ru/employers/778329",
    "alternate_url": "https://hh.ru/employer/778329",
    "logo_urls": {
      "original": "https://img.hhcdn.ru/employer-logo-original-round/3136387.png",
      "90": "https://img.hhcdn.ru/employer-logo-round/3136388.png",
      "240": "https://img.hhcdn.ru/employer-logo-round/3136389.png"
    },
    "vacancies_url": "https://api.hh.ru/vacancies?employer_id=778329",
    "country_id": 4,
    "accredited_it_employer": false,
    "trusted": true
  },
  "snippet": {
    "requirement": "Over 4 years of experience in <highlighttext>.NET</highlighttext> (<highlighttext>C#</highlighttext>) development. Proficient in DevExpress. Familiarity with mobile iOS development (Swift, Xamarin) is...",
    "responsibility": "Developing Workforce Management (WFM) platform. Continuously discover, evaluate, and implement new technologies to maximize development efficiency. Preparing estimates for new..."
  },
  "contacts": null,
  "schedule": {
    "id": "fullDay",
    "name": "Полный день"
  },
  "working_days": [],
  "working_time_intervals": [],
  "working_time_modes": [],
  "accept_temporary": false,
  "fly_in_fly_out_duration": [],
  "work_format": [
    {
      "id": "HYBRID",
      "name": "Гибрид"
    }
  ],
  "working_hours": [
    {
      "id": "HOURS_8",
      "name": "8 часов"
    }
  ],
  "work_schedule_by_days": [
    {
      "id": "FIVE_ON_TWO_OFF",
      "name": "5/2"
    }
  ],
  "night_shifts": false,
  "professional_roles": [
    {
      "id": "96",
      "name": "Программист, разработчик"
    }
  ],
  "accept_incomplete_resumes": false,
  "experience": {
    "id": "between3And6",
    "name": "От 3 до 6 лет"
  },
  "employment": {
    "id": "full",
    "name": "Полная занятость"
  },
  "employment_form": {
    "id": "FULL",
    "name": "Полная"
  },
  "internship": false,
  "adv_response_url": null,
  "is_adv_vacancy": false,
  "adv_context": null
}