{
  "id": "126237825",
  "premium": false,
  "name": "Fullstack-разработчик C#/.NET (офис, Минск) сервиса mongo.by",
  "department": null,
  "has_test": false,
  "response_letter_required": false,
  "area": {
    "id": "1002",
    "name": "Минск",
    "url": "https://api.hh.ru/areas/1002"
  },
  "salary": null,
  "salary_range": null,
  "type": {
    "id": "open",
    "name": "Открытая"
  },
  "address": {
    "city": "Минск",
    "street": "Домбровская улица",
    "building": "9",
    "lat": 53.911333,
    "lng": 27.454563,
    "description": null,
    "raw": "Минск, Домбровская улица, 9",
    "metro": {
      "station_name": "Кунцевщина",
      "line_name": "Автозаводская",
      "station_id": "63.417",
      "line_id": "63",
      "lat": 53.906236,
      "lng": 27.453916
    },
    "metro_stations": [
      {
        "station_name": "Кунцевщина",
        "line_name": "Автозаводская",
        "station_id": "63.417",
        "line_id": "63",
        "lat": 53.906236,
        "lng": 27.453916
      }
    ],
    "id": "17771329"
  },
  "response_url": null,
  "sort_point_distance": null,
  "published_at": "2025-12-06T14:47:58+06:00",
  "created_at": "2025-12-06T14:47:58+06:00",
  "archived": false,
  "apply_alternate_url": "https://hh.ru/applicant/vacancy_response?vacancyId=126237825",
  "show_logo_in_search": null,
  "show_contacts": true,
  "insider_interview": null,
  "url": "https://api.hh.ru/vacancies/126237825?host=hh.ru",
  "alternate_url": "https://hh.ru/vacancy/126237825",
  "relations": [],
  "employer": {
    "id": "1588099",
    "name": "ТриИнком",
    "url": "https://api.hh.ru/employers/1588099",
    "alternate_url": "https://hh.ru/employer/1588099",
    "logo_urls": {
      "original": "https://img.hhcdn.ru/employer-logo-original-round/6609788.png",
      "90": "https://img.hhcdn.ru/employer-logo-round/6609789.png",
      "240": "https://img.hhcdn.ru/employer-logo-round/6609790.png"
    },
    "vacancies_url": "https://api.hh.ru/vacancies?employer_id=1588099",
    "country_id": 4,
    "accredited_it_employer": false,
    "trusted": true
  },
  "snippet": {
    "requirement": "Опыт работы с веб-инфраструктурой. Специализированное образование. Владение: <highlighttext>C#</highlighttext>, NET Core, PostgreSQL, CSS, JS, HTML, ООП, API, Git. ",
    "responsibility": "Проектировать и разрабатывать программный код. Выявлять и устранять проблемы функционирования. Консультировать сотрудников по функционированию."
  },
  "contacts": null,
  "schedule": {
    "id": "fullDay",
    "name": "Полный день"
  },
  "working_days": [],
  "working_time_intervals": [],
  "working_time_modes": [],
  "accept_temporary": false,
  "fly_in_fly_out_duration": [],
  "work_format": [
    {
      "id": "ON_SITE",
      "name": "На месте работодателя"
    }
  ],
  "working_hours": [
    {
      "id": "HOURS_8",
      "name": "8 часов"
    }
  ],
  "work_schedule_by_days": [
    {
      "id": "FIVE_ON_TWO_OFF",
      "name": "5/2"
    }
  ],
  "night_shifts": false,
  "professional_roles": [
    {
      "id": "96",
      "name": "Программист, разработчик"
    }
  ],
  "accept_incomplete_resumes": false,
  "experience": {
    "id": "noExperience",
    "name": "Нет опыта"
  },
  "employment": {
    "id": "full",
    "name": "Полная занятость"
  },
  "employment_form": {
    "id": "FULL",
    "name": "Полная"
  },
  "internship": false,
  "adv_response_url": null,
  "is_adv_vacancy": false,
  "adv_context": null
}