{
  "id": "126288448",
  "premium": false,
  "name": "Senior QA automation Python",
  "department": null,
  "has_test": false,
  "response_letter_required": false,
  "area": {
    "id": "2",
    "name": "Санкт-Петербург",
    "url": "https://api.hh.ru/areas/2"
  },
  "salary": null,
  "salary_range": null,
  "type": {
    "id": "open",
    "name": "Открытая"
  },
  "address": null,
  "response_url": null,
  "sort_point_distance": null,
  "published_at": "2025-12-04T11:58:16+06:00",
  "created_at": "2025-12-04T11:58:16+06:00",
  "archived": false,
  "apply_alternate_url": "https://hh.ru/applicant/vacancy_response?vacancyId=126288448",
  "branding": {
    "type": "MAKEUP",
    "tariff": null
  },
  "show_logo_in_search": true,
  "show_contacts": true,
  "insider_interview": null,
  "url": "https://api.hh.ru/vacancies/126288448?host=hh.ru",
  "alternate_url": "https://hh.ru/vacancy/126288448",
  "relations": [],
  "employer": {
    "id": "5425152",
    "name": "Maxim technology",
    "url": "https://api.hh.ru/employers/5425152",
    "alternate_url": "https://hh.ru/employer/5425152",
    "logo_urls": {
      "original": "https://img.hhcdn.ru/employer-logo-original/1427824.png",
      "90": "https://img.hhcdn.ru/employer-logo/7330945.png",
      "240": "https://img.hhcdn.ru/employer-logo/7330946.png"
    },
    "vacancies_url": "https://api.hh.ru/vacancies?employer_id=5425152",
    "country_id": 1,
    "accredited_it_employer": true,
    "trusted": true
  },
  "snippet": {
    "requirement": "Имеете опыт автоматизации тестирования REST API. Понимание принципов REST, валидации ответов, работы с HTTP-методами и статус-кодами. ",
    "responsibility": "Поддержка, рефакторинг и оптимизация существующей кодовой базы. Интеграционное тестирование <highlighttext>C#</highlighttext>-сервиса: Взаимодействие с разработчиками и тестировщиками, участие в обсуждении архитектуры..."
  },
  "contacts": null,
  "schedule": {
    "id": "remote",
    "name": "Удаленная работа"
  },
  "working_days": [],
  "working_time_intervals": [],
  "working_time_modes": [],
  "accept_temporary": false,
  "fly_in_fly_out_duration": [],
  "work_format": [
    {
      "id": "ON_SITE",
      "name": "На месте работодателя"
    },
    {
      "id": "REMOTE",
      "name": "Удалённо"
    },
    {
      "id": "HYBRID",
      "name": "Гибрид"
    }
  ],
  "working_hours": [
    {
      "id": "HOURS_8",
      "name": "8 часов"
    }
  ],
  "work_schedule_by_days": [
    {
      "id": "FIVE_ON_TWO_OFF",
      "name": "5/2"
    }
  ],
  "night_shifts": false,
  "professional_roles": [
    {
      "id": "124",
      "name": "Тестировщик"
    }
  ],
  "accept_incomplete_resumes": false,
  "experience": {
    "id": "between3And6",
    "name": "От 3 до 6 лет"
  },
  "employment": {
    "id": "full",
    "name": "Полная занятость"
  },
  "employment_form": {
    "id": "FULL",
    "name": "Полная"
  },
  "internship": false,
  "adv_response_url": null,
  "is_adv_vacancy": false,
  "adv_context": null
}