{
  "id": "126352192",
  "premium": false,
  "name": "Начальник отдела разработки программного обеспечения",
  "department": null,
  "has_test": false,
  "response_letter_required": false,
  "area": {
    "id": "1",
    "name": "Москва",
    "url": "https://api.hh.ru/areas/1"
  },
  "salary": null,
  "salary_range": null,
  "type": {
    "id": "open",
    "name": "Открытая"
  },
  "address": {
    "city": "Москва",
    "street": "Орликов переулок",
    "building": "5с1",
    "lat": 55.772102,
    "lng": 37.650675,
    "description": null,
    "raw": "Москва, Орликов переулок, 5с1",
    "metro": {
      "station_name": "Красные ворота",
      "line_name": "Сокольническая",
      "station_id": "1.61",
      "line_id": "1",
      "lat": 55.768307,
      "lng": 37.6478
    },
    "metro_stations": [
      {
        "station_name": "Красные ворота",
        "line_name": "Сокольническая",
        "station_id": "1.61",
        "line_id": "1",
        "lat": 55.768307,
        "lng": 37.6478
      }
    ],
    "id": "160181"
  },
  "response_url": null,
  "sort_point_distance": null,
  "published_at": "2025-12-23T13:52:00+06:00",
  "created_at": "2025-12-23T13:52:00+06:00",
  "archived": false,
  "apply_alternate_url": "https://hh.ru/applicant/vacancy_response?vacancyId=126352192",
  "show_logo_in_search": null,
  "show_contacts": false,
  "insider_interview": null,
  "url": "https://api.hh.ru/vacancies/126352192?host=hh.ru",
  "alternate_url": "https://hh.ru/vacancy/126352192",
  "relations": [],
  "employer": {
    "id": "143439",
    "name": "НИИАС",
    "url": "https://api.hh.ru/employers/143439",
    "alternate_url": "https://hh.ru/employer/143439",
    "logo_urls": {
      "original": "https://img.hhcdn.ru/employer-logo-original/1393820.png",
      "90": "https://img.hhcdn.ru/employer-logo/7195063.png",
      "240": "https://img.hhcdn.ru/employer-logo/7195064.png"
    },
    "vacancies_url": "https://api.hh.ru/vacancies?employer_id=143439",
    "country_id": 1,
    "accredited_it_employer": false,
    "trusted": true
  },
  "snippet": {
    "requirement": "Глубокие знания одного или нескольких языков программирования node.js, (NestJS) vue.js (vue3 Composition), TS, <highlighttext>C#</highlighttext>, asp.net. Опыт работы с современными...",
    "responsibility": "Управлять продуктом и планировать работы команды (разработчики, тестировщики). Участвовать в построении процессов быстрой качественной разработки, контроль выполнения процесса разработки. "
  },
  "contacts": null,
  "schedule": {
    "id": "fullDay",
    "name": "Полный день"
  },
  "working_days": [],
  "working_time_intervals": [],
  "working_time_modes": [],
  "accept_temporary": false,
  "fly_in_fly_out_duration": [],
  "work_format": [],
  "working_hours": [
    {
      "id": "HOURS_8",
      "name": "8 часов"
    }
  ],
  "work_schedule_by_days": [
    {
      "id": "FIVE_ON_TWO_OFF",
      "name": "5/2"
    }
  ],
  "night_shifts": false,
  "professional_roles": [
    {
      "id": "104",
      "name": "Руководитель группы разработки"
    }
  ],
  "accept_incomplete_resumes": false,
  "experience": {
    "id": "between3And6",
    "name": "От 3 до 6 лет"
  },
  "employment": {
    "id": "full",
    "name": "Полная занятость"
  },
  "employment_form": {
    "id": "FULL",
    "name": "Полная"
  },
  "internship": false,
  "adv_response_url": null,
  "is_adv_vacancy": false,
  "adv_context": null
}