{
  "id": "126426659",
  "premium": false,
  "name": "Преподаватель С# WinForm",
  "department": null,
  "has_test": false,
  "response_letter_required": false,
  "area": {
    "id": "2",
    "name": "Санкт-Петербург",
    "url": "https://api.hh.ru/areas/2"
  },
  "salary": {
    "from": null,
    "to": 55000,
    "currency": "RUR",
    "gross": true
  },
  "salary_range": {
    "from": null,
    "to": 55000,
    "currency": "RUR",
    "gross": true,
    "mode": {
      "id": "MONTH",
      "name": "За месяц"
    },
    "frequency": {
      "id": "TWICE_PER_MONTH",
      "name": "Два раза в месяц"
    }
  },
  "type": {
    "id": "open",
    "name": "Открытая"
  },
  "address": {
    "city": "Санкт-Петербург",
    "street": "Гаккелевская улица",
    "building": "19",
    "lat": 59.999453,
    "lng": 30.255636,
    "description": null,
    "raw": "Санкт-Петербург, Гаккелевская улица, 19",
    "metro": {
      "station_name": "Комендантский проспект",
      "line_name": "Фрунзенско-Приморская",
      "station_id": "18.245",
      "line_id": "18",
      "lat": 60.008591,
      "lng": 30.258663
    },
    "metro_stations": [
      {
        "station_name": "Комендантский проспект",
        "line_name": "Фрунзенско-Приморская",
        "station_id": "18.245",
        "line_id": "18",
        "lat": 60.008591,
        "lng": 30.258663
      },
      {
        "station_name": "Пионерская",
        "line_name": "Московско-Петроградская",
        "station_id": "15.213",
        "line_id": "15",
        "lat": 60.002487,
        "lng": 30.296759
      },
      {
        "station_name": "Старая Деревня",
        "line_name": "Фрунзенско-Приморская",
        "station_id": "18.246",
        "line_id": "18",
        "lat": 59.989433,
        "lng": 30.255163
      },
      {
        "station_name": "Чёрная речка",
        "line_name": "Московско-Петроградская",
        "station_id": "15.214",
        "line_id": "15",
        "lat": 59.985455,
        "lng": 30.300833
      }
    ],
    "id": "20489158"
  },
  "response_url": null,
  "sort_point_distance": null,
  "published_at": "2025-12-24T19:54:21+06:00",
  "created_at": "2025-12-24T19:54:21+06:00",
  "archived": false,
  "apply_alternate_url": "https://hh.ru/applicant/vacancy_response?vacancyId=126426659",
  "branding": {
    "type": "CONSTRUCTOR",
    "tariff": "BASIC"
  },
  "show_logo_in_search": true,
  "show_contacts": true,
  "insider_interview": null,
  "url": "https://api.hh.ru/vacancies/126426659?host=hh.ru",
  "alternate_url": "https://hh.ru/vacancy/126426659",
  "relations": [],
  "employer": {
    "id": "1358439",
    "name": "АНО ДО Московская школа программистов",
    "url": "https://api.hh.ru/employers/1358439",
    "alternate_url": "https://hh.ru/employer/1358439",
    "logo_urls": {
      "original": "https://img.hhcdn.ru/employer-logo-original-round/5733675.jpeg",
      "90": "https://img.hhcdn.ru/employer-logo-round/5733676.jpeg",
      "240": "https://img.hhcdn.ru/employer-logo-round/5733677.jpeg"
    },
    "vacancies_url": "https://api.hh.ru/vacancies?employer_id=1358439",
    "country_id": 1,
    "accredited_it_employer": true,
    "trusted": true
  },
  "snippet": {
    "requirement": "Компьютерне железо. AppInventor. <highlighttext>C#</highlighttext>. Имеете опыт преподавания детям. Выпускник, а также студент последних курсов технического/педагогического ВУЗа. Имеете крепкие знания...",
    "responsibility": "3D модедирование. В наличии готовые методические материалы для проведения уроков."
  },
  "contacts": null,
  "schedule": {
    "id": "flexible",
    "name": "Гибкий график"
  },
  "working_days": [],
  "working_time_intervals": [
    {
      "id": "from_four_to_six_hours_in_a_day",
      "name": "Можно сменами по 4-6 часов в день"
    }
  ],
  "working_time_modes": [],
  "accept_temporary": false,
  "fly_in_fly_out_duration": [],
  "work_format": [
    {
      "id": "ON_SITE",
      "name": "На месте работодателя"
    }
  ],
  "working_hours": [
    {
      "id": "HOURS_2",
      "name": "2 часа"
    },
    {
      "id": "HOURS_4",
      "name": "4 часа"
    },
    {
      "id": "HOURS_6",
      "name": "6 часов"
    }
  ],
  "work_schedule_by_days": [
    {
      "id": "WEEKEND",
      "name": "По выходным"
    },
    {
      "id": "FLEXIBLE",
      "name": "Свободный"
    },
    {
      "id": "OTHER",
      "name": "Другое"
    }
  ],
  "night_shifts": false,
  "professional_roles": [
    {
      "id": "132",
      "name": "Учитель, преподаватель, педагог"
    }
  ],
  "accept_incomplete_resumes": false,
  "experience": {
    "id": "noExperience",
    "name": "Нет опыта"
  },
  "employment": {
    "id": "part",
    "name": "Частичная занятость"
  },
  "employment_form": {
    "id": "PART",
    "name": "Частичная"
  },
  "internship": false,
  "adv_response_url": null,
  "is_adv_vacancy": false,
  "adv_context": null
}