{
  "id": "126451017",
  "premium": false,
  "name": "AQA Fullstack специалист",
  "department": null,
  "has_test": false,
  "response_letter_required": false,
  "area": {
    "id": "1",
    "name": "Москва",
    "url": "https://api.hh.ru/areas/1"
  },
  "salary": {
    "from": null,
    "to": 250000,
    "currency": "RUR",
    "gross": false
  },
  "salary_range": {
    "from": null,
    "to": 250000,
    "currency": "RUR",
    "gross": false,
    "mode": {
      "id": "MONTH",
      "name": "За месяц"
    },
    "frequency": null
  },
  "type": {
    "id": "open",
    "name": "Открытая"
  },
  "address": null,
  "response_url": null,
  "sort_point_distance": null,
  "published_at": "2025-12-24T15:27:19+06:00",
  "created_at": "2025-12-24T15:27:19+06:00",
  "archived": false,
  "apply_alternate_url": "https://hh.ru/applicant/vacancy_response?vacancyId=126451017",
  "branding": {
    "type": "MAKEUP",
    "tariff": null
  },
  "show_logo_in_search": true,
  "show_contacts": false,
  "insider_interview": null,
  "url": "https://api.hh.ru/vacancies/126451017?host=hh.ru",
  "alternate_url": "https://hh.ru/vacancy/126451017",
  "relations": [],
  "employer": {
    "id": "727029",
    "name": "PravoTech",
    "url": "https://api.hh.ru/employers/727029",
    "alternate_url": "https://hh.ru/employer/727029",
    "logo_urls": {
      "original": "https://img.hhcdn.ru/employer-logo-original-round/6810637.jpeg",
      "90": "https://img.hhcdn.ru/employer-logo-round/6810638.jpeg",
      "240": "https://img.hhcdn.ru/employer-logo-round/6810639.jpeg"
    },
    "vacancies_url": "https://api.hh.ru/vacancies?employer_id=727029",
    "country_id": 1,
    "accredited_it_employer": true,
    "trusted": true
  },
  "snippet": {
    "requirement": "Опыт работы с инструментами автоматизированного UI тестирования (Selenium). Знание <highlighttext>C#</highlighttext> или желание его изучить. Четкое понимание видов тестирования и необходимости...",
    "responsibility": "Разрабатывать и поддерживать автотесты (Selenoid, <highlighttext>C#</highlighttext>). Проводить функциональное, регрессионное, интеграционное и E2E тестирование. Разрабатывать и поддерживать тестовую документацию..."
  },
  "contacts": null,
  "schedule": {
    "id": "remote",
    "name": "Удаленная работа"
  },
  "working_days": [],
  "working_time_intervals": [],
  "working_time_modes": [],
  "accept_temporary": false,
  "fly_in_fly_out_duration": [],
  "work_format": [
    {
      "id": "REMOTE",
      "name": "Удалённо"
    }
  ],
  "working_hours": [
    {
      "id": "HOURS_8",
      "name": "8 часов"
    }
  ],
  "work_schedule_by_days": [
    {
      "id": "FIVE_ON_TWO_OFF",
      "name": "5/2"
    }
  ],
  "night_shifts": false,
  "professional_roles": [
    {
      "id": "96",
      "name": "Программист, разработчик"
    }
  ],
  "accept_incomplete_resumes": false,
  "experience": {
    "id": "between3And6",
    "name": "От 3 до 6 лет"
  },
  "employment": {
    "id": "full",
    "name": "Полная занятость"
  },
  "employment_form": {
    "id": "FULL",
    "name": "Полная"
  },
  "internship": false,
  "adv_response_url": null,
  "is_adv_vacancy": false,
  "adv_context": null
}