{
  "id": "126447347",
  "premium": false,
  "name": "C#/.NET-разработчик",
  "department": null,
  "has_test": false,
  "response_letter_required": false,
  "area": {
    "id": "160",
    "name": "Алматы",
    "url": "https://api.hh.ru/areas/160"
  },
  "salary": null,
  "salary_range": null,
  "type": {
    "id": "open",
    "name": "Открытая"
  },
  "address": {
    "city": "Алматы",
    "street": "улица Желтоксан",
    "building": "115",
    "lat": 43.253029,
    "lng": 76.938656,
    "description": null,
    "raw": "Алматы, улица Желтоксан, 115",
    "metro": null,
    "metro_stations": [],
    "id": "12039870"
  },
  "response_url": null,
  "sort_point_distance": null,
  "published_at": "2025-12-24T12:21:05+06:00",
  "created_at": "2025-12-24T12:21:05+06:00",
  "archived": false,
  "apply_alternate_url": "https://hh.ru/applicant/vacancy_response?vacancyId=126447347",
  "branding": {
    "type": "MAKEUP",
    "tariff": null
  },
  "show_logo_in_search": true,
  "show_contacts": false,
  "insider_interview": null,
  "url": "https://api.hh.ru/vacancies/126447347?host=hh.ru",
  "alternate_url": "https://hh.ru/vacancy/126447347",
  "relations": [],
  "employer": {
    "id": "1141590",
    "name": "Страховая компания Freedom Insurance",
    "url": "https://api.hh.ru/employers/1141590",
    "alternate_url": "https://hh.ru/employer/1141590",
    "logo_urls": {
      "original": "https://img.hhcdn.ru/employer-logo-original-round/6741989.png",
      "90": "https://img.hhcdn.ru/employer-logo-round/6741990.png",
      "240": "https://img.hhcdn.ru/employer-logo-round/6741991.png"
    },
    "vacancies_url": "https://api.hh.ru/vacancies?employer_id=1141590",
    "country_id": 3,
    "accredited_it_employer": false,
    "trusted": true
  },
  "snippet": {
    "requirement": "ASP.NET Core 6 и выше, <highlighttext>C#</highlighttext>. Gitlab, CI/CD, Docker/Docker Compose. Опыт работы с ORM. Опыт работы с DDD...",
    "responsibility": "Разработка и сопровождение внутренних систем. Разработка нового функционала. Цифровизация внутренних бизнес-процессов."
  },
  "contacts": null,
  "schedule": {
    "id": "fullDay",
    "name": "Полный день"
  },
  "working_days": [],
  "working_time_intervals": [],
  "working_time_modes": [],
  "accept_temporary": false,
  "fly_in_fly_out_duration": [],
  "work_format": [],
  "working_hours": [
    {
      "id": "HOURS_8",
      "name": "8 часов"
    }
  ],
  "work_schedule_by_days": [
    {
      "id": "FIVE_ON_TWO_OFF",
      "name": "5/2"
    }
  ],
  "night_shifts": false,
  "professional_roles": [
    {
      "id": "96",
      "name": "Программист, разработчик"
    }
  ],
  "accept_incomplete_resumes": false,
  "experience": {
    "id": "between3And6",
    "name": "От 3 до 6 лет"
  },
  "employment": {
    "id": "full",
    "name": "Полная занятость"
  },
  "employment_form": {
    "id": "FULL",
    "name": "Полная"
  },
  "internship": false,
  "adv_response_url": null,
  "is_adv_vacancy": false,
  "adv_context": null
}