{
  "id": "126505586",
  "premium": false,
  "name": "Специалист техподдержки 2 линии (SQL, C#, JS)",
  "department": null,
  "has_test": true,
  "response_letter_required": false,
  "area": {
    "id": "1",
    "name": "Москва",
    "url": "https://api.hh.ru/areas/1"
  },
  "salary": null,
  "salary_range": null,
  "type": {
    "id": "open",
    "name": "Открытая"
  },
  "address": null,
  "response_url": null,
  "sort_point_distance": null,
  "published_at": "2025-12-13T13:32:37+06:00",
  "created_at": "2025-12-13T13:32:37+06:00",
  "archived": false,
  "apply_alternate_url": "https://hh.ru/applicant/vacancy_response?vacancyId=126505586",
  "branding": {
    "type": "MAKEUP",
    "tariff": null
  },
  "show_logo_in_search": true,
  "show_contacts": false,
  "insider_interview": null,
  "url": "https://api.hh.ru/vacancies/126505586?host=hh.ru",
  "alternate_url": "https://hh.ru/vacancy/126505586",
  "relations": [],
  "employer": {
    "id": "725989",
    "name": "AUXO (Атос АйТи Солюшенс энд Сервисез)",
    "url": "https://api.hh.ru/employers/725989",
    "alternate_url": "https://hh.ru/employer/725989",
    "logo_urls": {
      "original": "https://img.hhcdn.ru/employer-logo-original-round/5733247.jpeg",
      "90": "https://img.hhcdn.ru/employer-logo-round/5733248.jpeg",
      "240": "https://img.hhcdn.ru/employer-logo-round/5733249.jpeg"
    },
    "vacancies_url": "https://api.hh.ru/vacancies?employer_id=725989",
    "country_id": 1,
    "accredited_it_employer": false,
    "trusted": true
  },
  "snippet": {
    "requirement": "Навыки работы с кодом скриптов (анализ, корректировка скриптов на JS, <highlighttext>C#</highlighttext>). Опыт выявления, анализа проблем и документирования решений. ",
    "responsibility": "Прием, обработка и анализ входящих обращений в службу 2 линии технической поддержки. Коммуникация с ключевыми пользователями. Настройка и поддержка производственных..."
  },
  "contacts": null,
  "schedule": {
    "id": "remote",
    "name": "Удаленная работа"
  },
  "working_days": [],
  "working_time_intervals": [],
  "working_time_modes": [],
  "accept_temporary": false,
  "fly_in_fly_out_duration": [],
  "work_format": [
    {
      "id": "REMOTE",
      "name": "Удалённо"
    }
  ],
  "working_hours": [
    {
      "id": "HOURS_8",
      "name": "8 часов"
    }
  ],
  "work_schedule_by_days": [
    {
      "id": "FIVE_ON_TWO_OFF",
      "name": "5/2"
    }
  ],
  "night_shifts": false,
  "professional_roles": [
    {
      "id": "121",
      "name": "Специалист технической поддержки"
    }
  ],
  "accept_incomplete_resumes": true,
  "experience": {
    "id": "between1And3",
    "name": "От 1 года до 3 лет"
  },
  "employment": {
    "id": "full",
    "name": "Полная занятость"
  },
  "employment_form": {
    "id": "FULL",
    "name": "Полная"
  },
  "internship": false,
  "adv_response_url": null,
  "is_adv_vacancy": false,
  "adv_context": null
}