{
  "id": "126613455",
  "premium": false,
  "name": "Инженер-программист",
  "department": null,
  "has_test": false,
  "response_letter_required": false,
  "area": {
    "id": "1996",
    "name": "Кингисепп",
    "url": "https://api.hh.ru/areas/1996"
  },
  "salary": null,
  "salary_range": null,
  "type": {
    "id": "open",
    "name": "Открытая"
  },
  "address": null,
  "response_url": null,
  "sort_point_distance": null,
  "published_at": "2025-12-15T13:38:07+06:00",
  "created_at": "2025-12-15T13:38:07+06:00",
  "archived": false,
  "apply_alternate_url": "https://hh.ru/applicant/vacancy_response?vacancyId=126613455",
  "show_logo_in_search": null,
  "show_contacts": true,
  "insider_interview": null,
  "url": "https://api.hh.ru/vacancies/126613455?host=hh.ru",
  "alternate_url": "https://hh.ru/vacancy/126613455",
  "relations": [],
  "employer": {
    "id": "10648959",
    "name": "Авангард-Стекло",
    "url": "https://api.hh.ru/employers/10648959",
    "alternate_url": "https://hh.ru/employer/10648959",
    "logo_urls": {
      "original": "https://img.hhcdn.ru/employer-logo-original-round/7195742.jpeg",
      "90": "https://img.hhcdn.ru/employer-logo-round/7195743.jpeg",
      "240": "https://img.hhcdn.ru/employer-logo-round/7195744.jpeg"
    },
    "vacancies_url": "https://api.hh.ru/vacancies?employer_id=10648959",
    "country_id": 1,
    "accredited_it_employer": false,
    "trusted": true
  },
  "snippet": {
    "requirement": "Высшее образование. Опыт работы по специальности на инженерно-технических должностях в области разработки программного обеспечения не менее 3-х лет. ",
    "responsibility": "Разработка и сопровождение программного обеспечения используя язык программирования Delphi 5/7, <highlighttext>C#</highlighttext>, Git и MS SQL Server. Настройка, сопровождение, резервное..."
  },
  "contacts": null,
  "schedule": {
    "id": "fullDay",
    "name": "Полный день"
  },
  "working_days": [],
  "working_time_intervals": [],
  "working_time_modes": [],
  "accept_temporary": false,
  "fly_in_fly_out_duration": [],
  "work_format": [],
  "working_hours": [
    {
      "id": "HOURS_8",
      "name": "8 часов"
    }
  ],
  "work_schedule_by_days": [
    {
      "id": "FIVE_ON_TWO_OFF",
      "name": "5/2"
    }
  ],
  "night_shifts": false,
  "professional_roles": [
    {
      "id": "96",
      "name": "Программист, разработчик"
    }
  ],
  "accept_incomplete_resumes": false,
  "experience": {
    "id": "between3And6",
    "name": "От 3 до 6 лет"
  },
  "employment": {
    "id": "full",
    "name": "Полная занятость"
  },
  "employment_form": {
    "id": "FULL",
    "name": "Полная"
  },
  "internship": false,
  "adv_response_url": null,
  "is_adv_vacancy": false,
  "adv_context": null
}