{
  "id": "126675962",
  "premium": false,
  "name": "Разработчик (MS SQL/PostgreSQL)",
  "department": null,
  "has_test": true,
  "response_letter_required": false,
  "area": {
    "id": "1",
    "name": "Москва",
    "url": "https://api.hh.ru/areas/1"
  },
  "salary": null,
  "salary_range": null,
  "type": {
    "id": "open",
    "name": "Открытая"
  },
  "address": {
    "city": "Москва",
    "street": "1-й проезд Перова Поля",
    "building": "9с1",
    "lat": 55.750064,
    "lng": 37.770439,
    "description": null,
    "raw": "Москва, 1-й проезд Перова Поля, 9с1",
    "metro": {
      "station_name": "Перово",
      "line_name": "Калининская",
      "station_id": "8.107",
      "line_id": "8",
      "lat": 55.75098,
      "lng": 37.78422
    },
    "metro_stations": [
      {
        "station_name": "Перово",
        "line_name": "Калининская",
        "station_id": "8.107",
        "line_id": "8",
        "lat": 55.75098,
        "lng": 37.78422
      }
    ],
    "id": "552299"
  },
  "response_url": null,
  "sort_point_distance": null,
  "published_at": "2025-11-28T13:11:34+06:00",
  "created_at": "2025-11-28T13:11:34+06:00",
  "archived": false,
  "apply_alternate_url": "https://hh.ru/applicant/vacancy_response?vacancyId=126675962",
  "show_logo_in_search": null,
  "show_contacts": true,
  "insider_interview": null,
  "url": "https://api.hh.ru/vacancies/126675962?host=hh.ru",
  "alternate_url": "https://hh.ru/vacancy/126675962",
  "relations": [],
  "employer": {
    "id": "143735",
    "name": "LOGISTIX",
    "url": "https://api.hh.ru/employers/143735",
    "alternate_url": "https://hh.ru/employer/143735",
    "logo_urls": {
      "original": "https://img.hhcdn.ru/employer-logo-original-round/6797109.png",
      "90": "https://img.hhcdn.ru/employer-logo-round/6797110.png",
      "240": "https://img.hhcdn.ru/employer-logo-round/6797111.png"
    },
    "vacancies_url": "https://api.hh.ru/vacancies?employer_id=143735",
    "country_id": 1,
    "accredited_it_employer": true,
    "trusted": true
  },
  "snippet": {
    "requirement": "Умение разбираться в чужом коде. Знание платформы <highlighttext>.NET</highlighttext>, JavаScript. Участие в разработке/сопровождении систем WMS/MES/TMS/ERP. ",
    "responsibility": "Модификация текущего и разработка нового функционала уровня БД систем LEAD. Написание новых, изменение и оптимизация текущих функций и процедур MS..."
  },
  "contacts": null,
  "schedule": {
    "id": "remote",
    "name": "Удаленная работа"
  },
  "working_days": [],
  "working_time_intervals": [],
  "working_time_modes": [],
  "accept_temporary": false,
  "fly_in_fly_out_duration": [],
  "work_format": [
    {
      "id": "REMOTE",
      "name": "Удалённо"
    }
  ],
  "working_hours": [
    {
      "id": "HOURS_8",
      "name": "8 часов"
    }
  ],
  "work_schedule_by_days": [
    {
      "id": "FIVE_ON_TWO_OFF",
      "name": "5/2"
    }
  ],
  "night_shifts": false,
  "professional_roles": [
    {
      "id": "96",
      "name": "Программист, разработчик"
    }
  ],
  "accept_incomplete_resumes": false,
  "experience": {
    "id": "between3And6",
    "name": "От 3 до 6 лет"
  },
  "employment": {
    "id": "full",
    "name": "Полная занятость"
  },
  "employment_form": {
    "id": "FULL",
    "name": "Полная"
  },
  "internship": false,
  "adv_response_url": null,
  "is_adv_vacancy": false,
  "adv_context": null
}