{
  "id": "126718010",
  "premium": false,
  "name": "Разработчик C#",
  "department": null,
  "has_test": false,
  "response_letter_required": false,
  "area": {
    "id": "1",
    "name": "Москва",
    "url": "https://api.hh.ru/areas/1"
  },
  "salary": null,
  "salary_range": null,
  "type": {
    "id": "open",
    "name": "Открытая"
  },
  "address": {
    "city": "Москва",
    "street": "Головинское шоссе",
    "building": "5к1",
    "lat": 55.84024,
    "lng": 37.492024,
    "description": null,
    "raw": "Москва, Головинское шоссе, 5к1",
    "metro": {
      "station_name": "Водный стадион",
      "line_name": "Замоскворецкая",
      "station_id": "2.29",
      "line_id": "2",
      "lat": 55.838978,
      "lng": 37.487515
    },
    "metro_stations": [
      {
        "station_name": "Водный стадион",
        "line_name": "Замоскворецкая",
        "station_id": "2.29",
        "line_id": "2",
        "lat": 55.838978,
        "lng": 37.487515
      },
      {
        "station_name": "Коптево",
        "line_name": "МЦК",
        "station_id": "95.544",
        "line_id": "95",
        "lat": 55.839637,
        "lng": 37.520037
      }
    ],
    "id": "3780317"
  },
  "response_url": null,
  "sort_point_distance": null,
  "published_at": "2025-12-08T14:39:31+06:00",
  "created_at": "2025-12-08T14:39:31+06:00",
  "archived": false,
  "apply_alternate_url": "https://hh.ru/applicant/vacancy_response?vacancyId=126718010",
  "branding": {
    "type": "MAKEUP",
    "tariff": null
  },
  "show_logo_in_search": true,
  "show_contacts": false,
  "insider_interview": null,
  "url": "https://api.hh.ru/vacancies/126718010?host=hh.ru",
  "alternate_url": "https://hh.ru/vacancy/126718010",
  "relations": [],
  "employer": {
    "id": "1871618",
    "name": "CloudPayments",
    "url": "https://api.hh.ru/employers/1871618",
    "alternate_url": "https://hh.ru/employer/1871618",
    "logo_urls": {
      "original": "https://img.hhcdn.ru/employer-logo-original-round/6655153.png",
      "90": "https://img.hhcdn.ru/employer-logo-round/6655154.png",
      "240": "https://img.hhcdn.ru/employer-logo-round/6655155.png"
    },
    "vacancies_url": "https://api.hh.ru/vacancies?employer_id=1871618",
    "country_id": 1,
    "accredited_it_employer": true,
    "trusted": true
  },
  "snippet": {
    "requirement": "Опыт работы на <highlighttext>C#</highlighttext> <highlighttext>.net</highlighttext> от 4 лет. Опыт разработки микросервисной архитектуры. Круто, если есть опыт в разработке систем биллинга...",
    "responsibility": "Анализ, обсуждение и уточнение требований. Разработка, внедрение и сопровождение нового функционала. Проектирование и декомпозиция задач. Проработка и реализация интеграционных решений. "
  },
  "contacts": null,
  "schedule": {
    "id": "remote",
    "name": "Удаленная работа"
  },
  "working_days": [],
  "working_time_intervals": [],
  "working_time_modes": [],
  "accept_temporary": false,
  "fly_in_fly_out_duration": [],
  "work_format": [
    {
      "id": "REMOTE",
      "name": "Удалённо"
    },
    {
      "id": "HYBRID",
      "name": "Гибрид"
    }
  ],
  "working_hours": [
    {
      "id": "HOURS_8",
      "name": "8 часов"
    }
  ],
  "work_schedule_by_days": [
    {
      "id": "FIVE_ON_TWO_OFF",
      "name": "5/2"
    }
  ],
  "night_shifts": false,
  "professional_roles": [
    {
      "id": "96",
      "name": "Программист, разработчик"
    }
  ],
  "accept_incomplete_resumes": false,
  "experience": {
    "id": "between3And6",
    "name": "От 3 до 6 лет"
  },
  "employment": {
    "id": "full",
    "name": "Полная занятость"
  },
  "employment_form": {
    "id": "FULL",
    "name": "Полная"
  },
  "internship": false,
  "adv_response_url": null,
  "is_adv_vacancy": false,
  "adv_context": null
}