{
  "id": "126705943",
  "premium": false,
  "name": "Middle Fullstack C# Developer",
  "department": null,
  "has_test": true,
  "response_letter_required": false,
  "area": {
    "id": "1",
    "name": "Москва",
    "url": "https://api.hh.ru/areas/1"
  },
  "salary": {
    "from": 200000,
    "to": 230000,
    "currency": "RUR",
    "gross": false
  },
  "salary_range": {
    "from": 200000,
    "to": 230000,
    "currency": "RUR",
    "gross": false,
    "mode": {
      "id": "MONTH",
      "name": "За месяц"
    },
    "frequency": {
      "id": "TWICE_PER_MONTH",
      "name": "Два раза в месяц"
    }
  },
  "type": {
    "id": "open",
    "name": "Открытая"
  },
  "address": {
    "city": "Москва",
    "street": "улица Щипок",
    "building": "11с1",
    "lat": 55.726086,
    "lng": 37.631002,
    "description": null,
    "raw": "Москва, улица Щипок, 11с1",
    "metro": {
      "station_name": "Серпуховская",
      "line_name": "Серпуховско-Тимирязевская",
      "station_id": "9.37",
      "line_id": "9",
      "lat": 55.726548,
      "lng": 37.624792
    },
    "metro_stations": [
      {
        "station_name": "Серпуховская",
        "line_name": "Серпуховско-Тимирязевская",
        "station_id": "9.37",
        "line_id": "9",
        "lat": 55.726548,
        "lng": 37.624792
      }
    ],
    "id": "3646339"
  },
  "response_url": null,
  "sort_point_distance": null,
  "published_at": "2025-12-15T17:59:37+06:00",
  "created_at": "2025-12-15T17:59:37+06:00",
  "archived": false,
  "apply_alternate_url": "https://hh.ru/applicant/vacancy_response?vacancyId=126705943",
  "show_logo_in_search": null,
  "show_contacts": true,
  "insider_interview": null,
  "url": "https://api.hh.ru/vacancies/126705943?host=hh.ru",
  "alternate_url": "https://hh.ru/vacancy/126705943",
  "relations": [],
  "employer": {
    "id": "4547481",
    "name": "Смарт Мил Сервис",
    "url": "https://api.hh.ru/employers/4547481",
    "alternate_url": "https://hh.ru/employer/4547481",
    "logo_urls": {
      "original": "https://img.hhcdn.ru/employer-logo-original-round/3338806.png",
      "90": "https://img.hhcdn.ru/employer-logo-round/3338808.png",
      "240": "https://img.hhcdn.ru/employer-logo-round/3338809.png"
    },
    "vacancies_url": "https://api.hh.ru/vacancies?employer_id=4547481",
    "country_id": 1,
    "accredited_it_employer": false,
    "trusted": true
  },
  "snippet": {
    "requirement": "Уверенное владение <highlighttext>C#</highlighttext>, Entity Framework, WPF. Знание и опыт работы с платформой <highlighttext>.NET</highlighttext> Core. Умение работать с системами контроля версий...",
    "responsibility": "Участвовать во всех этапах разработки продуктов компании. Поддерживать и развивать клиентское ПО для платформы Windows, ориентироваться в чужом коде, уметь..."
  },
  "contacts": null,
  "schedule": {
    "id": "remote",
    "name": "Удаленная работа"
  },
  "working_days": [],
  "working_time_intervals": [],
  "working_time_modes": [],
  "accept_temporary": false,
  "fly_in_fly_out_duration": [],
  "work_format": [
    {
      "id": "REMOTE",
      "name": "Удалённо"
    }
  ],
  "working_hours": [
    {
      "id": "HOURS_8",
      "name": "8 часов"
    }
  ],
  "work_schedule_by_days": [
    {
      "id": "FIVE_ON_TWO_OFF",
      "name": "5/2"
    }
  ],
  "night_shifts": false,
  "professional_roles": [
    {
      "id": "40",
      "name": "Другое"
    }
  ],
  "accept_incomplete_resumes": false,
  "experience": {
    "id": "between3And6",
    "name": "От 3 до 6 лет"
  },
  "employment": {
    "id": "full",
    "name": "Полная занятость"
  },
  "employment_form": {
    "id": "FULL",
    "name": "Полная"
  },
  "internship": false,
  "adv_response_url": null,
  "is_adv_vacancy": false,
  "adv_context": null
}