{
  "id": "126750328",
  "premium": false,
  "name": "Разработчик C# (МТС Pay)",
  "department": {
    "id": "4496-4496-it",
    "name": "МТС Банк. IT"
  },
  "has_test": false,
  "response_letter_required": false,
  "area": {
    "id": "1",
    "name": "Москва",
    "url": "https://api.hh.ru/areas/1"
  },
  "salary": null,
  "salary_range": null,
  "type": {
    "id": "open",
    "name": "Открытая"
  },
  "address": {
    "city": "Москва",
    "street": "проспект Андропова",
    "building": "18к1",
    "lat": 55.695022,
    "lng": 37.66274,
    "description": null,
    "raw": "Москва, проспект Андропова, 18к1",
    "metro": {
      "station_name": "Технопарк",
      "line_name": "Замоскворецкая",
      "station_id": "2.512",
      "line_id": "2",
      "lat": 55.695,
      "lng": 37.664167
    },
    "metro_stations": [
      {
        "station_name": "Технопарк",
        "line_name": "Замоскворецкая",
        "station_id": "2.512",
        "line_id": "2",
        "lat": 55.695,
        "lng": 37.664167
      }
    ],
    "id": "2687057"
  },
  "response_url": null,
  "sort_point_distance": null,
  "published_at": "2025-12-24T04:33:25+06:00",
  "created_at": "2025-12-24T04:33:25+06:00",
  "archived": false,
  "apply_alternate_url": "https://hh.ru/applicant/vacancy_response?vacancyId=126750328",
  "branding": {
    "type": "MAKEUP",
    "tariff": null
  },
  "brand_snippet": {
    "logo": null,
    "logo_xs": null,
    "logo_scalable": {
      "default": {
        "width": 188,
        "height": 102,
        "url": "https://img.hhcdn.ru/brand-snippet-pictures/02476.png"
      },
      "xs": {
        "width": 188,
        "height": 102,
        "url": "https://img.hhcdn.ru/brand-snippet-pictures/02477.png"
      }
    },
    "picture": null,
    "picture_xs": null,
    "picture_scalable": {
      "default": {
        "width": 218,
        "height": 366,
        "url": "https://img.hhcdn.ru/brand-snippet-pictures/02478.png"
      },
      "xs": {
        "width": 178,
        "height": 180,
        "url": "https://img.hhcdn.ru/brand-snippet-pictures/02479.png"
      }
    },
    "background": {
      "color": null,
      "gradient": {
        "angle": 116.45,
        "color_list": [
          {
            "color": "#8E92F8",
            "position": 51.49
          },
          {
            "color": "#EBF5FF",
            "position": 108.93
          }
        ]
      }
    }
  },
  "show_logo_in_search": true,
  "show_contacts": false,
  "insider_interview": null,
  "url": "https://api.hh.ru/vacancies/126750328?host=hh.ru",
  "alternate_url": "https://hh.ru/vacancy/126750328",
  "relations": [],
  "employer": {
    "id": "4496",
    "name": "МТС Финтех",
    "url": "https://api.hh.ru/employers/4496",
    "alternate_url": "https://hh.ru/employer/4496",
    "logo_urls": {
      "original": "https://img.hhcdn.ru/employer-logo-original/1417383.png",
      "90": "https://img.hhcdn.ru/employer-logo/7289181.png",
      "240": "https://img.hhcdn.ru/employer-logo/7289182.png"
    },
    "vacancies_url": "https://api.hh.ru/vacancies?employer_id=4496",
    "country_id": 1,
    "accredited_it_employer": false,
    "trusted": true
  },
  "snippet": {
    "requirement": "понимание SOA/EDA, мискросервисной архитектуры, DDD. Технологический стек: <highlighttext>C#</highlighttext> <highlighttext>dotnet</highlighttext> 6-8, PostgreSQL, Redis, Kafka, CI/CD: внутренний GitLab (git...",
    "responsibility": "Команда МТС Pay разрабатывает простой и понятный инструментарий (в т.ч. Web SDK, Native SDK) для подключения возможности оплачивать товары..."
  },
  "contacts": null,
  "schedule": {
    "id": "remote",
    "name": "Удаленная работа"
  },
  "working_days": [],
  "working_time_intervals": [],
  "working_time_modes": [],
  "accept_temporary": false,
  "fly_in_fly_out_duration": [],
  "work_format": [
    {
      "id": "ON_SITE",
      "name": "На месте работодателя"
    },
    {
      "id": "REMOTE",
      "name": "Удалённо"
    },
    {
      "id": "HYBRID",
      "name": "Гибрид"
    }
  ],
  "working_hours": [
    {
      "id": "HOURS_8",
      "name": "8 часов"
    }
  ],
  "work_schedule_by_days": [
    {
      "id": "FIVE_ON_TWO_OFF",
      "name": "5/2"
    }
  ],
  "night_shifts": false,
  "professional_roles": [
    {
      "id": "96",
      "name": "Программист, разработчик"
    }
  ],
  "accept_incomplete_resumes": false,
  "experience": {
    "id": "moreThan6",
    "name": "Более 6 лет"
  },
  "employment": {
    "id": "full",
    "name": "Полная занятость"
  },
  "employment_form": {
    "id": "FULL",
    "name": "Полная"
  },
  "internship": false,
  "adv_response_url": null,
  "is_adv_vacancy": false,
  "adv_context": null
}