{
  "id": "126973490",
  "premium": false,
  "name": "Разработчик программного обеспечения (Backend C#/.NET или Frontend Angular)",
  "department": null,
  "has_test": false,
  "response_letter_required": false,
  "area": {
    "id": "1005",
    "name": "Витебск",
    "url": "https://api.hh.ru/areas/1005"
  },
  "salary": {
    "from": 2700,
    "to": null,
    "currency": "BYR",
    "gross": true
  },
  "salary_range": {
    "from": 2700,
    "to": null,
    "currency": "BYR",
    "gross": true,
    "mode": {
      "id": "MONTH",
      "name": "За месяц"
    },
    "frequency": {
      "id": "TWICE_PER_MONTH",
      "name": "Два раза в месяц"
    }
  },
  "type": {
    "id": "open",
    "name": "Открытая"
  },
  "address": {
    "city": "Витебск",
    "street": "улица Правды",
    "building": "30",
    "lat": 55.187974,
    "lng": 30.216398,
    "description": null,
    "raw": "Витебск, улица Правды, 30",
    "metro": null,
    "metro_stations": [],
    "id": "4505532"
  },
  "response_url": null,
  "sort_point_distance": null,
  "published_at": "2025-11-25T16:43:36+06:00",
  "created_at": "2025-11-25T16:43:36+06:00",
  "archived": false,
  "apply_alternate_url": "https://hh.ru/applicant/vacancy_response?vacancyId=126973490",
  "show_contacts": true,
  "insider_interview": null,
  "url": "https://api.hh.ru/vacancies/126973490?host=hh.ru",
  "alternate_url": "https://hh.ru/vacancy/126973490",
  "relations": [],
  "employer": {
    "id": "1728299",
    "name": "РУП Витебскэнерго",
    "url": "https://api.hh.ru/employers/1728299",
    "alternate_url": "https://hh.ru/employer/1728299",
    "logo_urls": null,
    "vacancies_url": "https://api.hh.ru/vacancies?employer_id=1728299",
    "country_id": 4,
    "accredited_it_employer": false,
    "trusted": true
  },
  "snippet": {
    "requirement": "Уверенное владение <highlighttext>C#</highlighttext>, <highlighttext>.NET</highlighttext> Core. Понимание принципов ООП, SOLID, REST API. Опыт работы с базами данных (PostgreSQL). Приветствуется знание Python...",
    "responsibility": "Участие в разработке и поддержке веб-приложений. Внедрение новых функциональных модулей. Работа с современными архитектурными подходами и UI/UX практиками. "
  },
  "contacts": null,
  "schedule": {
    "id": "fullDay",
    "name": "Полный день"
  },
  "working_days": [],
  "working_time_intervals": [],
  "working_time_modes": [],
  "accept_temporary": false,
  "fly_in_fly_out_duration": [],
  "work_format": [
    {
      "id": "ON_SITE",
      "name": "На месте работодателя"
    }
  ],
  "working_hours": [
    {
      "id": "HOURS_8",
      "name": "8 часов"
    }
  ],
  "work_schedule_by_days": [
    {
      "id": "FIVE_ON_TWO_OFF",
      "name": "5/2"
    }
  ],
  "night_shifts": false,
  "professional_roles": [
    {
      "id": "96",
      "name": "Программист, разработчик"
    }
  ],
  "accept_incomplete_resumes": false,
  "experience": {
    "id": "between1And3",
    "name": "От 1 года до 3 лет"
  },
  "employment": {
    "id": "full",
    "name": "Полная занятость"
  },
  "employment_form": {
    "id": "FULL",
    "name": "Полная"
  },
  "internship": false,
  "adv_response_url": null,
  "is_adv_vacancy": false,
  "adv_context": null
}