{
  "id": "126999907",
  "premium": false,
  "name": "Middle/Senior Full-Stack QA Engineer (C#)",
  "department": null,
  "has_test": true,
  "response_letter_required": false,
  "area": {
    "id": "1002",
    "name": "Минск",
    "url": "https://api.hh.ru/areas/1002"
  },
  "salary": null,
  "salary_range": null,
  "type": {
    "id": "open",
    "name": "Открытая"
  },
  "address": {
    "city": "Минск",
    "street": "Смоленская улица",
    "building": "25",
    "lat": 53.892978,
    "lng": 27.587083,
    "description": null,
    "raw": "Минск, Смоленская улица, 25",
    "metro": {
      "station_name": "Первомайская",
      "line_name": "Автозаводская",
      "station_id": "63.424",
      "line_id": "63",
      "lat": 53.893763,
      "lng": 27.570167
    },
    "metro_stations": [
      {
        "station_name": "Первомайская",
        "line_name": "Автозаводская",
        "station_id": "63.424",
        "line_id": "63",
        "lat": 53.893763,
        "lng": 27.570167
      },
      {
        "station_name": "Пролетарская",
        "line_name": "Автозаводская",
        "station_id": "63.425",
        "line_id": "63",
        "lat": 53.88972,
        "lng": 27.585466
      }
    ],
    "id": "13852175"
  },
  "response_url": null,
  "sort_point_distance": null,
  "published_at": "2025-12-09T13:16:11+06:00",
  "created_at": "2025-12-09T13:16:11+06:00",
  "archived": false,
  "apply_alternate_url": "https://hh.ru/applicant/vacancy_response?vacancyId=126999907",
  "show_logo_in_search": null,
  "show_contacts": false,
  "insider_interview": null,
  "url": "https://api.hh.ru/vacancies/126999907?host=hh.ru",
  "alternate_url": "https://hh.ru/vacancy/126999907",
  "relations": [],
  "employer": {
    "id": "3636656",
    "name": "IDT Technologies",
    "url": "https://api.hh.ru/employers/3636656",
    "alternate_url": "https://hh.ru/employer/3636656",
    "logo_urls": {
      "original": "https://img.hhcdn.ru/employer-logo-original-round/2900291.png",
      "90": "https://img.hhcdn.ru/employer-logo-round/2900292.png",
      "240": "https://img.hhcdn.ru/employer-logo-round/2900293.png"
    },
    "vacancies_url": "https://api.hh.ru/vacancies?employer_id=3636656",
    "country_id": 4,
    "accredited_it_employer": false,
    "trusted": true
  },
  "snippet": {
    "requirement": "Proven experience in test automation for Web UI and API using <highlighttext>C#</highlighttext>, NUnit. Strong understanding of test architecture, design patterns...",
    "responsibility": "Design, implement, and maintain automated test frameworks in <highlighttext>C#</highlighttext> using NUnit. Contribute to test strategy, ensuring comprehensive coverage across UI..."
  },
  "contacts": null,
  "schedule": {
    "id": "remote",
    "name": "Удаленная работа"
  },
  "working_days": [],
  "working_time_intervals": [],
  "working_time_modes": [],
  "accept_temporary": false,
  "fly_in_fly_out_duration": [],
  "work_format": [
    {
      "id": "ON_SITE",
      "name": "На месте работодателя"
    },
    {
      "id": "REMOTE",
      "name": "Удалённо"
    },
    {
      "id": "HYBRID",
      "name": "Гибрид"
    }
  ],
  "working_hours": [
    {
      "id": "HOURS_8",
      "name": "8 часов"
    }
  ],
  "work_schedule_by_days": [
    {
      "id": "FIVE_ON_TWO_OFF",
      "name": "5/2"
    }
  ],
  "night_shifts": false,
  "professional_roles": [
    {
      "id": "124",
      "name": "Тестировщик"
    }
  ],
  "accept_incomplete_resumes": false,
  "experience": {
    "id": "between3And6",
    "name": "От 3 до 6 лет"
  },
  "employment": {
    "id": "full",
    "name": "Полная занятость"
  },
  "employment_form": {
    "id": "FULL",
    "name": "Полная"
  },
  "internship": false,
  "adv_response_url": null,
  "is_adv_vacancy": false,
  "adv_context": null
}