{
  "id": "126997057",
  "premium": false,
  "name": "Программист",
  "department": null,
  "has_test": false,
  "response_letter_required": false,
  "area": {
    "id": "104",
    "name": "Челябинск",
    "url": "https://api.hh.ru/areas/104"
  },
  "salary": null,
  "salary_range": null,
  "type": {
    "id": "open",
    "name": "Открытая"
  },
  "address": {
    "city": "Челябинск",
    "street": "Алчевская улица",
    "building": "12",
    "lat": 55.249997,
    "lng": 61.386114,
    "description": null,
    "raw": "Челябинск, Алчевская улица, 12",
    "metro": null,
    "metro_stations": [],
    "id": "13404616"
  },
  "response_url": null,
  "sort_point_distance": null,
  "published_at": "2025-11-26T17:13:48+06:00",
  "created_at": "2025-11-26T17:13:48+06:00",
  "archived": false,
  "apply_alternate_url": "https://hh.ru/applicant/vacancy_response?vacancyId=126997057",
  "show_logo_in_search": null,
  "show_contacts": true,
  "insider_interview": null,
  "url": "https://api.hh.ru/vacancies/126997057?host=hh.ru",
  "alternate_url": "https://hh.ru/vacancy/126997057",
  "relations": [],
  "employer": {
    "id": "2931950",
    "name": "Группа Компаний Мечел",
    "url": "https://api.hh.ru/employers/2931950",
    "alternate_url": "https://hh.ru/employer/2931950",
    "logo_urls": {
      "original": "https://img.hhcdn.ru/employer-logo-original-round/2224530.png",
      "90": "https://img.hhcdn.ru/employer-logo-round/2224531.png",
      "240": "https://img.hhcdn.ru/employer-logo-round/2224532.png"
    },
    "vacancies_url": "https://api.hh.ru/vacancies?employer_id=2931950",
    "country_id": 1,
    "accredited_it_employer": false,
    "trusted": true
  },
  "snippet": {
    "requirement": "Имеешь опыт разработки на <highlighttext>С#</highlighttext> и Asp.Net Core (не менее 3-х лет). - Имеешь опыт frontend-разработки с использованием Angular...",
    "responsibility": "Заниматься разработкой нового функционала, используемого в Компании программного обеспечения (CRM/WMS собственной разработки). - Доработка существующего функционала, используемого в Компании программного..."
  },
  "contacts": null,
  "schedule": {
    "id": "fullDay",
    "name": "Полный день"
  },
  "working_days": [],
  "working_time_intervals": [],
  "working_time_modes": [],
  "accept_temporary": false,
  "fly_in_fly_out_duration": [],
  "work_format": [
    {
      "id": "ON_SITE",
      "name": "На месте работодателя"
    }
  ],
  "working_hours": [
    {
      "id": "HOURS_8",
      "name": "8 часов"
    }
  ],
  "work_schedule_by_days": [
    {
      "id": "FIVE_ON_TWO_OFF",
      "name": "5/2"
    }
  ],
  "night_shifts": false,
  "professional_roles": [
    {
      "id": "96",
      "name": "Программист, разработчик"
    }
  ],
  "accept_incomplete_resumes": false,
  "experience": {
    "id": "between3And6",
    "name": "От 3 до 6 лет"
  },
  "employment": {
    "id": "full",
    "name": "Полная занятость"
  },
  "employment_form": {
    "id": "FULL",
    "name": "Полная"
  },
  "internship": false,
  "adv_response_url": null,
  "is_adv_vacancy": false,
  "adv_context": null
}