{
  "id": "126970240",
  "premium": false,
  "name": "Инженер-программист",
  "department": null,
  "has_test": false,
  "response_letter_required": true,
  "area": {
    "id": "2",
    "name": "Санкт-Петербург",
    "url": "https://api.hh.ru/areas/2"
  },
  "salary": null,
  "salary_range": null,
  "type": {
    "id": "open",
    "name": "Открытая"
  },
  "address": {
    "city": "Санкт-Петербург",
    "street": "Кондратьевский проспект",
    "building": "17к2",
    "lat": 59.965331,
    "lng": 30.383287,
    "description": null,
    "raw": "Санкт-Петербург, Кондратьевский проспект, 17к2",
    "metro": {
      "station_name": "Площадь Ленина",
      "line_name": "Кировско-Выборгская",
      "station_id": "14.197",
      "line_id": "14",
      "lat": 59.955611,
      "lng": 30.35605
    },
    "metro_stations": [
      {
        "station_name": "Площадь Ленина",
        "line_name": "Кировско-Выборгская",
        "station_id": "14.197",
        "line_id": "14",
        "lat": 59.955611,
        "lng": 30.35605
      }
    ],
    "id": "17344632"
  },
  "response_url": null,
  "sort_point_distance": null,
  "published_at": "2025-12-04T14:31:26+06:00",
  "created_at": "2025-12-04T14:31:26+06:00",
  "archived": false,
  "apply_alternate_url": "https://hh.ru/applicant/vacancy_response?vacancyId=126970240",
  "show_logo_in_search": null,
  "show_contacts": true,
  "insider_interview": null,
  "url": "https://api.hh.ru/vacancies/126970240?host=hh.ru",
  "alternate_url": "https://hh.ru/vacancy/126970240",
  "relations": [],
  "employer": {
    "id": "152274",
    "name": "СПб ГУП «АТС Смольного»",
    "url": "https://api.hh.ru/employers/152274",
    "alternate_url": "https://hh.ru/employer/152274",
    "logo_urls": {
      "original": "https://img.hhcdn.ru/employer-logo-original-round/5593395.jpeg",
      "90": "https://img.hhcdn.ru/employer-logo-round/5593396.jpeg",
      "240": "https://img.hhcdn.ru/employer-logo-round/5593397.jpeg"
    },
    "vacancies_url": "https://api.hh.ru/vacancies?employer_id=152274",
    "country_id": 1,
    "accredited_it_employer": false,
    "trusted": true
  },
  "snippet": {
    "requirement": "Профессиональное владение <highlighttext>C#</highlighttext>, опыт разработки на платформе <highlighttext>.NET</highlighttext>. Уверенные знания SQL, опыт работы с БД PostgresSQL. Практический опыт разработки интеграционных...",
    "responsibility": "Предоставление телекоммуникационных услуг органам государственной власти, государственным учреждениям и коммерческим организациям, а также услуг транкинговой радиосвязи стандарта TETRA. "
  },
  "contacts": null,
  "schedule": {
    "id": "fullDay",
    "name": "Полный день"
  },
  "working_days": [],
  "working_time_intervals": [],
  "working_time_modes": [],
  "accept_temporary": false,
  "fly_in_fly_out_duration": [],
  "work_format": [
    {
      "id": "ON_SITE",
      "name": "На месте работодателя"
    }
  ],
  "working_hours": [
    {
      "id": "HOURS_8",
      "name": "8 часов"
    }
  ],
  "work_schedule_by_days": [
    {
      "id": "FIVE_ON_TWO_OFF",
      "name": "5/2"
    }
  ],
  "night_shifts": false,
  "professional_roles": [
    {
      "id": "96",
      "name": "Программист, разработчик"
    }
  ],
  "accept_incomplete_resumes": false,
  "experience": {
    "id": "between1And3",
    "name": "От 1 года до 3 лет"
  },
  "employment": {
    "id": "full",
    "name": "Полная занятость"
  },
  "employment_form": {
    "id": "FULL",
    "name": "Полная"
  },
  "internship": false,
  "adv_response_url": null,
  "is_adv_vacancy": false,
  "adv_context": null
}