{
  "id": "127060084",
  "premium": false,
  "name": "Программист C# (Junior)",
  "department": null,
  "has_test": false,
  "response_letter_required": false,
  "area": {
    "id": "2",
    "name": "Санкт-Петербург",
    "url": "https://api.hh.ru/areas/2"
  },
  "salary": {
    "from": 100000,
    "to": null,
    "currency": "RUR",
    "gross": true
  },
  "salary_range": {
    "from": 100000,
    "to": null,
    "currency": "RUR",
    "gross": true,
    "mode": {
      "id": "MONTH",
      "name": "За месяц"
    },
    "frequency": {
      "id": "TWICE_PER_MONTH",
      "name": "Два раза в месяц"
    }
  },
  "type": {
    "id": "open",
    "name": "Открытая"
  },
  "address": {
    "city": "Санкт-Петербург",
    "street": "набережная Обводного канала",
    "building": "14к3",
    "lat": 59.917172,
    "lng": 30.390922,
    "description": null,
    "raw": "Санкт-Петербург, набережная Обводного канала, 14к3",
    "metro": {
      "station_name": "Площадь Александра Невского 1",
      "line_name": "Невско-Василеостровская",
      "station_id": "16.231",
      "line_id": "16",
      "lat": 59.924369,
      "lng": 30.384989
    },
    "metro_stations": [
      {
        "station_name": "Площадь Александра Невского 1",
        "line_name": "Невско-Василеостровская",
        "station_id": "16.231",
        "line_id": "16",
        "lat": 59.924369,
        "lng": 30.384989
      },
      {
        "station_name": "Площадь Александра Невского 2",
        "line_name": "Лахтинско-Правобережная",
        "station_id": "17.240",
        "line_id": "17",
        "lat": 59.923563,
        "lng": 30.383421
      }
    ],
    "id": "57318"
  },
  "response_url": null,
  "sort_point_distance": null,
  "published_at": "2025-12-15T18:47:52+06:00",
  "created_at": "2025-12-15T18:47:52+06:00",
  "archived": false,
  "apply_alternate_url": "https://hh.ru/applicant/vacancy_response?vacancyId=127060084",
  "show_logo_in_search": null,
  "show_contacts": false,
  "insider_interview": null,
  "url": "https://api.hh.ru/vacancies/127060084?host=hh.ru",
  "alternate_url": "https://hh.ru/vacancy/127060084",
  "relations": [],
  "employer": {
    "id": "644979",
    "name": "Котлин-Новатор",
    "url": "https://api.hh.ru/employers/644979",
    "alternate_url": "https://hh.ru/employer/644979",
    "logo_urls": {
      "original": "https://img.hhcdn.ru/employer-logo-original-round/3576502.png",
      "90": "https://img.hhcdn.ru/employer-logo-round/3576503.png",
      "240": "https://img.hhcdn.ru/employer-logo-round/3576504.png"
    },
    "vacancies_url": "https://api.hh.ru/vacancies?employer_id=644979",
    "country_id": 1,
    "accredited_it_employer": false,
    "trusted": true
  },
  "snippet": {
    "requirement": "Уверенное владение языком программирования <highlighttext>C#</highlighttext> (<highlighttext>.Net</highlighttext> Framework, WinForms, LINQ, ADO, MVC). Опыт написания запросов, хранимых процедур, функций на языке запросов...",
    "responsibility": "Поддержка и модернизация информационной системы предприятия, анализ возникающих в ней ошибок и устранение их. Разработка модулей расширений (клиентских и серверных..."
  },
  "contacts": null,
  "schedule": {
    "id": "fullDay",
    "name": "Полный день"
  },
  "working_days": [],
  "working_time_intervals": [],
  "working_time_modes": [],
  "accept_temporary": false,
  "fly_in_fly_out_duration": [],
  "work_format": [
    {
      "id": "ON_SITE",
      "name": "На месте работодателя"
    }
  ],
  "working_hours": [
    {
      "id": "HOURS_8",
      "name": "8 часов"
    }
  ],
  "work_schedule_by_days": [
    {
      "id": "FIVE_ON_TWO_OFF",
      "name": "5/2"
    }
  ],
  "night_shifts": false,
  "professional_roles": [
    {
      "id": "121",
      "name": "Специалист технической поддержки"
    }
  ],
  "accept_incomplete_resumes": false,
  "experience": {
    "id": "between1And3",
    "name": "От 1 года до 3 лет"
  },
  "employment": {
    "id": "full",
    "name": "Полная занятость"
  },
  "employment_form": {
    "id": "FULL",
    "name": "Полная"
  },
  "internship": false,
  "adv_response_url": null,
  "is_adv_vacancy": false,
  "adv_context": null
}