{
  "id": "127049185",
  "premium": false,
  "name": "Старший специалист АСУ",
  "department": null,
  "has_test": false,
  "response_letter_required": false,
  "area": {
    "id": "88",
    "name": "Казань",
    "url": "https://api.hh.ru/areas/88"
  },
  "salary": {
    "from": 130000,
    "to": null,
    "currency": "RUR",
    "gross": true
  },
  "salary_range": {
    "from": 130000,
    "to": null,
    "currency": "RUR",
    "gross": true,
    "mode": {
      "id": "MONTH",
      "name": "За месяц"
    },
    "frequency": null
  },
  "type": {
    "id": "open",
    "name": "Открытая"
  },
  "address": {
    "city": "Казань",
    "street": "улица Пушкина",
    "building": "80",
    "lat": 55.800306,
    "lng": 49.127497,
    "description": null,
    "raw": "Казань, улица Пушкина, 80",
    "metro": {
      "station_name": "Кремлевская",
      "line_name": "Центральная",
      "station_id": "49.272",
      "line_id": "49",
      "lat": 55.795206,
      "lng": 49.105426
    },
    "metro_stations": [
      {
        "station_name": "Кремлевская",
        "line_name": "Центральная",
        "station_id": "49.272",
        "line_id": "49",
        "lat": 55.795206,
        "lng": 49.105426
      },
      {
        "station_name": "Площадь Тукая",
        "line_name": "Центральная",
        "station_id": "49.273",
        "line_id": "49",
        "lat": 55.787163,
        "lng": 49.122126
      }
    ],
    "id": "17638326"
  },
  "response_url": null,
  "sort_point_distance": null,
  "published_at": "2025-12-01T15:49:34+06:00",
  "created_at": "2025-12-01T15:49:34+06:00",
  "archived": false,
  "apply_alternate_url": "https://hh.ru/applicant/vacancy_response?vacancyId=127049185",
  "show_logo_in_search": null,
  "show_contacts": false,
  "insider_interview": null,
  "url": "https://api.hh.ru/vacancies/127049185?host=hh.ru",
  "alternate_url": "https://hh.ru/vacancy/127049185",
  "relations": [],
  "employer": {
    "id": "62838",
    "name": "ТАИФ-НК АЗС",
    "url": "https://api.hh.ru/employers/62838",
    "alternate_url": "https://hh.ru/employer/62838",
    "logo_urls": {
      "original": "https://img.hhcdn.ru/employer-logo-original-round/6364985.png",
      "90": "https://img.hhcdn.ru/employer-logo-round/6364986.png",
      "240": "https://img.hhcdn.ru/employer-logo-round/6364987.png"
    },
    "vacancies_url": "https://api.hh.ru/vacancies?employer_id=62838",
    "country_id": 1,
    "accredited_it_employer": false,
    "trusted": true
  },
  "snippet": {
    "requirement": "Уверенное владение навыками программирования на языке <highlighttext>C#</highlighttext>. Общее представление о платформе <highlighttext>.NET</highlighttext>, знание и опыт работы со следующими языками: <highlighttext>.Net</highlighttext>...",
    "responsibility": "Разработка (доработка) программных продуктов на платформе DirectumRX. Написание чистого, тестируемого и документированного кода. Участие в обсуждении технической архитектуры и выборе..."
  },
  "contacts": null,
  "schedule": {
    "id": "fullDay",
    "name": "Полный день"
  },
  "working_days": [],
  "working_time_intervals": [],
  "working_time_modes": [],
  "accept_temporary": false,
  "fly_in_fly_out_duration": [],
  "work_format": [
    {
      "id": "ON_SITE",
      "name": "На месте работодателя"
    }
  ],
  "working_hours": [
    {
      "id": "HOURS_8",
      "name": "8 часов"
    }
  ],
  "work_schedule_by_days": [
    {
      "id": "FIVE_ON_TWO_OFF",
      "name": "5/2"
    }
  ],
  "night_shifts": false,
  "professional_roles": [
    {
      "id": "114",
      "name": "Системный инженер"
    }
  ],
  "accept_incomplete_resumes": false,
  "experience": {
    "id": "between1And3",
    "name": "От 1 года до 3 лет"
  },
  "employment": {
    "id": "full",
    "name": "Полная занятость"
  },
  "employment_form": {
    "id": "FULL",
    "name": "Полная"
  },
  "internship": false,
  "adv_response_url": null,
  "is_adv_vacancy": false,
  "adv_context": null
}