{
  "id": "127140592",
  "premium": false,
  "name": "C#/.NET-разработчик (ОФИС МСК)",
  "department": null,
  "has_test": false,
  "response_letter_required": false,
  "area": {
    "id": "1",
    "name": "Москва",
    "url": "https://api.hh.ru/areas/1"
  },
  "salary": {
    "from": null,
    "to": 230000,
    "currency": "RUR",
    "gross": false
  },
  "salary_range": {
    "from": null,
    "to": 230000,
    "currency": "RUR",
    "gross": false,
    "mode": {
      "id": "MONTH",
      "name": "За месяц"
    },
    "frequency": null
  },
  "type": {
    "id": "open",
    "name": "Открытая"
  },
  "address": null,
  "response_url": null,
  "sort_point_distance": null,
  "published_at": "2025-12-01T14:22:40+06:00",
  "created_at": "2025-12-01T14:22:40+06:00",
  "archived": false,
  "apply_alternate_url": "https://hh.ru/applicant/vacancy_response?vacancyId=127140592",
  "branding": {
    "type": "MAKEUP",
    "tariff": null
  },
  "show_logo_in_search": true,
  "show_contacts": true,
  "insider_interview": null,
  "url": "https://api.hh.ru/vacancies/127140592?host=hh.ru",
  "alternate_url": "https://hh.ru/vacancy/127140592",
  "relations": [],
  "employer": {
    "id": "872178",
    "name": "ИЦ АЙ-ТЕКО",
    "url": "https://api.hh.ru/employers/872178",
    "alternate_url": "https://hh.ru/employer/872178",
    "logo_urls": {
      "original": "https://img.hhcdn.ru/employer-logo-original-round/2559132.png",
      "90": "https://img.hhcdn.ru/employer-logo-round/2559133.png",
      "240": "https://img.hhcdn.ru/employer-logo-round/2559134.png"
    },
    "vacancies_url": "https://api.hh.ru/vacancies?employer_id=872178",
    "country_id": 1,
    "accredited_it_employer": false,
    "trusted": true
  },
  "snippet": {
    "requirement": "Опыт работы от 4х лет со стеком технологий: <highlighttext>C#</highlighttext>, <highlighttext>.Net</highlighttext> Core, <highlighttext>.Net</highlighttext>. Framework, MS SQL, Kafka, Redis, Rabbit MQ...",
    "responsibility": null
  },
  "contacts": null,
  "schedule": {
    "id": "fullDay",
    "name": "Полный день"
  },
  "working_days": [],
  "working_time_intervals": [],
  "working_time_modes": [],
  "accept_temporary": false,
  "fly_in_fly_out_duration": [],
  "work_format": [
    {
      "id": "ON_SITE",
      "name": "На месте работодателя"
    }
  ],
  "working_hours": [
    {
      "id": "HOURS_8",
      "name": "8 часов"
    }
  ],
  "work_schedule_by_days": [
    {
      "id": "FIVE_ON_TWO_OFF",
      "name": "5/2"
    }
  ],
  "night_shifts": false,
  "professional_roles": [
    {
      "id": "96",
      "name": "Программист, разработчик"
    }
  ],
  "accept_incomplete_resumes": false,
  "experience": {
    "id": "moreThan6",
    "name": "Более 6 лет"
  },
  "employment": {
    "id": "full",
    "name": "Полная занятость"
  },
  "employment_form": {
    "id": "FULL",
    "name": "Полная"
  },
  "internship": false,
  "adv_response_url": null,
  "is_adv_vacancy": false,
  "adv_context": null
}