{
  "id": "127110668",
  "premium": false,
  "name": "Ведущий инженер-разработчик",
  "department": null,
  "has_test": false,
  "response_letter_required": false,
  "area": {
    "id": "1",
    "name": "Москва",
    "url": "https://api.hh.ru/areas/1"
  },
  "salary": {
    "from": 200000,
    "to": 230000,
    "currency": "RUR",
    "gross": true
  },
  "salary_range": {
    "from": 200000,
    "to": 230000,
    "currency": "RUR",
    "gross": true,
    "mode": {
      "id": "MONTH",
      "name": "За месяц"
    },
    "frequency": null
  },
  "type": {
    "id": "open",
    "name": "Открытая"
  },
  "address": {
    "city": "Москва",
    "street": "Варшавское шоссе",
    "building": "26, стр. 11",
    "lat": 55.686655,
    "lng": 37.621309,
    "description": null,
    "raw": "Москва, Варшавское шоссе, 26, стр. 11",
    "metro": {
      "station_name": "Нагатинская",
      "line_name": "Серпуховско-Тимирязевская",
      "station_id": "9.85",
      "line_id": "9",
      "lat": 55.682099,
      "lng": 37.620917
    },
    "metro_stations": [
      {
        "station_name": "Нагатинская",
        "line_name": "Серпуховско-Тимирязевская",
        "station_id": "9.85",
        "line_id": "9",
        "lat": 55.682099,
        "lng": 37.620917
      }
    ],
    "id": "101328"
  },
  "response_url": null,
  "sort_point_distance": null,
  "published_at": "2025-12-17T18:12:20+06:00",
  "created_at": "2025-12-17T18:12:20+06:00",
  "archived": false,
  "apply_alternate_url": "https://hh.ru/applicant/vacancy_response?vacancyId=127110668",
  "show_logo_in_search": null,
  "show_contacts": false,
  "insider_interview": null,
  "url": "https://api.hh.ru/vacancies/127110668?host=hh.ru",
  "alternate_url": "https://hh.ru/vacancy/127110668",
  "relations": [],
  "employer": {
    "id": "238419",
    "name": "Русские базовые информационные технологии, Научно-производственное объединение",
    "url": "https://api.hh.ru/employers/238419",
    "alternate_url": "https://hh.ru/employer/238419",
    "logo_urls": {
      "original": "https://img.hhcdn.ru/employer-logo-original-round/2282591.png",
      "90": "https://img.hhcdn.ru/employer-logo-round/2282592.png",
      "240": "https://img.hhcdn.ru/employer-logo-round/2282593.png"
    },
    "vacancies_url": "https://api.hh.ru/vacancies?employer_id=238419",
    "country_id": 1,
    "accredited_it_employer": true,
    "trusted": true
  },
  "snippet": {
    "requirement": "Экспертное владение одним или несколькими из следующих направлений: JavaScript (включая фреймворки ExtJS, Angular), <highlighttext>C#</highlighttext>/<highlighttext>.NET</highlighttext>, PHP, Go, Python. ",
    "responsibility": "Координация работы группы разработчиков, обеспечение качества и сроков выполнения задач. Проектирование архитектуры сложных программных систем и их ключевых компонентов, выбор..."
  },
  "contacts": null,
  "schedule": {
    "id": "fullDay",
    "name": "Полный день"
  },
  "working_days": [],
  "working_time_intervals": [],
  "working_time_modes": [],
  "accept_temporary": false,
  "fly_in_fly_out_duration": [],
  "work_format": [],
  "working_hours": [
    {
      "id": "HOURS_8",
      "name": "8 часов"
    }
  ],
  "work_schedule_by_days": [
    {
      "id": "FIVE_ON_TWO_OFF",
      "name": "5/2"
    }
  ],
  "night_shifts": false,
  "professional_roles": [
    {
      "id": "96",
      "name": "Программист, разработчик"
    }
  ],
  "accept_incomplete_resumes": true,
  "experience": {
    "id": "between3And6",
    "name": "От 3 до 6 лет"
  },
  "employment": {
    "id": "full",
    "name": "Полная занятость"
  },
  "employment_form": {
    "id": "FULL",
    "name": "Полная"
  },
  "internship": false,
  "adv_response_url": null,
  "is_adv_vacancy": false,
  "adv_context": null
}