{
  "id": "127199099",
  "premium": false,
  "name": "Аналитик-разработчик RPA",
  "department": null,
  "has_test": false,
  "response_letter_required": false,
  "area": {
    "id": "54",
    "name": "Красноярск",
    "url": "https://api.hh.ru/areas/54"
  },
  "salary": null,
  "salary_range": null,
  "type": {
    "id": "open",
    "name": "Открытая"
  },
  "address": {
    "city": "Красноярск",
    "street": "улица 9 Мая",
    "building": "2Д",
    "lat": 56.070931,
    "lng": 92.933681,
    "description": null,
    "raw": "Красноярск, улица 9 Мая, 2Д",
    "metro": null,
    "metro_stations": [],
    "id": "2742295"
  },
  "response_url": null,
  "sort_point_distance": null,
  "published_at": "2025-11-27T09:28:07+06:00",
  "created_at": "2025-11-27T09:28:07+06:00",
  "archived": false,
  "apply_alternate_url": "https://hh.ru/applicant/vacancy_response?vacancyId=127199099",
  "branding": {
    "type": "MAKEUP",
    "tariff": null
  },
  "show_logo_in_search": true,
  "show_contacts": true,
  "insider_interview": null,
  "url": "https://api.hh.ru/vacancies/127199099?host=hh.ru",
  "alternate_url": "https://hh.ru/vacancy/127199099",
  "relations": [],
  "employer": {
    "id": "4029257",
    "name": "РУСАЛ",
    "url": "https://api.hh.ru/employers/4029257",
    "alternate_url": "https://hh.ru/employer/4029257",
    "logo_urls": {
      "original": "https://img.hhcdn.ru/employer-logo-original-round/3040103.png",
      "90": "https://img.hhcdn.ru/employer-logo-round/3040104.png",
      "240": "https://img.hhcdn.ru/employer-logo-round/3040105.png"
    },
    "vacancies_url": "https://api.hh.ru/vacancies?employer_id=4029257",
    "country_id": 1,
    "accredited_it_employer": false,
    "trusted": true
  },
  "snippet": {
    "requirement": "Готовы рассмотреть кандидатов без опыта работы. Опыт разработки на <highlighttext>C#</highlighttext>, VB или любом другом ЯП. Понимание взаимодействия с веб-сервисами...",
    "responsibility": "Разработка программных роботов (RPA). Администрирование, поддержка и доработка существующих программных роботов. Оценка возможности оптимизации бизнес-процессов при использовании инструментов RPA..."
  },
  "contacts": null,
  "schedule": {
    "id": "fullDay",
    "name": "Полный день"
  },
  "working_days": [],
  "working_time_intervals": [],
  "working_time_modes": [],
  "accept_temporary": false,
  "fly_in_fly_out_duration": [],
  "work_format": [
    {
      "id": "ON_SITE",
      "name": "На месте работодателя"
    },
    {
      "id": "HYBRID",
      "name": "Гибрид"
    }
  ],
  "working_hours": [
    {
      "id": "HOURS_8",
      "name": "8 часов"
    }
  ],
  "work_schedule_by_days": [
    {
      "id": "FIVE_ON_TWO_OFF",
      "name": "5/2"
    }
  ],
  "night_shifts": false,
  "professional_roles": [
    {
      "id": "96",
      "name": "Программист, разработчик"
    }
  ],
  "accept_incomplete_resumes": false,
  "experience": {
    "id": "between1And3",
    "name": "От 1 года до 3 лет"
  },
  "employment": {
    "id": "full",
    "name": "Полная занятость"
  },
  "employment_form": {
    "id": "FULL",
    "name": "Полная"
  },
  "internship": false,
  "adv_response_url": null,
  "is_adv_vacancy": false,
  "adv_context": null
}