{
  "id": "127121956",
  "premium": false,
  "name": "Разработчик баз данных (Ms SQL)",
  "department": null,
  "has_test": false,
  "response_letter_required": false,
  "area": {
    "id": "1",
    "name": "Москва",
    "url": "https://api.hh.ru/areas/1"
  },
  "salary": {
    "from": 300000,
    "to": null,
    "currency": "RUR",
    "gross": false
  },
  "salary_range": {
    "from": 300000,
    "to": null,
    "currency": "RUR",
    "gross": false,
    "mode": {
      "id": "MONTH",
      "name": "За месяц"
    },
    "frequency": {
      "id": "TWICE_PER_MONTH",
      "name": "Два раза в месяц"
    }
  },
  "type": {
    "id": "open",
    "name": "Открытая"
  },
  "address": {
    "city": "Москва",
    "street": "Варшавское шоссе",
    "building": "9с1Б",
    "lat": 55.700015,
    "lng": 37.623582,
    "description": null,
    "raw": "Москва, Варшавское шоссе, 9с1Б",
    "metro": {
      "station_name": "Верхние Котлы",
      "line_name": "МЦК",
      "station_id": "95.532",
      "line_id": "95",
      "lat": 55.69,
      "lng": 37.618889
    },
    "metro_stations": [
      {
        "station_name": "Верхние Котлы",
        "line_name": "МЦК",
        "station_id": "95.532",
        "line_id": "95",
        "lat": 55.69,
        "lng": 37.618889
      },
      {
        "station_name": "ЗИЛ",
        "line_name": "МЦК",
        "station_id": "95.531",
        "line_id": "95",
        "lat": 55.698333,
        "lng": 37.648333
      },
      {
        "station_name": "ЗИЛ",
        "line_name": "Троицкая",
        "station_id": "137.964",
        "line_id": "137",
        "lat": 55.697915,
        "lng": 37.647565
      },
      {
        "station_name": "Тульская",
        "line_name": "Серпуховско-Тимирязевская",
        "station_id": "9.142",
        "line_id": "9",
        "lat": 55.70961,
        "lng": 37.622569
      }
    ],
    "id": "20273327"
  },
  "response_url": null,
  "sort_point_distance": null,
  "published_at": "2025-12-22T22:33:54+06:00",
  "created_at": "2025-12-22T22:33:54+06:00",
  "archived": false,
  "apply_alternate_url": "https://hh.ru/applicant/vacancy_response?vacancyId=127121956",
  "show_logo_in_search": null,
  "show_contacts": false,
  "insider_interview": null,
  "url": "https://api.hh.ru/vacancies/127121956?host=hh.ru",
  "alternate_url": "https://hh.ru/vacancy/127121956",
  "relations": [],
  "employer": {
    "id": "10452334",
    "name": "IN HOUSE",
    "url": "https://api.hh.ru/employers/10452334",
    "alternate_url": "https://hh.ru/employer/10452334",
    "logo_urls": {
      "original": "https://img.hhcdn.ru/employer-logo-original/1442678.png",
      "90": "https://img.hhcdn.ru/employer-logo/7390336.png",
      "240": "https://img.hhcdn.ru/employer-logo/7390337.png"
    },
    "vacancies_url": "https://api.hh.ru/vacancies?employer_id=10452334",
    "country_id": 1,
    "accredited_it_employer": false,
    "trusted": true
  },
  "snippet": {
    "requirement": "Умение проектировать сложные схемы БД и выстраивать обмен данными между системами. Знание <highlighttext>C#</highlighttext> / <highlighttext>.NET</highlighttext> (ASP.NET, Blazor). Опыт интеграций через REST...",
    "responsibility": "Проектирование, оптимизация и сопровождение хранилищ данных на MS SQL Server. Разработка и поддержка ETL-процессов (SSIS), включая интеграции через COZYROC. "
  },
  "contacts": null,
  "schedule": {
    "id": "fullDay",
    "name": "Полный день"
  },
  "working_days": [],
  "working_time_intervals": [],
  "working_time_modes": [],
  "accept_temporary": false,
  "fly_in_fly_out_duration": [],
  "work_format": [
    {
      "id": "ON_SITE",
      "name": "На месте работодателя"
    },
    {
      "id": "HYBRID",
      "name": "Гибрид"
    }
  ],
  "working_hours": [
    {
      "id": "HOURS_8",
      "name": "8 часов"
    }
  ],
  "work_schedule_by_days": [
    {
      "id": "FIVE_ON_TWO_OFF",
      "name": "5/2"
    }
  ],
  "night_shifts": false,
  "professional_roles": [
    {
      "id": "96",
      "name": "Программист, разработчик"
    }
  ],
  "accept_incomplete_resumes": false,
  "experience": {
    "id": "between3And6",
    "name": "От 3 до 6 лет"
  },
  "employment": {
    "id": "full",
    "name": "Полная занятость"
  },
  "employment_form": {
    "id": "FULL",
    "name": "Полная"
  },
  "internship": false,
  "adv_response_url": null,
  "is_adv_vacancy": false,
  "adv_context": null
}