{
  "id": "127196353",
  "premium": false,
  "name": "Backend-разработчик (.NET / C#)",
  "department": null,
  "has_test": false,
  "response_letter_required": false,
  "area": {
    "id": "2",
    "name": "Санкт-Петербург",
    "url": "https://api.hh.ru/areas/2"
  },
  "salary": null,
  "salary_range": null,
  "type": {
    "id": "open",
    "name": "Открытая"
  },
  "address": {
    "city": "Санкт-Петербург",
    "street": "Почтамтская улица",
    "building": "15",
    "lat": 59.931517,
    "lng": 30.299303,
    "description": null,
    "raw": "Санкт-Петербург, Почтамтская улица, 15",
    "metro": {
      "station_name": "Адмиралтейская",
      "line_name": "Фрунзенско-Приморская",
      "station_id": "18.258",
      "line_id": "18",
      "lat": 59.935867,
      "lng": 30.31523
    },
    "metro_stations": [
      {
        "station_name": "Адмиралтейская",
        "line_name": "Фрунзенско-Приморская",
        "station_id": "18.258",
        "line_id": "18",
        "lat": 59.935867,
        "lng": 30.31523
      },
      {
        "station_name": "Садовая",
        "line_name": "Фрунзенско-Приморская",
        "station_id": "18.250",
        "line_id": "18",
        "lat": 59.926739,
        "lng": 30.317753
      },
      {
        "station_name": "Сенная площадь",
        "line_name": "Московско-Петроградская",
        "station_id": "15.218",
        "line_id": "15",
        "lat": 59.927135,
        "lng": 30.320316
      },
      {
        "station_name": "Спасская",
        "line_name": "Лахтинско-Правобережная",
        "station_id": "17.237",
        "line_id": "17",
        "lat": 59.927135,
        "lng": 30.320316
      }
    ],
    "id": "19642554"
  },
  "response_url": null,
  "sort_point_distance": null,
  "published_at": "2025-12-22T00:17:33+06:00",
  "created_at": "2025-12-22T00:17:33+06:00",
  "archived": false,
  "apply_alternate_url": "https://hh.ru/applicant/vacancy_response?vacancyId=127196353",
  "show_logo_in_search": null,
  "show_contacts": true,
  "insider_interview": null,
  "url": "https://api.hh.ru/vacancies/127196353?host=hh.ru",
  "alternate_url": "https://hh.ru/vacancy/127196353",
  "relations": [],
  "employer": {
    "id": "1582278",
    "name": "Хилби",
    "url": "https://api.hh.ru/employers/1582278",
    "alternate_url": "https://hh.ru/employer/1582278",
    "logo_urls": {
      "original": "https://img.hhcdn.ru/employer-logo-original-round/1479288.png",
      "90": "https://img.hhcdn.ru/employer-logo-round/1479290.png",
      "240": "https://img.hhcdn.ru/employer-logo-round/1479291.png"
    },
    "vacancies_url": "https://api.hh.ru/vacancies?employer_id=1582278",
    "country_id": 1,
    "accredited_it_employer": false,
    "trusted": true
  },
  "snippet": {
    "requirement": "Необходимые знания: Принципов построения серверных приложений. Архитектурных подходов: сервисной и микросервисной архитектуры. Основ информационной безопасности: Распространённых типов web-атак и...",
    "responsibility": "Разработка на <highlighttext>C#</highlighttext> в рамках платформы <highlighttext>.NET</highlighttext>. Написание и оптимизация SQL-запросов. Работа с системами контроля версий (Git, Bitbucket). "
  },
  "contacts": null,
  "schedule": {
    "id": "fullDay",
    "name": "Полный день"
  },
  "working_days": [],
  "working_time_intervals": [],
  "working_time_modes": [],
  "accept_temporary": false,
  "fly_in_fly_out_duration": [],
  "work_format": [
    {
      "id": "ON_SITE",
      "name": "На месте работодателя"
    },
    {
      "id": "HYBRID",
      "name": "Гибрид"
    }
  ],
  "working_hours": [
    {
      "id": "HOURS_8",
      "name": "8 часов"
    }
  ],
  "work_schedule_by_days": [
    {
      "id": "FIVE_ON_TWO_OFF",
      "name": "5/2"
    }
  ],
  "night_shifts": false,
  "professional_roles": [
    {
      "id": "96",
      "name": "Программист, разработчик"
    }
  ],
  "accept_incomplete_resumes": false,
  "experience": {
    "id": "between3And6",
    "name": "От 3 до 6 лет"
  },
  "employment": {
    "id": "full",
    "name": "Полная занятость"
  },
  "employment_form": {
    "id": "FULL",
    "name": "Полная"
  },
  "internship": false,
  "adv_response_url": null,
  "is_adv_vacancy": false,
  "adv_context": null
}