{
  "id": "127156875",
  "premium": false,
  "name": "Middle Unity C# Developer (Hybrid Casual)",
  "department": null,
  "has_test": false,
  "response_letter_required": false,
  "area": {
    "id": "26",
    "name": "Воронеж",
    "url": "https://api.hh.ru/areas/26"
  },
  "salary": {
    "from": 60000,
    "to": 90000,
    "currency": "RUR",
    "gross": false
  },
  "salary_range": {
    "from": 60000,
    "to": 90000,
    "currency": "RUR",
    "gross": false,
    "mode": {
      "id": "MONTH",
      "name": "За месяц"
    },
    "frequency": {
      "id": "MONTHLY",
      "name": "Раз в месяц"
    }
  },
  "type": {
    "id": "open",
    "name": "Открытая"
  },
  "address": null,
  "response_url": null,
  "sort_point_distance": null,
  "published_at": "2025-11-26T14:18:43+06:00",
  "created_at": "2025-11-26T14:18:43+06:00",
  "archived": false,
  "apply_alternate_url": "https://hh.ru/applicant/vacancy_response?vacancyId=127156875",
  "show_logo_in_search": null,
  "show_contacts": false,
  "insider_interview": null,
  "url": "https://api.hh.ru/vacancies/127156875?host=hh.ru",
  "alternate_url": "https://hh.ru/vacancy/127156875",
  "relations": [],
  "employer": {
    "id": "5473508",
    "name": "Ollie Games",
    "url": "https://api.hh.ru/employers/5473508",
    "alternate_url": "https://hh.ru/employer/5473508",
    "logo_urls": {
      "original": "https://img.hhcdn.ru/employer-logo-original-round/5743731.jpeg",
      "90": "https://img.hhcdn.ru/employer-logo-round/5743732.jpeg",
      "240": "https://img.hhcdn.ru/employer-logo-round/5743733.jpeg"
    },
    "vacancies_url": "https://api.hh.ru/vacancies?employer_id=5473508",
    "country_id": 1,
    "accredited_it_employer": false,
    "trusted": true
  },
  "snippet": {
    "requirement": "Опыт работы с Unity3D 1-3 года. Опыт коммерческой разработки ГК под мобильные платформы от 1 года. ",
    "responsibility": "Поддержка имеющихся проектов. Cоздание прототипов. Разработка отдельных фичей, механик. Внедрение SDK. Верстка UI."
  },
  "contacts": null,
  "schedule": {
    "id": "remote",
    "name": "Удаленная работа"
  },
  "working_days": [],
  "working_time_intervals": [],
  "working_time_modes": [],
  "accept_temporary": true,
  "fly_in_fly_out_duration": [],
  "work_format": [
    {
      "id": "REMOTE",
      "name": "Удалённо"
    }
  ],
  "working_hours": [
    {
      "id": "HOURS_8",
      "name": "8 часов"
    }
  ],
  "work_schedule_by_days": [
    {
      "id": "FIVE_ON_TWO_OFF",
      "name": "5/2"
    }
  ],
  "night_shifts": false,
  "professional_roles": [
    {
      "id": "96",
      "name": "Программист, разработчик"
    }
  ],
  "accept_incomplete_resumes": false,
  "experience": {
    "id": "between1And3",
    "name": "От 1 года до 3 лет"
  },
  "employment": {
    "id": "full",
    "name": "Полная занятость"
  },
  "employment_form": {
    "id": "FULL",
    "name": "Полная"
  },
  "internship": false,
  "adv_response_url": null,
  "is_adv_vacancy": false,
  "adv_context": null
}