{
  "id": "127131894",
  "premium": false,
  "name": "С# Программист ( middle+, senior офис Краснодар)",
  "department": null,
  "has_test": false,
  "response_letter_required": false,
  "area": {
    "id": "53",
    "name": "Краснодар",
    "url": "https://api.hh.ru/areas/53"
  },
  "salary": {
    "from": 200000,
    "to": null,
    "currency": "RUR",
    "gross": false
  },
  "salary_range": {
    "from": 200000,
    "to": null,
    "currency": "RUR",
    "gross": false,
    "mode": {
      "id": "MONTH",
      "name": "За месяц"
    },
    "frequency": null
  },
  "type": {
    "id": "open",
    "name": "Открытая"
  },
  "address": {
    "city": "Краснодар",
    "street": "микрорайон Завод Измерительных Приборов, Зиповская улица",
    "building": "5/8",
    "lat": 45.063502,
    "lng": 38.987979,
    "description": null,
    "raw": "Краснодар, микрорайон Завод Измерительных Приборов, Зиповская улица, 5/8",
    "metro": null,
    "metro_stations": [],
    "id": "16613447"
  },
  "response_url": null,
  "sort_point_distance": null,
  "published_at": "2025-12-03T11:32:24+06:00",
  "created_at": "2025-12-03T11:32:24+06:00",
  "archived": false,
  "apply_alternate_url": "https://hh.ru/applicant/vacancy_response?vacancyId=127131894",
  "show_logo_in_search": null,
  "show_contacts": true,
  "insider_interview": null,
  "url": "https://api.hh.ru/vacancies/127131894?host=hh.ru",
  "alternate_url": "https://hh.ru/vacancy/127131894",
  "relations": [],
  "employer": {
    "id": "211668",
    "name": "ГЛОНАССсофт",
    "url": "https://api.hh.ru/employers/211668",
    "alternate_url": "https://hh.ru/employer/211668",
    "logo_urls": {
      "original": "https://img.hhcdn.ru/employer-logo-original-round/678862.png",
      "90": "https://img.hhcdn.ru/employer-logo-round/678863.png",
      "240": "https://img.hhcdn.ru/employer-logo-round/678864.png"
    },
    "vacancies_url": "https://api.hh.ru/vacancies?employer_id=211668",
    "country_id": 1,
    "accredited_it_employer": false,
    "trusted": true
  },
  "snippet": {
    "requirement": "Опыт в веб-разработке. Опыт разработки на <highlighttext>c#</highlighttext> от 3х лет. Умение писать чистый и понятный код. ",
    "responsibility": "А также: Доработка нового функционала. Исправление ошибок."
  },
  "contacts": null,
  "schedule": {
    "id": "fullDay",
    "name": "Полный день"
  },
  "working_days": [],
  "working_time_intervals": [],
  "working_time_modes": [],
  "accept_temporary": true,
  "fly_in_fly_out_duration": [],
  "work_format": [
    {
      "id": "ON_SITE",
      "name": "На месте работодателя"
    }
  ],
  "working_hours": [
    {
      "id": "HOURS_8",
      "name": "8 часов"
    }
  ],
  "work_schedule_by_days": [
    {
      "id": "FIVE_ON_TWO_OFF",
      "name": "5/2"
    }
  ],
  "night_shifts": false,
  "professional_roles": [
    {
      "id": "96",
      "name": "Программист, разработчик"
    }
  ],
  "accept_incomplete_resumes": false,
  "experience": {
    "id": "between3And6",
    "name": "От 3 до 6 лет"
  },
  "employment": {
    "id": "full",
    "name": "Полная занятость"
  },
  "employment_form": {
    "id": "FULL",
    "name": "Полная"
  },
  "internship": false,
  "adv_response_url": null,
  "is_adv_vacancy": false,
  "adv_context": null
}