{
  "id": "127169575",
  "premium": false,
  "name": "Консультант-программист TOS",
  "department": null,
  "has_test": false,
  "response_letter_required": false,
  "area": {
    "id": "2",
    "name": "Санкт-Петербург",
    "url": "https://api.hh.ru/areas/2"
  },
  "salary": null,
  "salary_range": null,
  "type": {
    "id": "open",
    "name": "Открытая"
  },
  "address": {
    "city": "Ломоносов",
    "street": "Краснофлотское шоссе",
    "building": "49А",
    "lat": 59.929299,
    "lng": 29.69171,
    "description": null,
    "raw": "Ломоносов, Краснофлотское шоссе, 49А",
    "metro": null,
    "metro_stations": [],
    "id": "816153"
  },
  "response_url": null,
  "sort_point_distance": null,
  "published_at": "2025-12-12T11:57:09+06:00",
  "created_at": "2025-12-12T11:57:09+06:00",
  "archived": false,
  "apply_alternate_url": "https://hh.ru/applicant/vacancy_response?vacancyId=127169575",
  "show_logo_in_search": null,
  "show_contacts": true,
  "insider_interview": null,
  "url": "https://api.hh.ru/vacancies/127169575?host=hh.ru",
  "alternate_url": "https://hh.ru/vacancy/127169575",
  "relations": [],
  "employer": {
    "id": "2824198",
    "name": "ММПК Бронка (ООО Феникс)",
    "url": "https://api.hh.ru/employers/2824198",
    "alternate_url": "https://hh.ru/employer/2824198",
    "logo_urls": {
      "original": "https://img.hhcdn.ru/employer-logo-original/1393144.png",
      "90": "https://img.hhcdn.ru/employer-logo/7192359.png",
      "240": "https://img.hhcdn.ru/employer-logo/7192360.png"
    },
    "vacancies_url": "https://api.hh.ru/vacancies?employer_id=2824198",
    "country_id": 1,
    "accredited_it_employer": false,
    "trusted": true
  },
  "snippet": {
    "requirement": "Знания принципов ООП. Практический навык в разработке на базе <highlighttext>C#</highlighttext>, ASP.NET. Опыт администрирования MS SQL. Знания основ контейнерной обработки грузов...",
    "responsibility": "Администрирование систем управления терминалом (TOS). Консультирование пользователей. Доработка и отладка TOS систем. Методическое и техническое сопровождение информационных систем. "
  },
  "contacts": null,
  "schedule": {
    "id": "fullDay",
    "name": "Полный день"
  },
  "working_days": [],
  "working_time_intervals": [],
  "working_time_modes": [],
  "accept_temporary": false,
  "fly_in_fly_out_duration": [],
  "work_format": [
    {
      "id": "ON_SITE",
      "name": "На месте работодателя"
    }
  ],
  "working_hours": [
    {
      "id": "HOURS_8",
      "name": "8 часов"
    }
  ],
  "work_schedule_by_days": [
    {
      "id": "FIVE_ON_TWO_OFF",
      "name": "5/2"
    }
  ],
  "night_shifts": false,
  "professional_roles": [
    {
      "id": "96",
      "name": "Программист, разработчик"
    }
  ],
  "accept_incomplete_resumes": false,
  "experience": {
    "id": "between3And6",
    "name": "От 3 до 6 лет"
  },
  "employment": {
    "id": "full",
    "name": "Полная занятость"
  },
  "employment_form": {
    "id": "FULL",
    "name": "Полная"
  },
  "internship": false,
  "adv_response_url": null,
  "is_adv_vacancy": false,
  "adv_context": null
}