{
  "id": "127131385",
  "premium": false,
  "name": "Программист (JS/C#)",
  "department": null,
  "has_test": false,
  "response_letter_required": false,
  "area": {
    "id": "53",
    "name": "Краснодар",
    "url": "https://api.hh.ru/areas/53"
  },
  "salary": null,
  "salary_range": null,
  "type": {
    "id": "open",
    "name": "Открытая"
  },
  "address": {
    "city": "Краснодар",
    "street": "микрорайон Центральный, Красноармейская улица",
    "building": "32",
    "lat": 45.021698,
    "lng": 38.972097,
    "description": null,
    "raw": "Краснодар, микрорайон Центральный, Красноармейская улица, 32",
    "metro": null,
    "metro_stations": [],
    "id": "20280254"
  },
  "response_url": null,
  "sort_point_distance": null,
  "published_at": "2025-12-22T15:59:13+06:00",
  "created_at": "2025-12-22T15:59:13+06:00",
  "archived": false,
  "apply_alternate_url": "https://hh.ru/applicant/vacancy_response?vacancyId=127131385",
  "branding": {
    "type": "CONSTRUCTOR",
    "tariff": "BASIC"
  },
  "show_logo_in_search": true,
  "show_contacts": false,
  "insider_interview": null,
  "url": "https://api.hh.ru/vacancies/127131385?host=hh.ru",
  "alternate_url": "https://hh.ru/vacancy/127131385",
  "relations": [],
  "employer": {
    "id": "200524",
    "name": "Кубань Кредит, КБ",
    "url": "https://api.hh.ru/employers/200524",
    "alternate_url": "https://hh.ru/employer/200524",
    "logo_urls": {
      "original": "https://img.hhcdn.ru/employer-logo-original/1389182.png",
      "90": "https://img.hhcdn.ru/employer-logo/7176515.png",
      "240": "https://img.hhcdn.ru/employer-logo/7176516.png"
    },
    "vacancies_url": "https://api.hh.ru/vacancies?employer_id=200524",
    "country_id": 1,
    "accredited_it_employer": false,
    "trusted": true
  },
  "snippet": {
    "requirement": "Знание <highlighttext>C#</highlighttext>, JS. Знание SQL, принципов построения реляционных БД. Опыт работы с фреймворками ( <highlighttext>.NET</highlighttext> Framework, Vue). Опыт проектирования и реализации...",
    "responsibility": "Разработка внутренних проектов Банка. Участие в проектах по автоматизации новых банковских процессов. Участие в оптимизаций текущих банковских процессов."
  },
  "contacts": null,
  "schedule": {
    "id": "fullDay",
    "name": "Полный день"
  },
  "working_days": [],
  "working_time_intervals": [],
  "working_time_modes": [],
  "accept_temporary": false,
  "fly_in_fly_out_duration": [],
  "work_format": [
    {
      "id": "ON_SITE",
      "name": "На месте работодателя"
    }
  ],
  "working_hours": [
    {
      "id": "HOURS_8",
      "name": "8 часов"
    }
  ],
  "work_schedule_by_days": [
    {
      "id": "FIVE_ON_TWO_OFF",
      "name": "5/2"
    }
  ],
  "night_shifts": false,
  "professional_roles": [
    {
      "id": "96",
      "name": "Программист, разработчик"
    }
  ],
  "accept_incomplete_resumes": false,
  "experience": {
    "id": "between1And3",
    "name": "От 1 года до 3 лет"
  },
  "employment": {
    "id": "full",
    "name": "Полная занятость"
  },
  "employment_form": {
    "id": "FULL",
    "name": "Полная"
  },
  "internship": false,
  "adv_response_url": null,
  "is_adv_vacancy": false,
  "adv_context": null
}