{
  "id": "127115364",
  "premium": false,
  "name": "Middle+ / Senior C# (. Net) разработчик",
  "department": null,
  "has_test": false,
  "response_letter_required": false,
  "area": {
    "id": "3",
    "name": "Екатеринбург",
    "url": "https://api.hh.ru/areas/3"
  },
  "salary": {
    "from": 150000,
    "to": 200000,
    "currency": "RUR",
    "gross": true
  },
  "salary_range": {
    "from": 150000,
    "to": 200000,
    "currency": "RUR",
    "gross": true,
    "mode": {
      "id": "MONTH",
      "name": "За месяц"
    },
    "frequency": null
  },
  "type": {
    "id": "open",
    "name": "Открытая"
  },
  "address": null,
  "response_url": null,
  "sort_point_distance": null,
  "published_at": "2025-11-28T19:11:21+06:00",
  "created_at": "2025-11-28T19:11:21+06:00",
  "archived": false,
  "apply_alternate_url": "https://hh.ru/applicant/vacancy_response?vacancyId=127115364",
  "show_logo_in_search": null,
  "show_contacts": false,
  "insider_interview": null,
  "url": "https://api.hh.ru/vacancies/127115364?host=hh.ru",
  "alternate_url": "https://hh.ru/vacancy/127115364",
  "relations": [],
  "employer": {
    "id": "11511190",
    "name": "Линсофтверпродакшн",
    "url": "https://api.hh.ru/employers/11511190",
    "alternate_url": "https://hh.ru/employer/11511190",
    "logo_urls": {
      "original": "https://img.hhcdn.ru/employer-logo-original-round/7105261.png",
      "90": "https://img.hhcdn.ru/employer-logo-round/7105262.png",
      "240": "https://img.hhcdn.ru/employer-logo-round/7105263.png"
    },
    "vacancies_url": "https://api.hh.ru/vacancies?employer_id=11511190",
    "country_id": 1,
    "accredited_it_employer": true,
    "trusted": true
  },
  "snippet": {
    "requirement": "...на <highlighttext>C#</highlighttext> от 3–4 лет (Middle) / от 5–7 лет (Senior/Lead). Отличное знание <highlighttext>.NET</highlighttext> / <highlighttext>.NET</highlighttext> Core / <highlighttext>.NET</highlighttext> 6...",
    "responsibility": "Разработка и развитие backend-сервисов и веб-приложений на <highlighttext>C#</highlighttext>/<highlighttext>.NET</highlighttext> (<highlighttext>.NET</highlighttext> Core / <highlighttext>.NET</highlighttext> 6–8). Проектирование и развитие архитектуры..."
  },
  "contacts": null,
  "schedule": {
    "id": "remote",
    "name": "Удаленная работа"
  },
  "working_days": [],
  "working_time_intervals": [],
  "working_time_modes": [],
  "accept_temporary": true,
  "fly_in_fly_out_duration": [],
  "work_format": [
    {
      "id": "REMOTE",
      "name": "Удалённо"
    }
  ],
  "working_hours": [
    {
      "id": "HOURS_8",
      "name": "8 часов"
    }
  ],
  "work_schedule_by_days": [
    {
      "id": "FIVE_ON_TWO_OFF",
      "name": "5/2"
    }
  ],
  "night_shifts": false,
  "professional_roles": [
    {
      "id": "96",
      "name": "Программист, разработчик"
    }
  ],
  "accept_incomplete_resumes": false,
  "experience": {
    "id": "moreThan6",
    "name": "Более 6 лет"
  },
  "employment": {
    "id": "full",
    "name": "Полная занятость"
  },
  "employment_form": {
    "id": "FULL",
    "name": "Полная"
  },
  "internship": false,
  "adv_response_url": null,
  "is_adv_vacancy": false,
  "adv_context": null
}