{
  "id": "127121479",
  "premium": false,
  "name": "Веб-разработчик (Vue, Js)",
  "department": null,
  "has_test": false,
  "response_letter_required": false,
  "area": {
    "id": "1",
    "name": "Москва",
    "url": "https://api.hh.ru/areas/1"
  },
  "salary": null,
  "salary_range": null,
  "type": {
    "id": "open",
    "name": "Открытая"
  },
  "address": {
    "city": "Москва",
    "street": "улица Кржижановского",
    "building": "6",
    "lat": 55.682234,
    "lng": 37.56264,
    "description": null,
    "raw": "Москва, улица Кржижановского, 6",
    "metro": {
      "station_name": "Профсоюзная",
      "line_name": "Калужско-Рижская",
      "station_id": "6.121",
      "line_id": "6",
      "lat": 55.677671,
      "lng": 37.562595
    },
    "metro_stations": [
      {
        "station_name": "Профсоюзная",
        "line_name": "Калужско-Рижская",
        "station_id": "6.121",
        "line_id": "6",
        "lat": 55.677671,
        "lng": 37.562595
      }
    ],
    "id": "5573229"
  },
  "response_url": null,
  "sort_point_distance": null,
  "published_at": "2025-12-24T21:42:46+06:00",
  "created_at": "2025-12-24T21:42:46+06:00",
  "archived": false,
  "apply_alternate_url": "https://hh.ru/applicant/vacancy_response?vacancyId=127121479",
  "branding": {
    "type": "MAKEUP",
    "tariff": null
  },
  "show_logo_in_search": true,
  "show_contacts": false,
  "insider_interview": null,
  "url": "https://api.hh.ru/vacancies/127121479?host=hh.ru",
  "alternate_url": "https://hh.ru/vacancy/127121479",
  "relations": [],
  "employer": {
    "id": "2238",
    "name": "КонсультантПлюс",
    "url": "https://api.hh.ru/employers/2238",
    "alternate_url": "https://hh.ru/employer/2238",
    "logo_urls": {
      "original": "https://img.hhcdn.ru/employer-logo-original-round/7104353.jpeg",
      "90": "https://img.hhcdn.ru/employer-logo-round/7104354.jpeg",
      "240": "https://img.hhcdn.ru/employer-logo-round/7104355.jpeg"
    },
    "vacancies_url": "https://api.hh.ru/vacancies?employer_id=2238",
    "country_id": 1,
    "accredited_it_employer": true,
    "trusted": true
  },
  "snippet": {
    "requirement": "Знание Promise, vite, webpack, babel, npm. Опыт написания <highlighttext>.Net</highlighttext> Core приложений. Опыт использования SCSS (или SASS). Опыт взаимодействия с API...",
    "responsibility": "Разработка и поддержка веб-приложения по готовым спецификациям. Разработка внутренних сервисов и служб. Участие в проектировании, кодировании, сборке и развертывании..."
  },
  "contacts": null,
  "schedule": {
    "id": "remote",
    "name": "Удаленная работа"
  },
  "working_days": [],
  "working_time_intervals": [],
  "working_time_modes": [],
  "accept_temporary": false,
  "fly_in_fly_out_duration": [],
  "work_format": [
    {
      "id": "REMOTE",
      "name": "Удалённо"
    }
  ],
  "working_hours": [
    {
      "id": "HOURS_8",
      "name": "8 часов"
    }
  ],
  "work_schedule_by_days": [
    {
      "id": "FIVE_ON_TWO_OFF",
      "name": "5/2"
    }
  ],
  "night_shifts": false,
  "professional_roles": [
    {
      "id": "96",
      "name": "Программист, разработчик"
    }
  ],
  "accept_incomplete_resumes": false,
  "experience": {
    "id": "between3And6",
    "name": "От 3 до 6 лет"
  },
  "employment": {
    "id": "full",
    "name": "Полная занятость"
  },
  "employment_form": {
    "id": "FULL",
    "name": "Полная"
  },
  "internship": false,
  "adv_response_url": null,
  "is_adv_vacancy": false,
  "adv_context": null
}