{
  "id": "127101515",
  "premium": false,
  "name": "Программист ASP.NET",
  "department": {
    "id": "23817-23817-it",
    "name": "Народный банк Казахстана. IT"
  },
  "has_test": false,
  "response_letter_required": false,
  "area": {
    "id": "160",
    "name": "Алматы",
    "url": "https://api.hh.ru/areas/160"
  },
  "salary": null,
  "salary_range": null,
  "type": {
    "id": "open",
    "name": "Открытая"
  },
  "address": null,
  "response_url": null,
  "sort_point_distance": null,
  "published_at": "2025-11-28T15:28:57+06:00",
  "created_at": "2025-11-28T15:28:57+06:00",
  "archived": false,
  "apply_alternate_url": "https://hh.ru/applicant/vacancy_response?vacancyId=127101515",
  "branding": {
    "type": "MAKEUP",
    "tariff": null
  },
  "show_logo_in_search": true,
  "show_contacts": false,
  "insider_interview": null,
  "url": "https://api.hh.ru/vacancies/127101515?host=hh.ru",
  "alternate_url": "https://hh.ru/vacancy/127101515",
  "relations": [],
  "employer": {
    "id": "23817",
    "name": "Народный банк Казахстана",
    "url": "https://api.hh.ru/employers/23817",
    "alternate_url": "https://hh.ru/employer/23817",
    "logo_urls": {
      "original": "https://img.hhcdn.ru/employer-logo-original-round/6513008.png",
      "90": "https://img.hhcdn.ru/employer-logo-round/6513009.png",
      "240": "https://img.hhcdn.ru/employer-logo-round/6513010.png"
    },
    "vacancies_url": "https://api.hh.ru/vacancies?employer_id=23817",
    "country_id": 3,
    "accredited_it_employer": false,
    "trusted": true
  },
  "snippet": {
    "requirement": "Образование высшее техническое/физико-математическое. Знание языка <highlighttext>C#</highlighttext> и/или Go и платформы <highlighttext>.NET</highlighttext>/<highlighttext>.NET</highlighttext> Core. Знание реляционной модели данных...",
    "responsibility": "Анализ требований, проектирование, разработка архитектуры интеграционных решений Банка. Разработка интеграционных решений с использованием open-source, включая как внутреннюю интеграцию, так..."
  },
  "contacts": null,
  "schedule": {
    "id": "fullDay",
    "name": "Полный день"
  },
  "working_days": [],
  "working_time_intervals": [],
  "working_time_modes": [],
  "accept_temporary": false,
  "fly_in_fly_out_duration": [],
  "work_format": [],
  "working_hours": [
    {
      "id": "HOURS_8",
      "name": "8 часов"
    }
  ],
  "work_schedule_by_days": [
    {
      "id": "FIVE_ON_TWO_OFF",
      "name": "5/2"
    }
  ],
  "night_shifts": false,
  "professional_roles": [
    {
      "id": "96",
      "name": "Программист, разработчик"
    }
  ],
  "accept_incomplete_resumes": false,
  "experience": {
    "id": "between1And3",
    "name": "От 1 года до 3 лет"
  },
  "employment": {
    "id": "full",
    "name": "Полная занятость"
  },
  "employment_form": {
    "id": "FULL",
    "name": "Полная"
  },
  "internship": false,
  "adv_response_url": null,
  "is_adv_vacancy": false,
  "adv_context": null
}