{
  "id": "127112750",
  "premium": false,
  "name": "Разработчик C#",
  "department": null,
  "has_test": false,
  "response_letter_required": false,
  "area": {
    "id": "1",
    "name": "Москва",
    "url": "https://api.hh.ru/areas/1"
  },
  "salary": {
    "from": 210000,
    "to": 250000,
    "currency": "RUR",
    "gross": true
  },
  "salary_range": {
    "from": 210000,
    "to": 250000,
    "currency": "RUR",
    "gross": true,
    "mode": {
      "id": "MONTH",
      "name": "За месяц"
    },
    "frequency": {
      "id": "TWICE_PER_MONTH",
      "name": "Два раза в месяц"
    }
  },
  "type": {
    "id": "open",
    "name": "Открытая"
  },
  "address": {
    "city": "Москва",
    "street": "Преображенская площадь",
    "building": "8",
    "lat": 55.794887,
    "lng": 37.712812,
    "description": null,
    "raw": "Москва, Преображенская площадь, 8",
    "metro": {
      "station_name": "Преображенская площадь",
      "line_name": "Сокольническая",
      "station_id": "1.117",
      "line_id": "1",
      "lat": 55.796322,
      "lng": 37.713582
    },
    "metro_stations": [
      {
        "station_name": "Преображенская площадь",
        "line_name": "Сокольническая",
        "station_id": "1.117",
        "line_id": "1",
        "lat": 55.796322,
        "lng": 37.713582
      }
    ],
    "id": "19043839"
  },
  "response_url": null,
  "sort_point_distance": null,
  "published_at": "2025-11-27T16:49:21+06:00",
  "created_at": "2025-11-27T16:49:21+06:00",
  "archived": false,
  "apply_alternate_url": "https://hh.ru/applicant/vacancy_response?vacancyId=127112750",
  "show_logo_in_search": null,
  "show_contacts": true,
  "insider_interview": null,
  "url": "https://api.hh.ru/vacancies/127112750?host=hh.ru",
  "alternate_url": "https://hh.ru/vacancy/127112750",
  "relations": [],
  "employer": {
    "id": "586",
    "name": "Банк Русский Стандарт",
    "url": "https://api.hh.ru/employers/586",
    "alternate_url": "https://hh.ru/employer/586",
    "logo_urls": {
      "original": "https://img.hhcdn.ru/employer-logo-original-round/772339.jpeg",
      "90": "https://img.hhcdn.ru/employer-logo-round/772340.jpeg",
      "240": "https://img.hhcdn.ru/employer-logo-round/772341.jpeg"
    },
    "vacancies_url": "https://api.hh.ru/vacancies?employer_id=586",
    "country_id": 1,
    "accredited_it_employer": false,
    "trusted": true
  },
  "snippet": {
    "requirement": "Наличие опыта работы Web-разработчиком с использованием стека <highlighttext>C#</highlighttext>. Желательно Framework (ASP.NET MVC/WebAPI, ADO.NET/Entity Framework). Желательно наличие опыта...",
    "responsibility": "Рефакторинг и реинжиниринг кода существующих информационных систем. Доработка существующих web сервисов / информационных систем для исполнения требований, описанных как в ФЗ..."
  },
  "contacts": null,
  "schedule": {
    "id": "fullDay",
    "name": "Полный день"
  },
  "working_days": [],
  "working_time_intervals": [],
  "working_time_modes": [],
  "accept_temporary": false,
  "fly_in_fly_out_duration": [],
  "work_format": [
    {
      "id": "ON_SITE",
      "name": "На месте работодателя"
    }
  ],
  "working_hours": [
    {
      "id": "HOURS_8",
      "name": "8 часов"
    }
  ],
  "work_schedule_by_days": [
    {
      "id": "FIVE_ON_TWO_OFF",
      "name": "5/2"
    }
  ],
  "night_shifts": false,
  "professional_roles": [
    {
      "id": "96",
      "name": "Программист, разработчик"
    }
  ],
  "accept_incomplete_resumes": false,
  "experience": {
    "id": "between1And3",
    "name": "От 1 года до 3 лет"
  },
  "employment": {
    "id": "full",
    "name": "Полная занятость"
  },
  "employment_form": {
    "id": "FULL",
    "name": "Полная"
  },
  "internship": false,
  "adv_response_url": null,
  "is_adv_vacancy": false,
  "adv_context": null
}