{
  "id": "127232916",
  "premium": false,
  "name": "Fullstack-разработчик C#",
  "department": null,
  "has_test": false,
  "response_letter_required": false,
  "area": {
    "id": "1",
    "name": "Москва",
    "url": "https://api.hh.ru/areas/1"
  },
  "salary": null,
  "salary_range": null,
  "type": {
    "id": "open",
    "name": "Открытая"
  },
  "address": {
    "city": "Москва",
    "street": "переулок Огородная Слобода",
    "building": "5А",
    "lat": 55.765817,
    "lng": 37.642222,
    "description": null,
    "raw": "Москва, переулок Огородная Слобода, 5А",
    "metro": {
      "station_name": "Сретенский бульвар",
      "line_name": "Люблинско-Дмитровская",
      "station_id": "10.175",
      "line_id": "10",
      "lat": 55.766106,
      "lng": 37.635688
    },
    "metro_stations": [
      {
        "station_name": "Сретенский бульвар",
        "line_name": "Люблинско-Дмитровская",
        "station_id": "10.175",
        "line_id": "10",
        "lat": 55.766106,
        "lng": 37.635688
      },
      {
        "station_name": "Тургеневская",
        "line_name": "Калужско-Рижская",
        "station_id": "6.144",
        "line_id": "6",
        "lat": 55.765371,
        "lng": 37.636732
      },
      {
        "station_name": "Чистые пруды",
        "line_name": "Сокольническая",
        "station_id": "1.143",
        "line_id": "1",
        "lat": 55.76499,
        "lng": 37.638293
      }
    ],
    "id": "11822530"
  },
  "response_url": null,
  "sort_point_distance": null,
  "published_at": "2025-12-22T20:08:57+06:00",
  "created_at": "2025-12-22T20:08:57+06:00",
  "archived": false,
  "apply_alternate_url": "https://hh.ru/applicant/vacancy_response?vacancyId=127232916",
  "show_logo_in_search": null,
  "show_contacts": false,
  "insider_interview": null,
  "url": "https://api.hh.ru/vacancies/127232916?host=hh.ru",
  "alternate_url": "https://hh.ru/vacancy/127232916",
  "relations": [],
  "employer": {
    "id": "1706575",
    "name": "Фонд развития промышленности",
    "url": "https://api.hh.ru/employers/1706575",
    "alternate_url": "https://hh.ru/employer/1706575",
    "logo_urls": {
      "original": "https://img.hhcdn.ru/employer-logo-original-round/5746251.png",
      "90": "https://img.hhcdn.ru/employer-logo-round/5746252.png",
      "240": "https://img.hhcdn.ru/employer-logo-round/5746253.png"
    },
    "vacancies_url": "https://api.hh.ru/vacancies?employer_id=1706575",
    "country_id": 1,
    "accredited_it_employer": false,
    "trusted": true
  },
  "snippet": {
    "requirement": "Знание <highlighttext>.NET</highlighttext> Framework, <highlighttext>C#</highlighttext>. Опыт разработки с <highlighttext>C#</highlighttext>, JavaScript, Vue.js, TypeScript. Понимание основ информатики (структуры данных, ООП, паттерны). ",
    "responsibility": null
  },
  "contacts": null,
  "schedule": {
    "id": "fullDay",
    "name": "Полный день"
  },
  "working_days": [],
  "working_time_intervals": [],
  "working_time_modes": [],
  "accept_temporary": false,
  "fly_in_fly_out_duration": [],
  "work_format": [
    {
      "id": "ON_SITE",
      "name": "На месте работодателя"
    },
    {
      "id": "HYBRID",
      "name": "Гибрид"
    }
  ],
  "working_hours": [
    {
      "id": "HOURS_8",
      "name": "8 часов"
    }
  ],
  "work_schedule_by_days": [
    {
      "id": "FIVE_ON_TWO_OFF",
      "name": "5/2"
    }
  ],
  "night_shifts": false,
  "professional_roles": [
    {
      "id": "96",
      "name": "Программист, разработчик"
    }
  ],
  "accept_incomplete_resumes": false,
  "experience": {
    "id": "between3And6",
    "name": "От 3 до 6 лет"
  },
  "employment": {
    "id": "full",
    "name": "Полная занятость"
  },
  "employment_form": {
    "id": "FULL",
    "name": "Полная"
  },
  "internship": false,
  "adv_response_url": null,
  "is_adv_vacancy": false,
  "adv_context": null
}