{
  "id": "127249680",
  "premium": false,
  "name": ".NET Developer (middle)",
  "department": {
    "id": "9173883-9173883-action",
    "name": "UZUM TECHNOLOGIES. Операции"
  },
  "has_test": false,
  "response_letter_required": false,
  "area": {
    "id": "2759",
    "name": "Ташкент",
    "url": "https://api.hh.ru/areas/2759"
  },
  "salary": null,
  "salary_range": null,
  "type": {
    "id": "open",
    "name": "Открытая"
  },
  "address": null,
  "response_url": null,
  "sort_point_distance": null,
  "published_at": "2025-12-03T12:44:01+06:00",
  "created_at": "2025-12-03T12:44:01+06:00",
  "archived": false,
  "apply_alternate_url": "https://hh.ru/applicant/vacancy_response?vacancyId=127249680",
  "show_logo_in_search": null,
  "show_contacts": false,
  "insider_interview": null,
  "url": "https://api.hh.ru/vacancies/127249680?host=hh.ru",
  "alternate_url": "https://hh.ru/vacancy/127249680",
  "relations": [],
  "employer": {
    "id": "9173883",
    "name": "«UZUM TECHNOLOGIES»",
    "url": "https://api.hh.ru/employers/9173883",
    "alternate_url": "https://hh.ru/employer/9173883",
    "logo_urls": {
      "original": "https://img.hhcdn.ru/employer-logo-original-round/5682063.png",
      "90": "https://img.hhcdn.ru/employer-logo-round/5682064.png",
      "240": "https://img.hhcdn.ru/employer-logo-round/5682065.png"
    },
    "vacancies_url": "https://api.hh.ru/vacancies?employer_id=9173883",
    "country_id": 6,
    "accredited_it_employer": false,
    "trusted": true
  },
  "snippet": {
    "requirement": "Опыт работы на <highlighttext>C#</highlighttext> от 3 лет. Уверенные знания <highlighttext>.net</highlighttext>, Postgre, Oracle, NET Core, EnitiyFramework, GOF patterns, SOLID, KISS, DRY...",
    "responsibility": "Разработка нового функционала приложений с использованием <highlighttext>.NET</highlighttext> стека. Участие в полном цикле разработки программного приложения и бизнес-логики. "
  },
  "contacts": null,
  "schedule": {
    "id": "fullDay",
    "name": "Полный день"
  },
  "working_days": [],
  "working_time_intervals": [],
  "working_time_modes": [],
  "accept_temporary": false,
  "fly_in_fly_out_duration": [],
  "work_format": [],
  "working_hours": [
    {
      "id": "HOURS_8",
      "name": "8 часов"
    }
  ],
  "work_schedule_by_days": [
    {
      "id": "FIVE_ON_TWO_OFF",
      "name": "5/2"
    }
  ],
  "night_shifts": false,
  "professional_roles": [
    {
      "id": "96",
      "name": "Программист, разработчик"
    }
  ],
  "accept_incomplete_resumes": false,
  "experience": {
    "id": "between1And3",
    "name": "От 1 года до 3 лет"
  },
  "employment": {
    "id": "full",
    "name": "Полная занятость"
  },
  "employment_form": {
    "id": "FULL",
    "name": "Полная"
  },
  "internship": false,
  "adv_response_url": null,
  "is_adv_vacancy": false,
  "adv_context": null
}