{
  "id": "127204429",
  "premium": false,
  "name": "Главный программист",
  "department": null,
  "has_test": false,
  "response_letter_required": false,
  "area": {
    "id": "1",
    "name": "Москва",
    "url": "https://api.hh.ru/areas/1"
  },
  "salary": {
    "from": null,
    "to": 200000,
    "currency": "RUR",
    "gross": true
  },
  "salary_range": {
    "from": null,
    "to": 200000,
    "currency": "RUR",
    "gross": true,
    "mode": {
      "id": "MONTH",
      "name": "За месяц"
    },
    "frequency": null
  },
  "type": {
    "id": "open",
    "name": "Открытая"
  },
  "address": {
    "city": "Москва",
    "street": "Нижегородская улица",
    "building": "32с15",
    "lat": 55.736361,
    "lng": 37.69489,
    "description": null,
    "raw": "Москва, Нижегородская улица, 32с15",
    "metro": null,
    "metro_stations": [],
    "id": "7230849"
  },
  "response_url": null,
  "sort_point_distance": null,
  "published_at": "2025-12-23T14:53:27+06:00",
  "created_at": "2025-12-23T14:53:27+06:00",
  "archived": false,
  "apply_alternate_url": "https://hh.ru/applicant/vacancy_response?vacancyId=127204429",
  "show_logo_in_search": null,
  "show_contacts": true,
  "insider_interview": null,
  "url": "https://api.hh.ru/vacancies/127204429?host=hh.ru",
  "alternate_url": "https://hh.ru/vacancy/127204429",
  "relations": [],
  "employer": {
    "id": "143439",
    "name": "НИИАС",
    "url": "https://api.hh.ru/employers/143439",
    "alternate_url": "https://hh.ru/employer/143439",
    "logo_urls": {
      "original": "https://img.hhcdn.ru/employer-logo-original/1393820.png",
      "90": "https://img.hhcdn.ru/employer-logo/7195063.png",
      "240": "https://img.hhcdn.ru/employer-logo/7195064.png"
    },
    "vacancies_url": "https://api.hh.ru/vacancies?employer_id=143439",
    "country_id": 1,
    "accredited_it_employer": false,
    "trusted": true
  },
  "snippet": {
    "requirement": "Опыт в программировании на языке <highlighttext>C#</highlighttext> от 2 лет (<highlighttext>.NET</highlighttext> Core 2, <highlighttext>.NET</highlighttext> Core 3, <highlighttext>.NET</highlighttext> 5, <highlighttext>.NET</highlighttext> 6). ",
    "responsibility": "Разработка и поддержание в актуальном состоянии серверного и клиентского программного обеспечения (личных кабинетов информационных систем). Участие в проектировании новых программных..."
  },
  "contacts": null,
  "schedule": {
    "id": "fullDay",
    "name": "Полный день"
  },
  "working_days": [],
  "working_time_intervals": [],
  "working_time_modes": [],
  "accept_temporary": false,
  "fly_in_fly_out_duration": [],
  "work_format": [],
  "working_hours": [
    {
      "id": "HOURS_8",
      "name": "8 часов"
    }
  ],
  "work_schedule_by_days": [
    {
      "id": "FIVE_ON_TWO_OFF",
      "name": "5/2"
    }
  ],
  "night_shifts": false,
  "professional_roles": [
    {
      "id": "96",
      "name": "Программист, разработчик"
    }
  ],
  "accept_incomplete_resumes": false,
  "experience": {
    "id": "between1And3",
    "name": "От 1 года до 3 лет"
  },
  "employment": {
    "id": "full",
    "name": "Полная занятость"
  },
  "employment_form": {
    "id": "FULL",
    "name": "Полная"
  },
  "internship": false,
  "adv_response_url": null,
  "is_adv_vacancy": false,
  "adv_context": null
}