{
  "id": "127208865",
  "premium": false,
  "name": "Разработчик C#",
  "department": null,
  "has_test": false,
  "response_letter_required": false,
  "area": {
    "id": "72",
    "name": "Пермь",
    "url": "https://api.hh.ru/areas/72"
  },
  "salary": null,
  "salary_range": null,
  "type": {
    "id": "open",
    "name": "Открытая"
  },
  "address": null,
  "response_url": null,
  "sort_point_distance": null,
  "published_at": "2025-12-01T11:54:32+06:00",
  "created_at": "2025-12-01T11:54:32+06:00",
  "archived": false,
  "apply_alternate_url": "https://hh.ru/applicant/vacancy_response?vacancyId=127208865",
  "branding": {
    "type": "MAKEUP",
    "tariff": null
  },
  "show_logo_in_search": true,
  "show_contacts": true,
  "insider_interview": null,
  "url": "https://api.hh.ru/vacancies/127208865?host=hh.ru",
  "alternate_url": "https://hh.ru/vacancy/127208865",
  "relations": [],
  "employer": {
    "id": "4073",
    "name": "Т Плюс",
    "url": "https://api.hh.ru/employers/4073",
    "alternate_url": "https://hh.ru/employer/4073",
    "logo_urls": {
      "original": "https://img.hhcdn.ru/employer-logo-original-round/7242523.png",
      "90": "https://img.hhcdn.ru/employer-logo-round/7242524.png",
      "240": "https://img.hhcdn.ru/employer-logo-round/7242525.png"
    },
    "vacancies_url": "https://api.hh.ru/vacancies?employer_id=4073",
    "country_id": 1,
    "accredited_it_employer": false,
    "trusted": true
  },
  "snippet": {
    "requirement": "Реальный опыт разработки промышленных\\коммерческих проектов на <highlighttext>C#</highlighttext>, MSSQL, React/TypeScript. Опыт работы разработчиком от 3-х лет. ",
    "responsibility": "Готовность разбираться в логике работы реализованных приложений разработанных на <highlighttext>C#</highlighttext>, T-SQL, React. Интеграция решений с различными сервисами и системами."
  },
  "contacts": null,
  "schedule": {
    "id": "fullDay",
    "name": "Полный день"
  },
  "working_days": [],
  "working_time_intervals": [],
  "working_time_modes": [],
  "accept_temporary": false,
  "fly_in_fly_out_duration": [],
  "work_format": [
    {
      "id": "ON_SITE",
      "name": "На месте работодателя"
    },
    {
      "id": "HYBRID",
      "name": "Гибрид"
    }
  ],
  "working_hours": [
    {
      "id": "HOURS_8",
      "name": "8 часов"
    }
  ],
  "work_schedule_by_days": [
    {
      "id": "FIVE_ON_TWO_OFF",
      "name": "5/2"
    }
  ],
  "night_shifts": false,
  "professional_roles": [
    {
      "id": "96",
      "name": "Программист, разработчик"
    }
  ],
  "accept_incomplete_resumes": false,
  "experience": {
    "id": "between1And3",
    "name": "От 1 года до 3 лет"
  },
  "employment": {
    "id": "full",
    "name": "Полная занятость"
  },
  "employment_form": {
    "id": "FULL",
    "name": "Полная"
  },
  "internship": false,
  "adv_response_url": null,
  "is_adv_vacancy": false,
  "adv_context": null
}