{
  "id": "127222816",
  "premium": false,
  "name": "Backend разработчик .NET",
  "department": null,
  "has_test": false,
  "response_letter_required": false,
  "area": {
    "id": "1",
    "name": "Москва",
    "url": "https://api.hh.ru/areas/1"
  },
  "salary": null,
  "salary_range": null,
  "type": {
    "id": "open",
    "name": "Открытая"
  },
  "address": null,
  "response_url": null,
  "sort_point_distance": null,
  "published_at": "2025-12-01T18:55:26+06:00",
  "created_at": "2025-12-01T18:55:26+06:00",
  "archived": false,
  "apply_alternate_url": "https://hh.ru/applicant/vacancy_response?vacancyId=127222816",
  "show_logo_in_search": null,
  "show_contacts": false,
  "insider_interview": null,
  "url": "https://api.hh.ru/vacancies/127222816?host=hh.ru",
  "alternate_url": "https://hh.ru/vacancy/127222816",
  "relations": [],
  "employer": {
    "id": "1631253",
    "name": "М13",
    "url": "https://api.hh.ru/employers/1631253",
    "alternate_url": "https://hh.ru/employer/1631253",
    "logo_urls": {
      "original": "https://img.hhcdn.ru/employer-logo-original-round/3279415.png",
      "90": "https://img.hhcdn.ru/employer-logo-round/3279416.png",
      "240": "https://img.hhcdn.ru/employer-logo-round/3279417.png"
    },
    "vacancies_url": "https://api.hh.ru/vacancies?employer_id=1631253",
    "country_id": 1,
    "accredited_it_employer": true,
    "trusted": true
  },
  "snippet": {
    "requirement": "Глубокое знание платформы <highlighttext>.NET</highlighttext>, языка <highlighttext>C#</highlighttext> и стандартных библиотек. — Опыт разработки многопоточных и асинхронных приложений (TPL, TAP, async/await). — ",
    "responsibility": "Проектировать и разрабатывать сервисы с REST API/GraphQL для веб- и мобильных клиентов. — Деплоить сервисы в HashiCorp Nomad и нести..."
  },
  "contacts": null,
  "schedule": {
    "id": "remote",
    "name": "Удаленная работа"
  },
  "working_days": [],
  "working_time_intervals": [],
  "working_time_modes": [],
  "accept_temporary": false,
  "fly_in_fly_out_duration": [],
  "work_format": [
    {
      "id": "REMOTE",
      "name": "Удалённо"
    }
  ],
  "working_hours": [
    {
      "id": "HOURS_8",
      "name": "8 часов"
    }
  ],
  "work_schedule_by_days": [
    {
      "id": "FIVE_ON_TWO_OFF",
      "name": "5/2"
    }
  ],
  "night_shifts": false,
  "professional_roles": [
    {
      "id": "96",
      "name": "Программист, разработчик"
    }
  ],
  "accept_incomplete_resumes": false,
  "experience": {
    "id": "moreThan6",
    "name": "Более 6 лет"
  },
  "employment": {
    "id": "full",
    "name": "Полная занятость"
  },
  "employment_form": {
    "id": "FULL",
    "name": "Полная"
  },
  "internship": false,
  "adv_response_url": null,
  "is_adv_vacancy": false,
  "adv_context": null
}