{
  "id": "127352852",
  "premium": false,
  "name": "Unity-разработчик (C#, 3D, iOS, шейдеры), Павлодар",
  "department": null,
  "has_test": false,
  "response_letter_required": false,
  "area": {
    "id": "181",
    "name": "Павлодар",
    "url": "https://api.hh.ru/areas/181"
  },
  "salary": {
    "from": 410000,
    "to": 700000,
    "currency": "KZT",
    "gross": true
  },
  "salary_range": {
    "from": 410000,
    "to": 700000,
    "currency": "KZT",
    "gross": true,
    "mode": {
      "id": "MONTH",
      "name": "За месяц"
    },
    "frequency": {
      "id": "MONTHLY",
      "name": "Раз в месяц"
    }
  },
  "type": {
    "id": "open",
    "name": "Открытая"
  },
  "address": {
    "city": "Павлодар",
    "street": "улица Генерала Дюсенова",
    "building": "117",
    "lat": 52.278194,
    "lng": 76.94684,
    "description": null,
    "raw": "Павлодар, улица Генерала Дюсенова, 117",
    "metro": null,
    "metro_stations": [],
    "id": "891512"
  },
  "response_url": null,
  "sort_point_distance": null,
  "published_at": "2025-12-06T13:41:05+06:00",
  "created_at": "2025-12-06T13:41:05+06:00",
  "archived": false,
  "apply_alternate_url": "https://hh.ru/applicant/vacancy_response?vacancyId=127352852",
  "show_logo_in_search": null,
  "show_contacts": false,
  "insider_interview": null,
  "url": "https://api.hh.ru/vacancies/127352852?host=hh.ru",
  "alternate_url": "https://hh.ru/vacancy/127352852",
  "relations": [],
  "employer": {
    "id": "2635796",
    "name": "TECHNICAL CAPABILITIES CIS",
    "url": "https://api.hh.ru/employers/2635796",
    "alternate_url": "https://hh.ru/employer/2635796",
    "logo_urls": {
      "original": "https://img.hhcdn.ru/employer-logo-original-round/2312039.jpeg",
      "90": "https://img.hhcdn.ru/employer-logo-round/2312040.jpeg",
      "240": "https://img.hhcdn.ru/employer-logo-round/2312041.jpeg"
    },
    "vacancies_url": "https://api.hh.ru/vacancies?employer_id=2635796",
    "country_id": 3,
    "accredited_it_employer": false,
    "trusted": true
  },
  "snippet": {
    "requirement": "Уверенное знание игровых систем Unity (физика, анимации, работа со сценами). Навыки оптимизации и профилирования на мобильных устройствах. Базовое владение Blender...",
    "responsibility": "Отслеживание и устранение багов, профилирование и оптимизация производительности на iOS-устройствах. Доработка шейдеров, света, анимаций для достижения стабильной работы при..."
  },
  "contacts": null,
  "schedule": {
    "id": "fullDay",
    "name": "Полный день"
  },
  "working_days": [],
  "working_time_intervals": [],
  "working_time_modes": [],
  "accept_temporary": true,
  "fly_in_fly_out_duration": [],
  "work_format": [
    {
      "id": "ON_SITE",
      "name": "На месте работодателя"
    }
  ],
  "working_hours": [
    {
      "id": "HOURS_8",
      "name": "8 часов"
    }
  ],
  "work_schedule_by_days": [
    {
      "id": "FIVE_ON_TWO_OFF",
      "name": "5/2"
    }
  ],
  "night_shifts": false,
  "professional_roles": [
    {
      "id": "96",
      "name": "Программист, разработчик"
    }
  ],
  "accept_incomplete_resumes": false,
  "experience": {
    "id": "between3And6",
    "name": "От 3 до 6 лет"
  },
  "employment": {
    "id": "full",
    "name": "Полная занятость"
  },
  "employment_form": {
    "id": "FULL",
    "name": "Полная"
  },
  "internship": false,
  "adv_response_url": null,
  "is_adv_vacancy": false,
  "adv_context": null
}