{
  "id": "127384157",
  "premium": false,
  "name": "Python Developer (DWH)",
  "department": null,
  "has_test": false,
  "response_letter_required": false,
  "area": {
    "id": "1",
    "name": "Москва",
    "url": "https://api.hh.ru/areas/1"
  },
  "salary": null,
  "salary_range": null,
  "type": {
    "id": "open",
    "name": "Открытая"
  },
  "address": {
    "city": "Москва",
    "street": "Ленинградское шоссе",
    "building": "39Ас3",
    "lat": 55.836438,
    "lng": 37.48172,
    "description": null,
    "raw": "Москва, Ленинградское шоссе, 39Ас3",
    "metro": {
      "station_name": "Водный стадион",
      "line_name": "Замоскворецкая",
      "station_id": "2.29",
      "line_id": "2",
      "lat": 55.838978,
      "lng": 37.487515
    },
    "metro_stations": [
      {
        "station_name": "Водный стадион",
        "line_name": "Замоскворецкая",
        "station_id": "2.29",
        "line_id": "2",
        "lat": 55.838978,
        "lng": 37.487515
      }
    ],
    "id": "232078"
  },
  "response_url": null,
  "sort_point_distance": null,
  "published_at": "2025-12-06T21:39:50+06:00",
  "created_at": "2025-12-06T21:39:50+06:00",
  "archived": false,
  "apply_alternate_url": "https://hh.ru/applicant/vacancy_response?vacancyId=127384157",
  "branding": {
    "type": "MAKEUP",
    "tariff": null
  },
  "show_logo_in_search": true,
  "show_contacts": false,
  "insider_interview": null,
  "url": "https://api.hh.ru/vacancies/127384157?host=hh.ru",
  "alternate_url": "https://hh.ru/vacancy/127384157",
  "relations": [],
  "employer": {
    "id": "1057",
    "name": "Лаборатория Касперского",
    "url": "https://api.hh.ru/employers/1057",
    "alternate_url": "https://hh.ru/employer/1057",
    "logo_urls": {
      "original": "https://img.hhcdn.ru/employer-logo-original/1391729.png",
      "90": "https://img.hhcdn.ru/employer-logo/7186699.png",
      "240": "https://img.hhcdn.ru/employer-logo/7186700.png"
    },
    "vacancies_url": "https://api.hh.ru/vacancies?employer_id=1057",
    "country_id": 1,
    "accredited_it_employer": true,
    "trusted": true
  },
  "snippet": {
    "requirement": "Опыт работы с большими объемами данных и оптимизации производительности. Будет плюсом: Опыт работы с <highlighttext>С#</highlighttext>. Опыт работы с Hadoop, S...",
    "responsibility": "Участвовать в разработке и поддержке ядра CDP. Проектировать и реализовывать высоконагруженные микросервисы на Python для приема и обработки данных. "
  },
  "contacts": null,
  "schedule": {
    "id": "remote",
    "name": "Удаленная работа"
  },
  "working_days": [],
  "working_time_intervals": [],
  "working_time_modes": [],
  "accept_temporary": false,
  "fly_in_fly_out_duration": [],
  "work_format": [
    {
      "id": "ON_SITE",
      "name": "На месте работодателя"
    },
    {
      "id": "REMOTE",
      "name": "Удалённо"
    },
    {
      "id": "HYBRID",
      "name": "Гибрид"
    }
  ],
  "working_hours": [
    {
      "id": "OTHER",
      "name": "Другое"
    }
  ],
  "work_schedule_by_days": [
    {
      "id": "OTHER",
      "name": "Другое"
    }
  ],
  "night_shifts": false,
  "professional_roles": [
    {
      "id": "96",
      "name": "Программист, разработчик"
    }
  ],
  "accept_incomplete_resumes": false,
  "experience": {
    "id": "between3And6",
    "name": "От 3 до 6 лет"
  },
  "employment": {
    "id": "full",
    "name": "Полная занятость"
  },
  "employment_form": {
    "id": "FULL",
    "name": "Полная"
  },
  "internship": false,
  "adv_response_url": null,
  "is_adv_vacancy": false,
  "adv_context": null
}