{
  "id": "127384627",
  "premium": false,
  "name": "Ведущий разработчик .NET/С#",
  "department": null,
  "has_test": false,
  "response_letter_required": false,
  "area": {
    "id": "2",
    "name": "Санкт-Петербург",
    "url": "https://api.hh.ru/areas/2"
  },
  "salary": null,
  "salary_range": null,
  "type": {
    "id": "open",
    "name": "Открытая"
  },
  "address": {
    "city": "Санкт-Петербург",
    "street": "Фуражный переулок",
    "building": "3К",
    "lat": 59.938775,
    "lng": 30.373199,
    "description": null,
    "raw": "Санкт-Петербург, Фуражный переулок, 3К",
    "metro": {
      "station_name": "Площадь Восстания",
      "line_name": "Кировско-Выборгская",
      "station_id": "14.199",
      "line_id": "14",
      "lat": 59.930279,
      "lng": 30.361069
    },
    "metro_stations": [
      {
        "station_name": "Площадь Восстания",
        "line_name": "Кировско-Выборгская",
        "station_id": "14.199",
        "line_id": "14",
        "lat": 59.930279,
        "lng": 30.361069
      },
      {
        "station_name": "Чернышевская",
        "line_name": "Кировско-Выборгская",
        "station_id": "14.198",
        "line_id": "14",
        "lat": 59.94453,
        "lng": 30.359919
      }
    ],
    "id": "14913016"
  },
  "response_url": null,
  "sort_point_distance": null,
  "published_at": "2025-12-19T21:47:09+06:00",
  "created_at": "2025-12-19T21:47:09+06:00",
  "archived": false,
  "apply_alternate_url": "https://hh.ru/applicant/vacancy_response?vacancyId=127384627",
  "show_logo_in_search": null,
  "show_contacts": true,
  "insider_interview": null,
  "url": "https://api.hh.ru/vacancies/127384627?host=hh.ru",
  "alternate_url": "https://hh.ru/vacancy/127384627",
  "relations": [],
  "employer": {
    "id": "10679934",
    "name": "Нетрика Медицина",
    "url": "https://api.hh.ru/employers/10679934",
    "alternate_url": "https://hh.ru/employer/10679934",
    "logo_urls": {
      "original": "https://img.hhcdn.ru/employer-logo-original-round/6485768.png",
      "90": "https://img.hhcdn.ru/employer-logo-round/6485769.png",
      "240": "https://img.hhcdn.ru/employer-logo-round/6485770.png"
    },
    "vacancies_url": "https://api.hh.ru/vacancies?employer_id=10679934",
    "country_id": 1,
    "accredited_it_employer": true,
    "trusted": true
  },
  "snippet": {
    "requirement": "Отличное знание языка <highlighttext>C#</highlighttext> (опыт 5+ лет). Уверенное понимание архитектуры высоконагруженных приложений с коммерческим опытом разработки высоконагруженных сервисов. ",
    "responsibility": "Участие в проектировании и создании высоконагруженной и отказоустойчивой архитектуры, принятие ключевых технических решений. Технический контроль и менторство команды разработчиков: проведение..."
  },
  "contacts": null,
  "schedule": {
    "id": "fullDay",
    "name": "Полный день"
  },
  "working_days": [],
  "working_time_intervals": [],
  "working_time_modes": [],
  "accept_temporary": false,
  "fly_in_fly_out_duration": [],
  "work_format": [
    {
      "id": "HYBRID",
      "name": "Гибрид"
    }
  ],
  "working_hours": [
    {
      "id": "HOURS_8",
      "name": "8 часов"
    }
  ],
  "work_schedule_by_days": [
    {
      "id": "FIVE_ON_TWO_OFF",
      "name": "5/2"
    }
  ],
  "night_shifts": false,
  "professional_roles": [
    {
      "id": "96",
      "name": "Программист, разработчик"
    }
  ],
  "accept_incomplete_resumes": false,
  "experience": {
    "id": "between3And6",
    "name": "От 3 до 6 лет"
  },
  "employment": {
    "id": "full",
    "name": "Полная занятость"
  },
  "employment_form": {
    "id": "FULL",
    "name": "Полная"
  },
  "internship": false,
  "adv_response_url": null,
  "is_adv_vacancy": false,
  "adv_context": null
}