{
  "id": "127348000",
  "premium": false,
  "name": "Старший разработчик C#, ERP и учётные системы",
  "department": {
    "id": "ozonru-2180-dev",
    "name": "Ozon Tech"
  },
  "has_test": false,
  "response_letter_required": false,
  "area": {
    "id": "3",
    "name": "Екатеринбург",
    "url": "https://api.hh.ru/areas/3"
  },
  "salary": null,
  "salary_range": null,
  "type": {
    "id": "open",
    "name": "Открытая"
  },
  "address": null,
  "response_url": null,
  "sort_point_distance": null,
  "published_at": "2025-11-26T15:42:46+06:00",
  "created_at": "2025-11-26T15:42:46+06:00",
  "archived": false,
  "apply_alternate_url": "https://hh.ru/applicant/vacancy_response?vacancyId=127348000",
  "branding": {
    "type": "MAKEUP",
    "tariff": null
  },
  "show_logo_in_search": true,
  "show_contacts": true,
  "insider_interview": null,
  "url": "https://api.hh.ru/vacancies/127348000?host=hh.ru",
  "alternate_url": "https://hh.ru/vacancy/127348000",
  "relations": [],
  "employer": {
    "id": "2180",
    "name": "Ozon",
    "url": "https://api.hh.ru/employers/2180",
    "alternate_url": "https://hh.ru/employer/2180",
    "logo_urls": {
      "original": "https://img.hhcdn.ru/employer-logo-original-round/5899116.png",
      "90": "https://img.hhcdn.ru/employer-logo-round/5899117.png",
      "240": "https://img.hhcdn.ru/employer-logo-round/5899118.png"
    },
    "vacancies_url": "https://api.hh.ru/vacancies?employer_id=2180",
    "country_id": 1,
    "accredited_it_employer": true,
    "trusted": true
  },
  "snippet": {
    "requirement": "Опыт коммерческой разработки на <highlighttext>С#</highlighttext> от 6 лет. Практический опыт работы с базами данных, знание SQL и умение оптимизировать запросы. ",
    "responsibility": "Мы отвечаем за учёт всех финансово значимых событий в Ozon: управляем тарифами для селлеров, формируем финансовые и учётные документы, автоматизируем..."
  },
  "contacts": null,
  "schedule": {
    "id": "remote",
    "name": "Удаленная работа"
  },
  "working_days": [],
  "working_time_intervals": [],
  "working_time_modes": [],
  "accept_temporary": false,
  "fly_in_fly_out_duration": [],
  "work_format": [
    {
      "id": "ON_SITE",
      "name": "На месте работодателя"
    },
    {
      "id": "REMOTE",
      "name": "Удалённо"
    },
    {
      "id": "HYBRID",
      "name": "Гибрид"
    }
  ],
  "working_hours": [
    {
      "id": "HOURS_8",
      "name": "8 часов"
    }
  ],
  "work_schedule_by_days": [
    {
      "id": "FIVE_ON_TWO_OFF",
      "name": "5/2"
    }
  ],
  "night_shifts": false,
  "professional_roles": [
    {
      "id": "96",
      "name": "Программист, разработчик"
    }
  ],
  "accept_incomplete_resumes": false,
  "experience": {
    "id": "moreThan6",
    "name": "Более 6 лет"
  },
  "employment": {
    "id": "full",
    "name": "Полная занятость"
  },
  "employment_form": {
    "id": "FULL",
    "name": "Полная"
  },
  "internship": false,
  "adv_response_url": null,
  "is_adv_vacancy": false,
  "adv_context": null
}