{
  "id": "127364024",
  "premium": false,
  "name": "Главный специалист-эксперт отдела информационно-аналитических технологий",
  "department": null,
  "has_test": false,
  "response_letter_required": false,
  "area": {
    "id": "89",
    "name": "Тверь",
    "url": "https://api.hh.ru/areas/89"
  },
  "salary": {
    "from": 60000,
    "to": 70000,
    "currency": "RUR",
    "gross": false
  },
  "salary_range": {
    "from": 60000,
    "to": 70000,
    "currency": "RUR",
    "gross": false,
    "mode": {
      "id": "MONTH",
      "name": "За месяц"
    },
    "frequency": {
      "id": "TWICE_PER_MONTH",
      "name": "Два раза в месяц"
    }
  },
  "type": {
    "id": "open",
    "name": "Открытая"
  },
  "address": {
    "city": "Тверь",
    "street": "улица Андрея Дементьева",
    "building": "24",
    "lat": 56.855098,
    "lng": 35.916361,
    "description": null,
    "raw": "Тверь, улица Андрея Дементьева, 24",
    "metro": null,
    "metro_stations": [],
    "id": "1679905"
  },
  "response_url": null,
  "sort_point_distance": null,
  "published_at": "2025-12-17T19:06:47+06:00",
  "created_at": "2025-12-17T19:06:47+06:00",
  "archived": false,
  "apply_alternate_url": "https://hh.ru/applicant/vacancy_response?vacancyId=127364024",
  "show_contacts": true,
  "insider_interview": null,
  "url": "https://api.hh.ru/vacancies/127364024?host=hh.ru",
  "alternate_url": "https://hh.ru/vacancy/127364024",
  "relations": [],
  "employer": {
    "id": "3558028",
    "name": "Территориальный фонд обязательного медицинского страхования Тверской области",
    "url": "https://api.hh.ru/employers/3558028",
    "alternate_url": "https://hh.ru/employer/3558028",
    "logo_urls": null,
    "vacancies_url": "https://api.hh.ru/vacancies?employer_id=3558028",
    "country_id": 1,
    "accredited_it_employer": false,
    "trusted": true
  },
  "snippet": {
    "requirement": "Приветствуется: Знание и опыт работы с Delphi, <highlighttext>C#</highlighttext>. Знание нормативных правовых актов РФ и Тверской области по информационному взаимодействию в...",
    "responsibility": "Разработка программного обеспечения в соответствии с техническими заданиями. Проектирование баз данных, написание SQL-запросов, хранимых процедур. Участие в согласовании требований..."
  },
  "contacts": null,
  "schedule": {
    "id": "fullDay",
    "name": "Полный день"
  },
  "working_days": [],
  "working_time_intervals": [],
  "working_time_modes": [],
  "accept_temporary": false,
  "fly_in_fly_out_duration": [],
  "work_format": [
    {
      "id": "ON_SITE",
      "name": "На месте работодателя"
    }
  ],
  "working_hours": [
    {
      "id": "HOURS_8",
      "name": "8 часов"
    }
  ],
  "work_schedule_by_days": [
    {
      "id": "FIVE_ON_TWO_OFF",
      "name": "5/2"
    }
  ],
  "night_shifts": false,
  "professional_roles": [
    {
      "id": "96",
      "name": "Программист, разработчик"
    }
  ],
  "accept_incomplete_resumes": true,
  "experience": {
    "id": "between1And3",
    "name": "От 1 года до 3 лет"
  },
  "employment": {
    "id": "full",
    "name": "Полная занятость"
  },
  "employment_form": {
    "id": "FULL",
    "name": "Полная"
  },
  "internship": false,
  "adv_response_url": null,
  "is_adv_vacancy": false,
  "adv_context": null
}