{
  "id": "127366446",
  "premium": false,
  "name": "Инженер-программист АСУТП по направлению АК Транснефть",
  "department": null,
  "has_test": false,
  "response_letter_required": false,
  "area": {
    "id": "99",
    "name": "Уфа",
    "url": "https://api.hh.ru/areas/99"
  },
  "salary": {
    "from": 100000,
    "to": null,
    "currency": "RUR",
    "gross": false
  },
  "salary_range": {
    "from": 100000,
    "to": null,
    "currency": "RUR",
    "gross": false,
    "mode": {
      "id": "MONTH",
      "name": "За месяц"
    },
    "frequency": null
  },
  "type": {
    "id": "open",
    "name": "Открытая"
  },
  "address": {
    "city": "Уфа",
    "street": "Комсомольская улица",
    "building": "98",
    "lat": 54.749725,
    "lng": 56.004595,
    "description": null,
    "raw": "Уфа, Комсомольская улица, 98",
    "metro": null,
    "metro_stations": [],
    "id": "140961"
  },
  "response_url": null,
  "sort_point_distance": null,
  "published_at": "2025-12-05T13:18:57+06:00",
  "created_at": "2025-12-05T13:18:57+06:00",
  "archived": false,
  "apply_alternate_url": "https://hh.ru/applicant/vacancy_response?vacancyId=127366446",
  "show_logo_in_search": null,
  "show_contacts": true,
  "insider_interview": null,
  "url": "https://api.hh.ru/vacancies/127366446?host=hh.ru",
  "alternate_url": "https://hh.ru/vacancy/127366446",
  "relations": [],
  "employer": {
    "id": "614764",
    "name": "Экситон - автоматика, НПФ",
    "url": "https://api.hh.ru/employers/614764",
    "alternate_url": "https://hh.ru/employer/614764",
    "logo_urls": {
      "original": "https://img.hhcdn.ru/employer-logo-original/1395217.png",
      "90": "https://img.hhcdn.ru/employer-logo/7200651.png",
      "240": "https://img.hhcdn.ru/employer-logo/7200652.png"
    },
    "vacancies_url": "https://api.hh.ru/vacancies?employer_id=614764",
    "country_id": 1,
    "accredited_it_employer": false,
    "trusted": true
  },
  "snippet": {
    "requirement": "Практический опыт разработки ПО на любом из языков программирования (Delphi, C/<highlighttext>C#</highlighttext>, VB/VBA). Опыт работы с базами данных (MS...",
    "responsibility": "Разработка типового ППО для объектов АК Транснефть. Доработка существующих МПСА объектов АК Транснефть. Разработка эксплуатационной документации на ППО. "
  },
  "contacts": null,
  "schedule": {
    "id": "fullDay",
    "name": "Полный день"
  },
  "working_days": [],
  "working_time_intervals": [],
  "working_time_modes": [],
  "accept_temporary": false,
  "fly_in_fly_out_duration": [],
  "work_format": [],
  "working_hours": [
    {
      "id": "HOURS_8",
      "name": "8 часов"
    }
  ],
  "work_schedule_by_days": [
    {
      "id": "FIVE_ON_TWO_OFF",
      "name": "5/2"
    }
  ],
  "night_shifts": false,
  "professional_roles": [
    {
      "id": "96",
      "name": "Программист, разработчик"
    }
  ],
  "accept_incomplete_resumes": false,
  "experience": {
    "id": "between3And6",
    "name": "От 3 до 6 лет"
  },
  "employment": {
    "id": "full",
    "name": "Полная занятость"
  },
  "employment_form": {
    "id": "FULL",
    "name": "Полная"
  },
  "internship": false,
  "adv_response_url": null,
  "is_adv_vacancy": false,
  "adv_context": null
}