{
  "id": "127467996",
  "premium": false,
  "name": "Ведущий инженер-программист С#",
  "department": null,
  "has_test": false,
  "response_letter_required": false,
  "area": {
    "id": "1002",
    "name": "Минск",
    "url": "https://api.hh.ru/areas/1002"
  },
  "salary": {
    "from": 3,
    "to": null,
    "currency": "BYR",
    "gross": true
  },
  "salary_range": {
    "from": 3,
    "to": null,
    "currency": "BYR",
    "gross": true,
    "mode": {
      "id": "MONTH",
      "name": "За месяц"
    },
    "frequency": null
  },
  "type": {
    "id": "open",
    "name": "Открытая"
  },
  "address": {
    "city": "Минск",
    "street": "Кальварийская улица",
    "building": "7",
    "lat": 53.905366,
    "lng": 27.53498,
    "description": null,
    "raw": "Минск, Кальварийская улица, 7",
    "metro": {
      "station_name": "Фрунзенская",
      "line_name": "Автозаводская",
      "station_id": "63.421",
      "line_id": "63",
      "lat": 53.905286,
      "lng": 27.539328
    },
    "metro_stations": [
      {
        "station_name": "Фрунзенская",
        "line_name": "Автозаводская",
        "station_id": "63.421",
        "line_id": "63",
        "lat": 53.905286,
        "lng": 27.539328
      }
    ],
    "id": "434087"
  },
  "response_url": null,
  "sort_point_distance": null,
  "published_at": "2025-12-10T14:51:15+06:00",
  "created_at": "2025-12-10T14:51:15+06:00",
  "archived": false,
  "apply_alternate_url": "https://hh.ru/applicant/vacancy_response?vacancyId=127467996",
  "show_logo_in_search": null,
  "show_contacts": false,
  "insider_interview": null,
  "url": "https://api.hh.ru/vacancies/127467996?host=hh.ru",
  "alternate_url": "https://hh.ru/vacancy/127467996",
  "relations": [],
  "employer": {
    "id": "1662708",
    "name": "Белорусский межбанковский расчетный центр",
    "url": "https://api.hh.ru/employers/1662708",
    "alternate_url": "https://hh.ru/employer/1662708",
    "logo_urls": {
      "original": "https://img.hhcdn.ru/employer-logo-original-round/3404568.png",
      "90": "https://img.hhcdn.ru/employer-logo-round/3404569.png",
      "240": "https://img.hhcdn.ru/employer-logo-round/3404570.png"
    },
    "vacancies_url": "https://api.hh.ru/vacancies?employer_id=1662708",
    "country_id": 4,
    "accredited_it_employer": false,
    "trusted": true
  },
  "snippet": {
    "requirement": "Стаж работы от 3 лет. Уверенные знание и опыт работы на <highlighttext>C#</highlighttext>, Entity Framework. Уверенное владение и опыт работы с...",
    "responsibility": "Разработка программного обеспечения. Доработка текущих АИС. Участие в разработке технических решений по разработке/доработке ПО."
  },
  "contacts": null,
  "schedule": {
    "id": "fullDay",
    "name": "Полный день"
  },
  "working_days": [],
  "working_time_intervals": [],
  "working_time_modes": [],
  "accept_temporary": false,
  "fly_in_fly_out_duration": [],
  "work_format": [
    {
      "id": "ON_SITE",
      "name": "На месте работодателя"
    }
  ],
  "working_hours": [
    {
      "id": "HOURS_8",
      "name": "8 часов"
    }
  ],
  "work_schedule_by_days": [
    {
      "id": "FIVE_ON_TWO_OFF",
      "name": "5/2"
    }
  ],
  "night_shifts": false,
  "professional_roles": [
    {
      "id": "96",
      "name": "Программист, разработчик"
    }
  ],
  "accept_incomplete_resumes": false,
  "experience": {
    "id": "between3And6",
    "name": "От 3 до 6 лет"
  },
  "employment": {
    "id": "full",
    "name": "Полная занятость"
  },
  "employment_form": {
    "id": "FULL",
    "name": "Полная"
  },
  "internship": false,
  "adv_response_url": null,
  "is_adv_vacancy": false,
  "adv_context": null
}