{
  "id": "127467773",
  "premium": false,
  "name": "Специалист по коммерческому учету электроэнергии (АИИС КУЭ, ОРЭМ)",
  "department": {
    "id": "665467-665467-Atom",
    "name": "Гринатом. Вакансии в атомной отрасли"
  },
  "has_test": true,
  "response_letter_required": false,
  "area": {
    "id": "1",
    "name": "Москва",
    "url": "https://api.hh.ru/areas/1"
  },
  "salary": null,
  "salary_range": null,
  "type": {
    "id": "open",
    "name": "Открытая"
  },
  "address": null,
  "response_url": null,
  "sort_point_distance": null,
  "published_at": "2025-12-02T11:33:49+06:00",
  "created_at": "2025-12-02T11:33:49+06:00",
  "archived": false,
  "apply_alternate_url": "https://hh.ru/applicant/vacancy_response?vacancyId=127467773",
  "branding": {
    "type": "MAKEUP",
    "tariff": null
  },
  "show_logo_in_search": true,
  "show_contacts": false,
  "insider_interview": null,
  "url": "https://api.hh.ru/vacancies/127467773?host=hh.ru",
  "alternate_url": "https://hh.ru/vacancy/127467773",
  "relations": [],
  "employer": {
    "id": "665467",
    "name": "Гринатом",
    "url": "https://api.hh.ru/employers/665467",
    "alternate_url": "https://hh.ru/employer/665467",
    "logo_urls": {
      "original": "https://img.hhcdn.ru/employer-logo-original-round/3558162.png",
      "90": "https://img.hhcdn.ru/employer-logo-round/3558163.png",
      "240": "https://img.hhcdn.ru/employer-logo-round/3558164.png"
    },
    "vacancies_url": "https://api.hh.ru/vacancies?employer_id=665467",
    "country_id": 1,
    "accredited_it_employer": false,
    "trusted": true
  },
  "snippet": {
    "requirement": "Опыт параметрирования приборов учета (MeterCat, СЭТ-4ТМ, Меркурий). Навыки ведения переговоров и деловой переписки. Будет плюсом: Базовые навыки <highlighttext>C#</highlighttext>. ",
    "responsibility": "Организация и контроль работы системы коммерческого учета электроэнергии (АИИС КУЭ) на всех этапах. Ежедневный мониторинг сбора и отправки данных (макетов..."
  },
  "contacts": null,
  "schedule": {
    "id": "fullDay",
    "name": "Полный день"
  },
  "working_days": [],
  "working_time_intervals": [],
  "working_time_modes": [],
  "accept_temporary": false,
  "fly_in_fly_out_duration": [],
  "work_format": [
    {
      "id": "ON_SITE",
      "name": "На месте работодателя"
    }
  ],
  "working_hours": [
    {
      "id": "HOURS_8",
      "name": "8 часов"
    }
  ],
  "work_schedule_by_days": [
    {
      "id": "FIVE_ON_TWO_OFF",
      "name": "5/2"
    }
  ],
  "night_shifts": false,
  "professional_roles": [
    {
      "id": "144",
      "name": "Инженер-энергетик, инженер-электрик"
    }
  ],
  "accept_incomplete_resumes": false,
  "experience": {
    "id": "between3And6",
    "name": "От 3 до 6 лет"
  },
  "employment": {
    "id": "full",
    "name": "Полная занятость"
  },
  "employment_form": {
    "id": "FULL",
    "name": "Полная"
  },
  "internship": false,
  "adv_response_url": null,
  "is_adv_vacancy": false,
  "adv_context": null
}