{
  "id": "127446691",
  "premium": false,
  "name": "Middle Web Pentester / Специалист по тестированию безопасности веб-приложений",
  "department": null,
  "has_test": true,
  "response_letter_required": false,
  "area": {
    "id": "146",
    "name": "Сербия",
    "url": "https://api.hh.ru/areas/146"
  },
  "salary": null,
  "salary_range": null,
  "type": {
    "id": "open",
    "name": "Открытая"
  },
  "address": null,
  "response_url": null,
  "sort_point_distance": null,
  "published_at": "2025-12-09T19:14:54+06:00",
  "created_at": "2025-12-09T19:14:54+06:00",
  "archived": false,
  "apply_alternate_url": "https://hh.ru/applicant/vacancy_response?vacancyId=127446691",
  "show_logo_in_search": null,
  "show_contacts": false,
  "insider_interview": null,
  "url": "https://api.hh.ru/vacancies/127446691?host=hh.ru",
  "alternate_url": "https://hh.ru/vacancy/127446691",
  "relations": [],
  "employer": {
    "id": "5846248",
    "name": "Employcity",
    "url": "https://api.hh.ru/employers/5846248",
    "alternate_url": "https://hh.ru/employer/5846248",
    "logo_urls": {
      "original": "https://img.hhcdn.ru/employer-logo-original-round/5942408.jpeg",
      "90": "https://img.hhcdn.ru/employer-logo-round/5942409.jpeg",
      "240": "https://img.hhcdn.ru/employer-logo-round/5942410.jpeg"
    },
    "vacancies_url": "https://api.hh.ru/vacancies?employer_id=5846248",
    "country_id": 1,
    "accredited_it_employer": false,
    "trusted": true
  },
  "snippet": {
    "requirement": "Глубокие знания в области безопасности веб-приложений (в идеале с уклоном в указанный стек). Владеть burp'ом как викинг мечом...",
    "responsibility": "Проведение пентестов веб-приложений (white/grey/black box тестирование в зависимости от ситуации и требований). Подготовка рекомендаций и советов по..."
  },
  "contacts": null,
  "schedule": {
    "id": "fullDay",
    "name": "Полный день"
  },
  "working_days": [],
  "working_time_intervals": [],
  "working_time_modes": [],
  "accept_temporary": false,
  "fly_in_fly_out_duration": [],
  "work_format": [
    {
      "id": "ON_SITE",
      "name": "На месте работодателя"
    }
  ],
  "working_hours": [
    {
      "id": "HOURS_8",
      "name": "8 часов"
    }
  ],
  "work_schedule_by_days": [
    {
      "id": "FIVE_ON_TWO_OFF",
      "name": "5/2"
    }
  ],
  "night_shifts": false,
  "professional_roles": [
    {
      "id": "40",
      "name": "Другое"
    }
  ],
  "accept_incomplete_resumes": true,
  "experience": {
    "id": "between1And3",
    "name": "От 1 года до 3 лет"
  },
  "employment": {
    "id": "full",
    "name": "Полная занятость"
  },
  "employment_form": {
    "id": "FULL",
    "name": "Полная"
  },
  "internship": false,
  "adv_response_url": null,
  "is_adv_vacancy": false,
  "adv_context": null
}