{
  "id": "127489712",
  "premium": false,
  "name": "Unity Разработчик",
  "department": null,
  "has_test": false,
  "response_letter_required": false,
  "area": {
    "id": "1003",
    "name": "Гомель",
    "url": "https://api.hh.ru/areas/1003"
  },
  "salary": null,
  "salary_range": null,
  "type": {
    "id": "open",
    "name": "Открытая"
  },
  "address": {
    "city": "Гомель",
    "street": "Интернациональная улица",
    "building": "13",
    "lat": 52.421826,
    "lng": 31.004957,
    "description": null,
    "raw": "Гомель, Интернациональная улица, 13",
    "metro": null,
    "metro_stations": [],
    "id": "3699241"
  },
  "response_url": null,
  "sort_point_distance": null,
  "published_at": "2025-12-10T20:05:04+06:00",
  "created_at": "2025-12-10T20:05:04+06:00",
  "archived": false,
  "apply_alternate_url": "https://hh.ru/applicant/vacancy_response?vacancyId=127489712",
  "show_logo_in_search": null,
  "show_contacts": false,
  "insider_interview": null,
  "url": "https://api.hh.ru/vacancies/127489712?host=hh.ru",
  "alternate_url": "https://hh.ru/vacancy/127489712",
  "relations": [],
  "employer": {
    "id": "3123325",
    "name": "ОпенМайГейм",
    "url": "https://api.hh.ru/employers/3123325",
    "alternate_url": "https://hh.ru/employer/3123325",
    "logo_urls": {
      "original": "https://img.hhcdn.ru/employer-logo-original/1448538.png",
      "90": "https://img.hhcdn.ru/employer-logo/7413773.png",
      "240": "https://img.hhcdn.ru/employer-logo/7413774.png"
    },
    "vacancies_url": "https://api.hh.ru/vacancies?employer_id=3123325",
    "country_id": 4,
    "accredited_it_employer": false,
    "trusted": true
  },
  "snippet": {
    "requirement": "Опыт разработки игр на Unity <highlighttext>C#</highlighttext> от 2х лет. Знание ООП, паттернов, алгоритмов, структур данных и оптимизации. ",
    "responsibility": "Разработка 2D и 3D игр на Unity для платформ iOS и Android. Программирование игровой логики. Верстка игровых интерфейсов. "
  },
  "contacts": null,
  "schedule": {
    "id": "fullDay",
    "name": "Полный день"
  },
  "working_days": [],
  "working_time_intervals": [],
  "working_time_modes": [],
  "accept_temporary": false,
  "fly_in_fly_out_duration": [],
  "work_format": [],
  "working_hours": [
    {
      "id": "HOURS_8",
      "name": "8 часов"
    }
  ],
  "work_schedule_by_days": [
    {
      "id": "FIVE_ON_TWO_OFF",
      "name": "5/2"
    }
  ],
  "night_shifts": false,
  "professional_roles": [
    {
      "id": "96",
      "name": "Программист, разработчик"
    }
  ],
  "accept_incomplete_resumes": false,
  "experience": {
    "id": "between1And3",
    "name": "От 1 года до 3 лет"
  },
  "employment": {
    "id": "full",
    "name": "Полная занятость"
  },
  "employment_form": {
    "id": "FULL",
    "name": "Полная"
  },
  "internship": false,
  "adv_response_url": null,
  "is_adv_vacancy": false,
  "adv_context": null
}