{
  "id": "127484988",
  "premium": false,
  "name": "Программист C#",
  "department": null,
  "has_test": false,
  "response_letter_required": false,
  "area": {
    "id": "53",
    "name": "Краснодар",
    "url": "https://api.hh.ru/areas/53"
  },
  "salary": null,
  "salary_range": null,
  "type": {
    "id": "open",
    "name": "Открытая"
  },
  "address": {
    "city": "Краснодар",
    "street": "Центральный внутригородской округ, микрорайон Центральный, улица Мира",
    "building": "36",
    "lat": 45.021131,
    "lng": 38.966465,
    "description": null,
    "raw": "Краснодар, Центральный внутригородской округ, микрорайон Центральный, улица Мира, 36",
    "metro": null,
    "metro_stations": [],
    "id": "7588182"
  },
  "response_url": null,
  "sort_point_distance": null,
  "published_at": "2025-12-08T10:04:23+06:00",
  "created_at": "2025-12-08T10:04:23+06:00",
  "archived": false,
  "apply_alternate_url": "https://hh.ru/applicant/vacancy_response?vacancyId=127484988",
  "branding": {
    "type": "MAKEUP",
    "tariff": null
  },
  "show_logo_in_search": true,
  "show_contacts": true,
  "insider_interview": null,
  "url": "https://api.hh.ru/vacancies/127484988?host=hh.ru",
  "alternate_url": "https://hh.ru/vacancy/127484988",
  "relations": [],
  "employer": {
    "id": "239363",
    "name": "Роснефть - НТЦ",
    "url": "https://api.hh.ru/employers/239363",
    "alternate_url": "https://hh.ru/employer/239363",
    "logo_urls": {
      "original": "https://img.hhcdn.ru/employer-logo-original-round/106249.png",
      "90": "https://img.hhcdn.ru/employer-logo-round/356193.png",
      "240": "https://img.hhcdn.ru/employer-logo-round/429050.png"
    },
    "vacancies_url": "https://api.hh.ru/vacancies?employer_id=239363",
    "country_id": 1,
    "accredited_it_employer": false,
    "trusted": true
  },
  "snippet": {
    "requirement": "Опыт работы не менее 2-х лет по специальности. Владение языком программирования <highlighttext>C#</highlighttext>. Опыт разработки приложений с использованием технологий WPF. ",
    "responsibility": "...разработка на <highlighttext>C#</highlighttext>: десктоп, VSTO-надстройки, модули для ПО. Анализ и решение задач по автоматизации с использованием платформы <highlighttext>.NET</highlighttext>. "
  },
  "contacts": null,
  "schedule": {
    "id": "fullDay",
    "name": "Полный день"
  },
  "working_days": [],
  "working_time_intervals": [],
  "working_time_modes": [],
  "accept_temporary": false,
  "fly_in_fly_out_duration": [],
  "work_format": [],
  "working_hours": [
    {
      "id": "HOURS_8",
      "name": "8 часов"
    }
  ],
  "work_schedule_by_days": [
    {
      "id": "FIVE_ON_TWO_OFF",
      "name": "5/2"
    }
  ],
  "night_shifts": false,
  "professional_roles": [
    {
      "id": "96",
      "name": "Программист, разработчик"
    }
  ],
  "accept_incomplete_resumes": false,
  "experience": {
    "id": "between1And3",
    "name": "От 1 года до 3 лет"
  },
  "employment": {
    "id": "full",
    "name": "Полная занятость"
  },
  "employment_form": {
    "id": "FULL",
    "name": "Полная"
  },
  "internship": false,
  "adv_response_url": null,
  "is_adv_vacancy": false,
  "adv_context": null
}