{
  "id": "127597663",
  "premium": false,
  "name": "Главный разработчик .Net (Tessa) / TeamLead",
  "department": {
    "id": "mag-49357-it",
    "name": "МАГНИТ, Розничная сеть. IT"
  },
  "has_test": false,
  "response_letter_required": false,
  "area": {
    "id": "1",
    "name": "Москва",
    "url": "https://api.hh.ru/areas/1"
  },
  "salary": null,
  "salary_range": null,
  "type": {
    "id": "open",
    "name": "Открытая"
  },
  "address": null,
  "response_url": null,
  "sort_point_distance": null,
  "published_at": "2025-12-08T23:06:56+06:00",
  "created_at": "2025-12-08T23:06:56+06:00",
  "archived": false,
  "apply_alternate_url": "https://hh.ru/applicant/vacancy_response?vacancyId=127597663",
  "branding": {
    "type": "MAKEUP",
    "tariff": null
  },
  "show_logo_in_search": true,
  "show_contacts": false,
  "insider_interview": null,
  "url": "https://api.hh.ru/vacancies/127597663?host=hh.ru",
  "alternate_url": "https://hh.ru/vacancy/127597663",
  "relations": [],
  "employer": {
    "id": "49357",
    "name": "МАГНИТ, Розничная сеть",
    "url": "https://api.hh.ru/employers/49357",
    "alternate_url": "https://hh.ru/employer/49357",
    "logo_urls": {
      "90": "https://img.hhcdn.ru/ichameleon/486343.png",
      "240": "https://img.hhcdn.ru/ichameleon/486343.png",
      "original": "https://img.hhcdn.ru/ichameleon/486343.png"
    },
    "vacancies_url": "https://api.hh.ru/vacancies?employer_id=49357",
    "country_id": 1,
    "accredited_it_employer": false,
    "trusted": true
  },
  "snippet": {
    "requirement": "Стек технологий: Tessa, <highlighttext>.Net</highlighttext> 8, <highlighttext>C#</highlighttext>, React, Микросервисы, Брокеры сообщений, Postgres, Gitlab. Опыт коммерческой разработки на <highlighttext>.NET</highlighttext> (<highlighttext>C#</highlighttext>) и ключевое...",
    "responsibility": "Проектирование, построение и развитие микросервисного BPM-фреймворка уровня Enterprise. Реализация функционала СЭД на основе артефактов системного анализа: технического проекта и..."
  },
  "contacts": null,
  "schedule": {
    "id": "remote",
    "name": "Удаленная работа"
  },
  "working_days": [],
  "working_time_intervals": [],
  "working_time_modes": [],
  "accept_temporary": false,
  "fly_in_fly_out_duration": [],
  "work_format": [
    {
      "id": "REMOTE",
      "name": "Удалённо"
    }
  ],
  "working_hours": [
    {
      "id": "HOURS_8",
      "name": "8 часов"
    }
  ],
  "work_schedule_by_days": [
    {
      "id": "FIVE_ON_TWO_OFF",
      "name": "5/2"
    }
  ],
  "night_shifts": false,
  "professional_roles": [
    {
      "id": "96",
      "name": "Программист, разработчик"
    }
  ],
  "accept_incomplete_resumes": false,
  "experience": {
    "id": "between3And6",
    "name": "От 3 до 6 лет"
  },
  "employment": {
    "id": "full",
    "name": "Полная занятость"
  },
  "employment_form": {
    "id": "FULL",
    "name": "Полная"
  },
  "internship": false,
  "adv_response_url": null,
  "is_adv_vacancy": false,
  "adv_context": null
}