{
  "id": "127541498",
  "premium": false,
  "name": "Руководитель/Главный Frontend разработчик",
  "department": null,
  "has_test": false,
  "response_letter_required": false,
  "area": {
    "id": "1",
    "name": "Москва",
    "url": "https://api.hh.ru/areas/1"
  },
  "salary": null,
  "salary_range": null,
  "type": {
    "id": "open",
    "name": "Открытая"
  },
  "address": {
    "city": "Москва",
    "street": "Пресненская набережная",
    "building": "12",
    "lat": 55.749633,
    "lng": 37.537434,
    "description": null,
    "raw": "Москва, Пресненская набережная, 12",
    "metro": null,
    "metro_stations": [],
    "id": "15903621"
  },
  "response_url": null,
  "sort_point_distance": null,
  "published_at": "2025-12-11T19:34:44+06:00",
  "created_at": "2025-12-11T19:34:44+06:00",
  "archived": false,
  "apply_alternate_url": "https://hh.ru/applicant/vacancy_response?vacancyId=127541498",
  "branding": {
    "type": "CONSTRUCTOR",
    "tariff": "BASIC"
  },
  "show_logo_in_search": true,
  "show_contacts": false,
  "insider_interview": null,
  "url": "https://api.hh.ru/vacancies/127541498?host=hh.ru",
  "alternate_url": "https://hh.ru/vacancy/127541498",
  "relations": [],
  "employer": {
    "id": "1454",
    "name": "АКБ Национальный Резервный Банк",
    "url": "https://api.hh.ru/employers/1454",
    "alternate_url": "https://hh.ru/employer/1454",
    "logo_urls": {
      "original": "https://img.hhcdn.ru/employer-logo-original-round/6769637.jpeg",
      "90": "https://img.hhcdn.ru/employer-logo-round/6769638.jpeg",
      "240": "https://img.hhcdn.ru/employer-logo-round/6769639.jpeg"
    },
    "vacancies_url": "https://api.hh.ru/vacancies?employer_id=1454",
    "country_id": 1,
    "accredited_it_employer": false,
    "trusted": true
  },
  "snippet": {
    "requirement": "Глубокие знания Blazor (Server и WebAssembly), JavaScript, TypeScript, а также <highlighttext>.NET</highlighttext> (WPF, WinForms). Умение работать с компонентными библиотеками (DevExpress, MudBlazor...",
    "responsibility": "Наставничество и ведения команды разработчиков. Проектирования интерфейсов корпоративных приложений. На платформе <highlighttext>.NET</highlighttext> с использованием языка <highlighttext>C#</highlighttext>, СУБД PostgreSQL и UI..."
  },
  "contacts": null,
  "schedule": {
    "id": "fullDay",
    "name": "Полный день"
  },
  "working_days": [],
  "working_time_intervals": [],
  "working_time_modes": [],
  "accept_temporary": false,
  "fly_in_fly_out_duration": [],
  "work_format": [
    {
      "id": "HYBRID",
      "name": "Гибрид"
    }
  ],
  "working_hours": [
    {
      "id": "HOURS_8",
      "name": "8 часов"
    }
  ],
  "work_schedule_by_days": [
    {
      "id": "FIVE_ON_TWO_OFF",
      "name": "5/2"
    }
  ],
  "night_shifts": false,
  "professional_roles": [
    {
      "id": "104",
      "name": "Руководитель группы разработки"
    }
  ],
  "accept_incomplete_resumes": false,
  "experience": {
    "id": "moreThan6",
    "name": "Более 6 лет"
  },
  "employment": {
    "id": "full",
    "name": "Полная занятость"
  },
  "employment_form": {
    "id": "FULL",
    "name": "Полная"
  },
  "internship": false,
  "adv_response_url": null,
  "is_adv_vacancy": false,
  "adv_context": null
}