{
  "id": "127561443",
  "premium": false,
  "name": "C#/.Net Tech Lead",
  "department": null,
  "has_test": false,
  "response_letter_required": true,
  "area": {
    "id": "3",
    "name": "Екатеринбург",
    "url": "https://api.hh.ru/areas/3"
  },
  "salary": null,
  "salary_range": null,
  "type": {
    "id": "open",
    "name": "Открытая"
  },
  "address": {
    "city": "Екатеринбург",
    "street": "Зоологическая улица",
    "building": "9",
    "lat": 56.81315771736062,
    "lng": 60.537329374343244,
    "description": null,
    "raw": "Екатеринбург, Зоологическая улица, 9",
    "metro": null,
    "metro_stations": [],
    "id": "16151895"
  },
  "response_url": null,
  "sort_point_distance": null,
  "published_at": "2025-12-08T17:51:21+06:00",
  "created_at": "2025-12-08T17:51:21+06:00",
  "archived": false,
  "apply_alternate_url": "https://hh.ru/applicant/vacancy_response?vacancyId=127561443",
  "branding": {
    "type": "MAKEUP",
    "tariff": null
  },
  "show_logo_in_search": true,
  "show_contacts": true,
  "insider_interview": null,
  "url": "https://api.hh.ru/vacancies/127561443?host=hh.ru",
  "alternate_url": "https://hh.ru/vacancy/127561443",
  "relations": [],
  "employer": {
    "id": "11217385",
    "name": "РегЛаб",
    "url": "https://api.hh.ru/employers/11217385",
    "alternate_url": "https://hh.ru/employer/11217385",
    "logo_urls": {
      "original": "https://img.hhcdn.ru/employer-logo-original/1391096.png",
      "90": "https://img.hhcdn.ru/employer-logo/7184171.png",
      "240": "https://img.hhcdn.ru/employer-logo/7184172.png"
    },
    "vacancies_url": "https://api.hh.ru/vacancies?employer_id=11217385",
    "country_id": 1,
    "accredited_it_employer": true,
    "trusted": true
  },
  "snippet": {
    "requirement": "Опыт работы от 5 лет в разработке на <highlighttext>C#</highlighttext>/<highlighttext>.NET</highlighttext>, включая не менее 2 лет в роли Tech Lead / Senior...",
    "responsibility": "Архитектура: Проектирование, развитие и контроль архитектуры <highlighttext>.NET</highlighttext>-проектов, обеспечение их масштабируемости и надежности. Наставничество: Проведение code review, менторство разработчиков, внедрение..."
  },
  "contacts": null,
  "schedule": {
    "id": "fullDay",
    "name": "Полный день"
  },
  "working_days": [],
  "working_time_intervals": [],
  "working_time_modes": [],
  "accept_temporary": false,
  "fly_in_fly_out_duration": [],
  "work_format": [
    {
      "id": "ON_SITE",
      "name": "На месте работодателя"
    },
    {
      "id": "HYBRID",
      "name": "Гибрид"
    }
  ],
  "working_hours": [
    {
      "id": "HOURS_8",
      "name": "8 часов"
    }
  ],
  "work_schedule_by_days": [
    {
      "id": "FIVE_ON_TWO_OFF",
      "name": "5/2"
    }
  ],
  "night_shifts": false,
  "professional_roles": [
    {
      "id": "96",
      "name": "Программист, разработчик"
    }
  ],
  "accept_incomplete_resumes": false,
  "experience": {
    "id": "between3And6",
    "name": "От 3 до 6 лет"
  },
  "employment": {
    "id": "full",
    "name": "Полная занятость"
  },
  "employment_form": {
    "id": "FULL",
    "name": "Полная"
  },
  "internship": false,
  "adv_response_url": null,
  "is_adv_vacancy": false,
  "adv_context": null
}