{
  "id": "127557112",
  "premium": false,
  "name": "Руководитель проекта роботизированной сварки",
  "department": null,
  "has_test": false,
  "response_letter_required": false,
  "area": {
    "id": "68",
    "name": "Омск",
    "url": "https://api.hh.ru/areas/68"
  },
  "salary": null,
  "salary_range": null,
  "type": {
    "id": "open",
    "name": "Открытая"
  },
  "address": {
    "city": "Омск",
    "street": "улица Электрификаторов",
    "building": "7",
    "lat": 55.016167,
    "lng": 73.194981,
    "description": null,
    "raw": "Омск, улица Электрификаторов, 7",
    "metro": null,
    "metro_stations": [],
    "id": "682804"
  },
  "response_url": null,
  "sort_point_distance": null,
  "published_at": "2025-12-09T15:22:40+06:00",
  "created_at": "2025-12-09T15:22:40+06:00",
  "archived": false,
  "apply_alternate_url": "https://hh.ru/applicant/vacancy_response?vacancyId=127557112",
  "show_logo_in_search": null,
  "show_contacts": true,
  "insider_interview": null,
  "url": "https://api.hh.ru/vacancies/127557112?host=hh.ru",
  "alternate_url": "https://hh.ru/vacancy/127557112",
  "relations": [],
  "employer": {
    "id": "851100",
    "name": "Омский ЭМЗ",
    "url": "https://api.hh.ru/employers/851100",
    "alternate_url": "https://hh.ru/employer/851100",
    "logo_urls": {
      "original": "https://img.hhcdn.ru/employer-logo-original-round/4116879.png",
      "90": "https://img.hhcdn.ru/employer-logo-round/4116880.png",
      "240": "https://img.hhcdn.ru/employer-logo-round/4116881.png"
    },
    "vacancies_url": "https://api.hh.ru/vacancies?employer_id=851100",
    "country_id": 1,
    "accredited_it_employer": false,
    "trusted": true
  },
  "snippet": {
    "requirement": "Знание основ структурного программирования. Опыт программирования на языках (Basic, Pascal, <highlighttext>C#</highlighttext>, Python и т.д). Понимание основ автоматизации техпроцессов, включая...",
    "responsibility": "Технологическая подготовка сварочных работ на роботизированном комплексе. Составление и внедрение программ на РТК. Настройка и тестирование сварочных роботизированных комплексов. "
  },
  "contacts": null,
  "schedule": {
    "id": "fullDay",
    "name": "Полный день"
  },
  "working_days": [],
  "working_time_intervals": [],
  "working_time_modes": [],
  "accept_temporary": false,
  "fly_in_fly_out_duration": [],
  "work_format": [
    {
      "id": "ON_SITE",
      "name": "На месте работодателя"
    }
  ],
  "working_hours": [
    {
      "id": "HOURS_8",
      "name": "8 часов"
    }
  ],
  "work_schedule_by_days": [
    {
      "id": "FIVE_ON_TWO_OFF",
      "name": "5/2"
    }
  ],
  "night_shifts": false,
  "professional_roles": [
    {
      "id": "107",
      "name": "Руководитель проектов"
    }
  ],
  "accept_incomplete_resumes": false,
  "experience": {
    "id": "between1And3",
    "name": "От 1 года до 3 лет"
  },
  "employment": {
    "id": "full",
    "name": "Полная занятость"
  },
  "employment_form": {
    "id": "FULL",
    "name": "Полная"
  },
  "internship": false,
  "adv_response_url": null,
  "is_adv_vacancy": false,
  "adv_context": null
}