{
  "id": "127530306",
  "premium": false,
  "name": "Dynamics 365 \\ Power Platform Developer",
  "department": null,
  "has_test": false,
  "response_letter_required": false,
  "area": {
    "id": "159",
    "name": "Астана",
    "url": "https://api.hh.ru/areas/159"
  },
  "salary": null,
  "salary_range": null,
  "type": {
    "id": "open",
    "name": "Открытая"
  },
  "address": null,
  "response_url": null,
  "sort_point_distance": null,
  "published_at": "2025-12-11T16:53:49+06:00",
  "created_at": "2025-12-11T16:53:49+06:00",
  "archived": false,
  "apply_alternate_url": "https://hh.ru/applicant/vacancy_response?vacancyId=127530306",
  "branding": {
    "type": "MAKEUP",
    "tariff": null
  },
  "show_logo_in_search": true,
  "show_contacts": false,
  "insider_interview": null,
  "url": "https://api.hh.ru/vacancies/127530306?host=hh.ru",
  "alternate_url": "https://hh.ru/vacancy/127530306",
  "relations": [],
  "employer": {
    "id": "204511",
    "name": "Itransition",
    "url": "https://api.hh.ru/employers/204511",
    "alternate_url": "https://hh.ru/employer/204511",
    "logo_urls": {
      "original": "https://img.hhcdn.ru/employer-logo-original/1387105.png",
      "90": "https://img.hhcdn.ru/employer-logo/7168207.png",
      "240": "https://img.hhcdn.ru/employer-logo/7168208.png"
    },
    "vacancies_url": "https://api.hh.ru/vacancies?employer_id=204511",
    "country_id": 4,
    "accredited_it_employer": false,
    "trusted": true
  },
  "snippet": {
    "requirement": "Strong development skills in <highlighttext>C#</highlighttext> and JavaScript for D365. Strong Power Automate skills. Ability to work in Agile/Scrum...",
    "responsibility": "Development and customization of Power Apps and Dynamics 365 CRM solutions. Supporting customers with existing implementations. Integrating Dynamics 365 with..."
  },
  "contacts": null,
  "schedule": {
    "id": "remote",
    "name": "Удаленная работа"
  },
  "working_days": [],
  "working_time_intervals": [],
  "working_time_modes": [],
  "accept_temporary": false,
  "fly_in_fly_out_duration": [],
  "work_format": [
    {
      "id": "REMOTE",
      "name": "Удалённо"
    }
  ],
  "working_hours": [
    {
      "id": "HOURS_8",
      "name": "8 часов"
    }
  ],
  "work_schedule_by_days": [
    {
      "id": "FIVE_ON_TWO_OFF",
      "name": "5/2"
    }
  ],
  "night_shifts": false,
  "professional_roles": [
    {
      "id": "96",
      "name": "Программист, разработчик"
    }
  ],
  "accept_incomplete_resumes": false,
  "experience": {
    "id": "between3And6",
    "name": "От 3 до 6 лет"
  },
  "employment": {
    "id": "full",
    "name": "Полная занятость"
  },
  "employment_form": {
    "id": "FULL",
    "name": "Полная"
  },
  "internship": false,
  "adv_response_url": null,
  "is_adv_vacancy": false,
  "adv_context": null
}