{
  "id": "127533809",
  "premium": false,
  "name": "Team Lead/Тимлид (C#/.Net)",
  "department": null,
  "has_test": false,
  "response_letter_required": true,
  "area": {
    "id": "1",
    "name": "Москва",
    "url": "https://api.hh.ru/areas/1"
  },
  "salary": null,
  "salary_range": null,
  "type": {
    "id": "open",
    "name": "Открытая"
  },
  "address": null,
  "response_url": null,
  "sort_point_distance": null,
  "published_at": "2025-12-22T15:50:42+06:00",
  "created_at": "2025-12-22T15:50:42+06:00",
  "archived": false,
  "apply_alternate_url": "https://hh.ru/applicant/vacancy_response?vacancyId=127533809",
  "branding": {
    "type": "MAKEUP",
    "tariff": null
  },
  "show_logo_in_search": true,
  "show_contacts": false,
  "insider_interview": null,
  "url": "https://api.hh.ru/vacancies/127533809?host=hh.ru",
  "alternate_url": "https://hh.ru/vacancy/127533809",
  "relations": [],
  "employer": {
    "id": "678191",
    "name": "Юрент",
    "url": "https://api.hh.ru/employers/678191",
    "alternate_url": "https://hh.ru/employer/678191",
    "logo_urls": {
      "original": "https://img.hhcdn.ru/employer-logo-original-round/6036100.png",
      "90": "https://img.hhcdn.ru/employer-logo-round/6036101.png",
      "240": "https://img.hhcdn.ru/employer-logo-round/6036102.png"
    },
    "vacancies_url": "https://api.hh.ru/vacancies?employer_id=678191",
    "country_id": 1,
    "accredited_it_employer": false,
    "trusted": true
  },
  "snippet": {
    "requirement": "Опыт коммерческой разработки на <highlighttext>C#</highlighttext> backend (<highlighttext>.NET</highlighttext>) 6+ лет . Опыт управления командой и процессами разработки. Опыт разработки backend для...",
    "responsibility": "Документирование архитектурных решений и процессов разработки. Написание исходного кода продукта. Внедрить эффективный процесс ревью кода команды. Управление командой и ее..."
  },
  "contacts": null,
  "schedule": {
    "id": "remote",
    "name": "Удаленная работа"
  },
  "working_days": [],
  "working_time_intervals": [],
  "working_time_modes": [],
  "accept_temporary": false,
  "fly_in_fly_out_duration": [],
  "work_format": [
    {
      "id": "REMOTE",
      "name": "Удалённо"
    }
  ],
  "working_hours": [
    {
      "id": "HOURS_8",
      "name": "8 часов"
    }
  ],
  "work_schedule_by_days": [
    {
      "id": "FIVE_ON_TWO_OFF",
      "name": "5/2"
    }
  ],
  "night_shifts": false,
  "professional_roles": [
    {
      "id": "104",
      "name": "Руководитель группы разработки"
    }
  ],
  "accept_incomplete_resumes": false,
  "experience": {
    "id": "moreThan6",
    "name": "Более 6 лет"
  },
  "employment": {
    "id": "full",
    "name": "Полная занятость"
  },
  "employment_form": {
    "id": "FULL",
    "name": "Полная"
  },
  "internship": false,
  "adv_response_url": null,
  "is_adv_vacancy": false,
  "adv_context": null
}