{
  "id": "127629950",
  "premium": false,
  "name": "Главный специалист DevSecOps",
  "department": null,
  "has_test": false,
  "response_letter_required": false,
  "area": {
    "id": "160",
    "name": "Алматы",
    "url": "https://api.hh.ru/areas/160"
  },
  "salary": null,
  "salary_range": null,
  "type": {
    "id": "open",
    "name": "Открытая"
  },
  "address": {
    "city": "Алматы",
    "street": "проспект Назарбаева",
    "building": "50",
    "lat": 43.261492,
    "lng": 76.946319,
    "description": null,
    "raw": "Алматы, проспект Назарбаева, 50",
    "metro": {
      "station_name": "Жибек Жолы",
      "line_name": "Первая",
      "station_id": "64.431",
      "line_id": "64",
      "lat": 43.260199,
      "lng": 76.946103
    },
    "metro_stations": [
      {
        "station_name": "Жибек Жолы",
        "line_name": "Первая",
        "station_id": "64.431",
        "line_id": "64",
        "lat": 43.260199,
        "lng": 76.946103
      }
    ],
    "id": "1010596"
  },
  "response_url": null,
  "sort_point_distance": null,
  "published_at": "2025-12-08T12:42:17+06:00",
  "created_at": "2025-12-08T12:42:17+06:00",
  "archived": false,
  "apply_alternate_url": "https://hh.ru/applicant/vacancy_response?vacancyId=127629950",
  "branding": {
    "type": "MAKEUP",
    "tariff": null
  },
  "show_logo_in_search": true,
  "show_contacts": false,
  "insider_interview": null,
  "url": "https://api.hh.ru/vacancies/127629950?host=hh.ru",
  "alternate_url": "https://hh.ru/vacancy/127629950",
  "relations": [],
  "employer": {
    "id": "63519",
    "name": "KMF Банк",
    "url": "https://api.hh.ru/employers/63519",
    "alternate_url": "https://hh.ru/employer/63519",
    "logo_urls": {
      "original": "https://img.hhcdn.ru/employer-logo-original/1447519.png",
      "90": "https://img.hhcdn.ru/employer-logo/7409700.png",
      "240": "https://img.hhcdn.ru/employer-logo/7409701.png"
    },
    "vacancies_url": "https://api.hh.ru/vacancies?employer_id=63519",
    "country_id": 3,
    "accredited_it_employer": false,
    "trusted": true
  },
  "snippet": {
    "requirement": "...Testing), IAST (Interactive Application Security Testing). Умение читать синтаксис или знание языков программирования: Golang, VueJS+Typescript, Kotlin, Swift, <highlighttext>C#</highlighttext>, Python, SQL.",
    "responsibility": "Интеграция безопасности в CI/CD (развертывание и настройка SAST, SCA, DAST, IAST в GitLab, контроль уязвимостей на этапах разработки). "
  },
  "contacts": null,
  "schedule": {
    "id": "fullDay",
    "name": "Полный день"
  },
  "working_days": [],
  "working_time_intervals": [],
  "working_time_modes": [],
  "accept_temporary": false,
  "fly_in_fly_out_duration": [],
  "work_format": [
    {
      "id": "ON_SITE",
      "name": "На месте работодателя"
    }
  ],
  "working_hours": [
    {
      "id": "HOURS_8",
      "name": "8 часов"
    }
  ],
  "work_schedule_by_days": [
    {
      "id": "FIVE_ON_TWO_OFF",
      "name": "5/2"
    }
  ],
  "night_shifts": false,
  "professional_roles": [
    {
      "id": "116",
      "name": "Специалист по информационной безопасности"
    }
  ],
  "accept_incomplete_resumes": false,
  "experience": {
    "id": "between1And3",
    "name": "От 1 года до 3 лет"
  },
  "employment": {
    "id": "full",
    "name": "Полная занятость"
  },
  "employment_form": {
    "id": "FULL",
    "name": "Полная"
  },
  "internship": false,
  "adv_response_url": null,
  "is_adv_vacancy": false,
  "adv_context": null
}