{
  "id": "127634500",
  "premium": false,
  "name": "Младший разработчик .NET/C#",
  "department": null,
  "has_test": false,
  "response_letter_required": false,
  "area": {
    "id": "1",
    "name": "Москва",
    "url": "https://api.hh.ru/areas/1"
  },
  "salary": null,
  "salary_range": null,
  "type": {
    "id": "open",
    "name": "Открытая"
  },
  "address": {
    "city": "деревня Михалково",
    "street": null,
    "building": null,
    "lat": 55.789522,
    "lng": 37.24708,
    "description": null,
    "raw": "деревня Михалково",
    "metro": {
      "station_name": "Красногорская",
      "line_name": "МЦД-2",
      "station_id": "132.714",
      "line_id": "132",
      "lat": 55.814571,
      "lng": 37.303337
    },
    "metro_stations": [
      {
        "station_name": "Красногорская",
        "line_name": "МЦД-2",
        "station_id": "132.714",
        "line_id": "132",
        "lat": 55.814571,
        "lng": 37.303337
      },
      {
        "station_name": "Опалиха",
        "line_name": "МЦД-2",
        "station_id": "132.713",
        "line_id": "132",
        "lat": 55.82333,
        "lng": 37.246843
      }
    ],
    "id": "21245357"
  },
  "response_url": null,
  "sort_point_distance": null,
  "published_at": "2025-12-16T20:10:46+06:00",
  "created_at": "2025-12-16T20:10:46+06:00",
  "archived": false,
  "apply_alternate_url": "https://hh.ru/applicant/vacancy_response?vacancyId=127634500",
  "branding": {
    "type": "MAKEUP",
    "tariff": null
  },
  "show_logo_in_search": true,
  "show_contacts": false,
  "insider_interview": null,
  "url": "https://api.hh.ru/vacancies/127634500?host=hh.ru",
  "alternate_url": "https://hh.ru/vacancy/127634500",
  "relations": [],
  "employer": {
    "id": "2644166",
    "name": "Мэйджор Терминал",
    "url": "https://api.hh.ru/employers/2644166",
    "alternate_url": "https://hh.ru/employer/2644166",
    "logo_urls": {
      "original": "https://img.hhcdn.ru/employer-logo-original/1451352.png",
      "90": "https://img.hhcdn.ru/employer-logo/7425029.png",
      "240": "https://img.hhcdn.ru/employer-logo/7425030.png"
    },
    "vacancies_url": "https://api.hh.ru/vacancies?employer_id=2644166",
    "country_id": 1,
    "accredited_it_employer": false,
    "trusted": true
  },
  "snippet": {
    "requirement": "Базовые знания <highlighttext>C#</highlighttext> и платформы <highlighttext>.NET</highlighttext> Core. Базовые знания SQL (Postgre, MS). Базовые знания Git. Базовые знания в брокерах сообщений...",
    "responsibility": "Разработкой на <highlighttext>.NET</highlighttext> Core, по большей части backend. Участием в проектах по разработке мобильного приложения для работы склада (ТСД), а..."
  },
  "contacts": null,
  "schedule": {
    "id": "fullDay",
    "name": "Полный день"
  },
  "working_days": [],
  "working_time_intervals": [],
  "working_time_modes": [],
  "accept_temporary": false,
  "fly_in_fly_out_duration": [],
  "work_format": [
    {
      "id": "HYBRID",
      "name": "Гибрид"
    }
  ],
  "working_hours": [
    {
      "id": "HOURS_8",
      "name": "8 часов"
    }
  ],
  "work_schedule_by_days": [
    {
      "id": "FIVE_ON_TWO_OFF",
      "name": "5/2"
    }
  ],
  "night_shifts": false,
  "professional_roles": [
    {
      "id": "96",
      "name": "Программист, разработчик"
    }
  ],
  "accept_incomplete_resumes": false,
  "experience": {
    "id": "noExperience",
    "name": "Нет опыта"
  },
  "employment": {
    "id": "full",
    "name": "Полная занятость"
  },
  "employment_form": {
    "id": "FULL",
    "name": "Полная"
  },
  "internship": false,
  "adv_response_url": null,
  "is_adv_vacancy": false,
  "adv_context": null
}