{
  "id": "127607187",
  "premium": false,
  "name": "Технический архитектор/Техлид (C#)",
  "department": null,
  "has_test": false,
  "response_letter_required": false,
  "area": {
    "id": "2",
    "name": "Санкт-Петербург",
    "url": "https://api.hh.ru/areas/2"
  },
  "salary": null,
  "salary_range": null,
  "type": {
    "id": "open",
    "name": "Открытая"
  },
  "address": {
    "city": "Санкт-Петербург",
    "street": "Ушаковская набережная",
    "building": "5",
    "lat": 59.98208331173085,
    "lng": 30.31268591534415,
    "description": null,
    "raw": "Санкт-Петербург, Ушаковская набережная, 5",
    "metro": {
      "station_name": "Лесная",
      "line_name": "Кировско-Выборгская",
      "station_id": "14.195",
      "line_id": "14",
      "lat": 59.984947,
      "lng": 30.344259
    },
    "metro_stations": [
      {
        "station_name": "Лесная",
        "line_name": "Кировско-Выборгская",
        "station_id": "14.195",
        "line_id": "14",
        "lat": 59.984947,
        "lng": 30.344259
      },
      {
        "station_name": "Петроградская",
        "line_name": "Московско-Петроградская",
        "station_id": "15.215",
        "line_id": "15",
        "lat": 59.966389,
        "lng": 30.311293
      },
      {
        "station_name": "Чёрная речка",
        "line_name": "Московско-Петроградская",
        "station_id": "15.214",
        "line_id": "15",
        "lat": 59.985455,
        "lng": 30.300833
      }
    ],
    "id": "11128674"
  },
  "response_url": null,
  "sort_point_distance": null,
  "published_at": "2025-12-07T22:58:55+06:00",
  "created_at": "2025-12-07T22:58:55+06:00",
  "archived": false,
  "apply_alternate_url": "https://hh.ru/applicant/vacancy_response?vacancyId=127607187",
  "show_logo_in_search": null,
  "show_contacts": true,
  "insider_interview": null,
  "url": "https://api.hh.ru/vacancies/127607187?host=hh.ru",
  "alternate_url": "https://hh.ru/vacancy/127607187",
  "relations": [],
  "employer": {
    "id": "3177",
    "name": "Первый Бит",
    "url": "https://api.hh.ru/employers/3177",
    "alternate_url": "https://hh.ru/employer/3177",
    "logo_urls": {
      "original": "https://img.hhcdn.ru/employer-logo-original-round/2982495.png",
      "90": "https://img.hhcdn.ru/employer-logo-round/2982496.png",
      "240": "https://img.hhcdn.ru/employer-logo-round/2982497.png"
    },
    "vacancies_url": "https://api.hh.ru/vacancies?employer_id=3177",
    "country_id": 1,
    "accredited_it_employer": true,
    "trusted": true
  },
  "snippet": {
    "requirement": "База данных: PostgreSQL. Опыт работы в архитектуре/разработке от 7+ лет. Hard Skills (уверенное владение): Умение доносить сложные решения...",
    "responsibility": "Архитектуры: микросервисы. Логирование/Трассировка: Grafana Stack (Loki, Tempo). Мониторинг: Prometheus. Авторизация и аутентификация: IdentityServer. Погружение в функциональный/инфраструктурный ландшафт SFA..."
  },
  "contacts": null,
  "schedule": {
    "id": "remote",
    "name": "Удаленная работа"
  },
  "working_days": [],
  "working_time_intervals": [],
  "working_time_modes": [],
  "accept_temporary": false,
  "fly_in_fly_out_duration": [],
  "work_format": [
    {
      "id": "REMOTE",
      "name": "Удалённо"
    },
    {
      "id": "HYBRID",
      "name": "Гибрид"
    }
  ],
  "working_hours": [
    {
      "id": "HOURS_8",
      "name": "8 часов"
    }
  ],
  "work_schedule_by_days": [
    {
      "id": "FIVE_ON_TWO_OFF",
      "name": "5/2"
    }
  ],
  "night_shifts": false,
  "professional_roles": [
    {
      "id": "96",
      "name": "Программист, разработчик"
    }
  ],
  "accept_incomplete_resumes": false,
  "experience": {
    "id": "moreThan6",
    "name": "Более 6 лет"
  },
  "employment": {
    "id": "full",
    "name": "Полная занятость"
  },
  "employment_form": {
    "id": "FULL",
    "name": "Полная"
  },
  "internship": false,
  "adv_response_url": null,
  "is_adv_vacancy": false,
  "adv_context": null
}