{
  "id": "127655884",
  "premium": false,
  "name": "Программист С# (Junior) (в офис)",
  "department": null,
  "has_test": false,
  "response_letter_required": false,
  "area": {
    "id": "53",
    "name": "Краснодар",
    "url": "https://api.hh.ru/areas/53"
  },
  "salary": {
    "from": 60000,
    "to": null,
    "currency": "RUR",
    "gross": false
  },
  "salary_range": {
    "from": 60000,
    "to": null,
    "currency": "RUR",
    "gross": false,
    "mode": {
      "id": "MONTH",
      "name": "За месяц"
    },
    "frequency": {
      "id": "TWICE_PER_MONTH",
      "name": "Два раза в месяц"
    }
  },
  "type": {
    "id": "open",
    "name": "Открытая"
  },
  "address": {
    "city": "Краснодар",
    "street": "улица Герцена",
    "building": "265/2",
    "lat": 45.056868,
    "lng": 38.944213,
    "description": null,
    "raw": "Краснодар, улица Герцена, 265/2",
    "metro": null,
    "metro_stations": [],
    "id": "13710439"
  },
  "response_url": null,
  "sort_point_distance": null,
  "published_at": "2025-12-04T13:21:53+06:00",
  "created_at": "2025-12-04T13:21:53+06:00",
  "archived": false,
  "apply_alternate_url": "https://hh.ru/applicant/vacancy_response?vacancyId=127655884",
  "branding": {
    "type": "MAKEUP",
    "tariff": null
  },
  "show_logo_in_search": true,
  "show_contacts": false,
  "insider_interview": null,
  "url": "https://api.hh.ru/vacancies/127655884?host=hh.ru",
  "alternate_url": "https://hh.ru/vacancy/127655884",
  "relations": [],
  "employer": {
    "id": "782885",
    "name": "Клиника Екатерининская",
    "url": "https://api.hh.ru/employers/782885",
    "alternate_url": "https://hh.ru/employer/782885",
    "logo_urls": {
      "original": "https://img.hhcdn.ru/employer-logo-original-round/6861685.png",
      "90": "https://img.hhcdn.ru/employer-logo-round/6861686.png",
      "240": "https://img.hhcdn.ru/employer-logo-round/6861687.png"
    },
    "vacancies_url": "https://api.hh.ru/vacancies?employer_id=782885",
    "country_id": 1,
    "accredited_it_employer": false,
    "trusted": true
  },
  "snippet": {
    "requirement": "Уверенное знание языка программирования <highlighttext>C#</highlighttext>, платформы Microsoft <highlighttext>.Net</highlighttext>, <highlighttext>.Net</highlighttext> Core ASP.NET, ASP.NETCore, LINQ, ORM, Git/. Понимание принципов ООП. ",
    "responsibility": "Участие в разработке ПО в составе команды программистов. Осуществление поддержки текущих решений."
  },
  "contacts": null,
  "schedule": {
    "id": "fullDay",
    "name": "Полный день"
  },
  "working_days": [],
  "working_time_intervals": [],
  "working_time_modes": [],
  "accept_temporary": false,
  "fly_in_fly_out_duration": [],
  "work_format": [
    {
      "id": "ON_SITE",
      "name": "На месте работодателя"
    }
  ],
  "working_hours": [
    {
      "id": "HOURS_8",
      "name": "8 часов"
    }
  ],
  "work_schedule_by_days": [
    {
      "id": "FIVE_ON_TWO_OFF",
      "name": "5/2"
    }
  ],
  "night_shifts": false,
  "professional_roles": [
    {
      "id": "96",
      "name": "Программист, разработчик"
    }
  ],
  "accept_incomplete_resumes": false,
  "experience": {
    "id": "noExperience",
    "name": "Нет опыта"
  },
  "employment": {
    "id": "full",
    "name": "Полная занятость"
  },
  "employment_form": {
    "id": "FULL",
    "name": "Полная"
  },
  "internship": false,
  "adv_response_url": null,
  "is_adv_vacancy": false,
  "adv_context": null
}