{
  "id": "127696566",
  "premium": false,
  "name": "Программист C#/.NET (Backend) (работа в офисе г. Пермь)",
  "department": null,
  "has_test": false,
  "response_letter_required": false,
  "area": {
    "id": "72",
    "name": "Пермь",
    "url": "https://api.hh.ru/areas/72"
  },
  "salary": null,
  "salary_range": null,
  "type": {
    "id": "open",
    "name": "Открытая"
  },
  "address": {
    "city": "Пермь",
    "street": "Советская улица",
    "building": "65А",
    "lat": 58.01341552959941,
    "lng": 56.23315028587854,
    "description": null,
    "raw": "Пермь, Советская улица, 65А",
    "metro": null,
    "metro_stations": [],
    "id": "16007635"
  },
  "response_url": null,
  "sort_point_distance": null,
  "published_at": "2025-12-22T12:36:20+06:00",
  "created_at": "2025-12-22T12:36:20+06:00",
  "archived": false,
  "apply_alternate_url": "https://hh.ru/applicant/vacancy_response?vacancyId=127696566",
  "show_logo_in_search": null,
  "show_contacts": true,
  "insider_interview": null,
  "url": "https://api.hh.ru/vacancies/127696566?host=hh.ru",
  "alternate_url": "https://hh.ru/vacancy/127696566",
  "relations": [],
  "employer": {
    "id": "3590170",
    "name": "Кадровое агентство АЛЬКОР",
    "url": "https://api.hh.ru/employers/3590170",
    "alternate_url": "https://hh.ru/employer/3590170",
    "logo_urls": {
      "original": "https://img.hhcdn.ru/employer-logo-original-round/6699333.jpeg",
      "90": "https://img.hhcdn.ru/employer-logo-round/6699334.jpeg",
      "240": "https://img.hhcdn.ru/employer-logo-round/6699335.jpeg"
    },
    "vacancies_url": "https://api.hh.ru/vacancies?employer_id=3590170",
    "country_id": 1,
    "accredited_it_employer": false,
    "trusted": true
  },
  "snippet": {
    "requirement": "Знание <highlighttext>C#</highlighttext>, <highlighttext>.Net</highlighttext> 7 и выше. Знание HTTP REST API. Знание СУБД MySQL, PostgreSQL. Знание языка запросов SQL и принципов...",
    "responsibility": "Проработка требований к функциям совместно с командой. Разработка новой и поддержка существующей функциональности серверной части веб-приложений. Разработка веб-API..."
  },
  "contacts": null,
  "schedule": {
    "id": "fullDay",
    "name": "Полный день"
  },
  "working_days": [],
  "working_time_intervals": [],
  "working_time_modes": [],
  "accept_temporary": false,
  "fly_in_fly_out_duration": [],
  "work_format": [
    {
      "id": "ON_SITE",
      "name": "На месте работодателя"
    }
  ],
  "working_hours": [
    {
      "id": "HOURS_8",
      "name": "8 часов"
    }
  ],
  "work_schedule_by_days": [
    {
      "id": "FIVE_ON_TWO_OFF",
      "name": "5/2"
    }
  ],
  "night_shifts": false,
  "professional_roles": [
    {
      "id": "96",
      "name": "Программист, разработчик"
    }
  ],
  "accept_incomplete_resumes": false,
  "experience": {
    "id": "between1And3",
    "name": "От 1 года до 3 лет"
  },
  "employment": {
    "id": "full",
    "name": "Полная занятость"
  },
  "employment_form": {
    "id": "FULL",
    "name": "Полная"
  },
  "internship": false,
  "adv_response_url": null,
  "is_adv_vacancy": false,
  "adv_context": null
}