{
  "id": "127626564",
  "premium": false,
  "name": "Quantitative analyst",
  "department": null,
  "has_test": true,
  "response_letter_required": false,
  "area": {
    "id": "1",
    "name": "Москва",
    "url": "https://api.hh.ru/areas/1"
  },
  "salary": null,
  "salary_range": null,
  "type": {
    "id": "open",
    "name": "Открытая"
  },
  "address": {
    "city": "Москва",
    "street": "Спартаковская улица",
    "building": "12",
    "lat": 55.77194,
    "lng": 37.675127,
    "description": null,
    "raw": "Москва, Спартаковская улица, 12",
    "metro": {
      "station_name": "Бауманская",
      "line_name": "Арбатско-Покровская",
      "station_id": "3.17",
      "line_id": "3",
      "lat": 55.772405,
      "lng": 37.67904
    },
    "metro_stations": [
      {
        "station_name": "Бауманская",
        "line_name": "Арбатско-Покровская",
        "station_id": "3.17",
        "line_id": "3",
        "lat": 55.772405,
        "lng": 37.67904
      }
    ],
    "id": "560484"
  },
  "response_url": null,
  "sort_point_distance": null,
  "published_at": "2025-12-23T16:58:13+06:00",
  "created_at": "2025-12-23T16:58:13+06:00",
  "archived": false,
  "apply_alternate_url": "https://hh.ru/applicant/vacancy_response?vacancyId=127626564",
  "branding": {
    "type": "MAKEUP",
    "tariff": null
  },
  "show_logo_in_search": true,
  "show_contacts": false,
  "insider_interview": null,
  "url": "https://api.hh.ru/vacancies/127626564?host=hh.ru",
  "alternate_url": "https://hh.ru/vacancy/127626564",
  "relations": [],
  "employer": {
    "id": "4307",
    "name": "Московская Биржа",
    "url": "https://api.hh.ru/employers/4307",
    "alternate_url": "https://hh.ru/employer/4307",
    "logo_urls": {
      "original": "https://img.hhcdn.ru/employer-logo-original-round/4128819.png",
      "90": "https://img.hhcdn.ru/employer-logo-round/4128820.png",
      "240": "https://img.hhcdn.ru/employer-logo-round/4128821.png"
    },
    "vacancies_url": "https://api.hh.ru/vacancies?employer_id=4307",
    "country_id": 1,
    "accredited_it_employer": false,
    "trusted": true
  },
  "snippet": {
    "requirement": "Знание основных моделей оценки финансовых инструментов и рыночных рисков. Опыт программирования (желательно Python/<highlighttext>C#</highlighttext>/SQL). Знание основных инструментов финансового рынка...",
    "responsibility": "Продуктовая и техническая разработка, развитие и поддержка работоспособности моделей оценки справедливой стоимости финансовых инструментов (облигаций). Разработка и модификация модели оценки..."
  },
  "contacts": null,
  "schedule": {
    "id": "fullDay",
    "name": "Полный день"
  },
  "working_days": [],
  "working_time_intervals": [],
  "working_time_modes": [],
  "accept_temporary": false,
  "fly_in_fly_out_duration": [],
  "work_format": [],
  "working_hours": [
    {
      "id": "HOURS_8",
      "name": "8 часов"
    }
  ],
  "work_schedule_by_days": [
    {
      "id": "FIVE_ON_TWO_OFF",
      "name": "5/2"
    }
  ],
  "night_shifts": false,
  "professional_roles": [
    {
      "id": "165",
      "name": "Дата-сайентист"
    }
  ],
  "accept_incomplete_resumes": false,
  "experience": {
    "id": "between1And3",
    "name": "От 1 года до 3 лет"
  },
  "employment": {
    "id": "full",
    "name": "Полная занятость"
  },
  "employment_form": {
    "id": "FULL",
    "name": "Полная"
  },
  "internship": false,
  "adv_response_url": null,
  "is_adv_vacancy": false,
  "adv_context": null
}