{
  "id": "127607204",
  "premium": false,
  "name": ". NET Team Leader",
  "department": null,
  "has_test": false,
  "response_letter_required": false,
  "area": {
    "id": "2758",
    "name": "Тбилиси",
    "url": "https://api.hh.ru/areas/2758"
  },
  "salary": null,
  "salary_range": null,
  "type": {
    "id": "open",
    "name": "Открытая"
  },
  "address": {
    "city": "Тбилиси",
    "street": null,
    "building": null,
    "lat": 41.693083,
    "lng": 44.801561,
    "description": null,
    "raw": "Тбилиси",
    "metro": null,
    "metro_stations": [],
    "id": "20520016"
  },
  "response_url": null,
  "sort_point_distance": null,
  "published_at": "2025-12-08T14:01:14+06:00",
  "created_at": "2025-12-08T14:01:14+06:00",
  "archived": false,
  "apply_alternate_url": "https://hh.ru/applicant/vacancy_response?vacancyId=127607204",
  "show_logo_in_search": null,
  "show_contacts": false,
  "insider_interview": null,
  "url": "https://api.hh.ru/vacancies/127607204?host=hh.ru",
  "alternate_url": "https://hh.ru/vacancy/127607204",
  "relations": [],
  "employer": {
    "id": "1942989",
    "name": "Губанова и Партнеры",
    "url": "https://api.hh.ru/employers/1942989",
    "alternate_url": "https://hh.ru/employer/1942989",
    "logo_urls": {
      "original": "https://img.hhcdn.ru/employer-logo-original-round/1847545.png",
      "90": "https://img.hhcdn.ru/employer-logo-round/1847546.png",
      "240": "https://img.hhcdn.ru/employer-logo-round/1847547.png"
    },
    "vacancies_url": "https://api.hh.ru/vacancies?employer_id=1942989",
    "country_id": 4,
    "accredited_it_employer": false,
    "trusted": true
  },
  "snippet": {
    "requirement": "7+ years of experience in <highlighttext>.NET</highlighttext> development; 2+ years in a lead or senior role. Strong expertise with...",
    "responsibility": "...team of 5–7 <highlighttext>.NET</highlighttext> engineers. Design and develop scalable cloud solutions on Azure (<highlighttext>.NET</highlighttext> 8, <highlighttext>C#</highlighttext>, ASP.NET Core). "
  },
  "contacts": null,
  "schedule": {
    "id": "fullDay",
    "name": "Полный день"
  },
  "working_days": [],
  "working_time_intervals": [],
  "working_time_modes": [],
  "accept_temporary": false,
  "fly_in_fly_out_duration": [],
  "work_format": [
    {
      "id": "ON_SITE",
      "name": "На месте работодателя"
    }
  ],
  "working_hours": [
    {
      "id": "HOURS_8",
      "name": "8 часов"
    }
  ],
  "work_schedule_by_days": [
    {
      "id": "FIVE_ON_TWO_OFF",
      "name": "5/2"
    }
  ],
  "night_shifts": false,
  "professional_roles": [
    {
      "id": "104",
      "name": "Руководитель группы разработки"
    }
  ],
  "accept_incomplete_resumes": false,
  "experience": {
    "id": "moreThan6",
    "name": "Более 6 лет"
  },
  "employment": {
    "id": "full",
    "name": "Полная занятость"
  },
  "employment_form": {
    "id": "FULL",
    "name": "Полная"
  },
  "internship": false,
  "adv_response_url": null,
  "is_adv_vacancy": false,
  "adv_context": null
}