{
  "id": "127602816",
  "premium": false,
  "name": "Преподаватель программирования Python",
  "department": null,
  "has_test": false,
  "response_letter_required": false,
  "area": {
    "id": "2041",
    "name": "Мытищи (Московская область)",
    "url": "https://api.hh.ru/areas/2041"
  },
  "salary": {
    "from": null,
    "to": 90000,
    "currency": "RUR",
    "gross": true
  },
  "salary_range": {
    "from": null,
    "to": 90000,
    "currency": "RUR",
    "gross": true,
    "mode": {
      "id": "MONTH",
      "name": "За месяц"
    },
    "frequency": {
      "id": "TWICE_PER_MONTH",
      "name": "Два раза в месяц"
    }
  },
  "type": {
    "id": "open",
    "name": "Открытая"
  },
  "address": {
    "city": "Мытищи",
    "street": "Юбилейная улица",
    "building": "13к2",
    "lat": 55.911714,
    "lng": 37.71892,
    "description": null,
    "raw": "Мытищи, Юбилейная улица, 13к2",
    "metro": {
      "station_name": "Медведково",
      "line_name": "Калужско-Рижская",
      "station_id": "6.81",
      "line_id": "6",
      "lat": 55.888103,
      "lng": 37.661562
    },
    "metro_stations": [
      {
        "station_name": "Медведково",
        "line_name": "Калужско-Рижская",
        "station_id": "6.81",
        "line_id": "6",
        "lat": 55.888103,
        "lng": 37.661562
      }
    ],
    "id": "11866776"
  },
  "response_url": null,
  "sort_point_distance": null,
  "published_at": "2025-12-24T19:27:26+06:00",
  "created_at": "2025-12-24T19:27:26+06:00",
  "archived": false,
  "apply_alternate_url": "https://hh.ru/applicant/vacancy_response?vacancyId=127602816",
  "branding": {
    "type": "CONSTRUCTOR",
    "tariff": "BASIC"
  },
  "show_logo_in_search": true,
  "show_contacts": true,
  "insider_interview": null,
  "url": "https://api.hh.ru/vacancies/127602816?host=hh.ru",
  "alternate_url": "https://hh.ru/vacancy/127602816",
  "relations": [],
  "employer": {
    "id": "1358439",
    "name": "АНО ДО Московская школа программистов",
    "url": "https://api.hh.ru/employers/1358439",
    "alternate_url": "https://hh.ru/employer/1358439",
    "logo_urls": {
      "original": "https://img.hhcdn.ru/employer-logo-original-round/5733675.jpeg",
      "90": "https://img.hhcdn.ru/employer-logo-round/5733676.jpeg",
      "240": "https://img.hhcdn.ru/employer-logo-round/5733677.jpeg"
    },
    "vacancies_url": "https://api.hh.ru/vacancies?employer_id=1358439",
    "country_id": 1,
    "accredited_it_employer": true,
    "trusted": true
  },
  "snippet": {
    "requirement": null,
    "responsibility": "Язык программирования: Python. App Inventor (Android разработка). Реферальную программу."
  },
  "contacts": null,
  "schedule": {
    "id": "flexible",
    "name": "Гибкий график"
  },
  "working_days": [],
  "working_time_intervals": [
    {
      "id": "from_four_to_six_hours_in_a_day",
      "name": "Можно сменами по 4-6 часов в день"
    }
  ],
  "working_time_modes": [],
  "accept_temporary": false,
  "fly_in_fly_out_duration": [],
  "work_format": [
    {
      "id": "ON_SITE",
      "name": "На месте работодателя"
    }
  ],
  "working_hours": [
    {
      "id": "HOURS_6",
      "name": "6 часов"
    }
  ],
  "work_schedule_by_days": [
    {
      "id": "ONE_ON_THREE_OFF",
      "name": "1/3"
    },
    {
      "id": "WEEKEND",
      "name": "По выходным"
    },
    {
      "id": "OTHER",
      "name": "Другое"
    }
  ],
  "night_shifts": false,
  "professional_roles": [
    {
      "id": "132",
      "name": "Учитель, преподаватель, педагог"
    }
  ],
  "accept_incomplete_resumes": false,
  "experience": {
    "id": "between1And3",
    "name": "От 1 года до 3 лет"
  },
  "employment": {
    "id": "part",
    "name": "Частичная занятость"
  },
  "employment_form": {
    "id": "PART",
    "name": "Частичная"
  },
  "internship": false,
  "adv_response_url": null,
  "is_adv_vacancy": false,
  "adv_context": null
}