{
  "id": "127603994",
  "premium": false,
  "name": "Разработчик C#",
  "department": {
    "id": "zenit-926498-club",
    "name": "Футбольный клуб \"Зенит\""
  },
  "has_test": false,
  "response_letter_required": false,
  "area": {
    "id": "2",
    "name": "Санкт-Петербург",
    "url": "https://api.hh.ru/areas/2"
  },
  "salary": {
    "from": null,
    "to": 180000,
    "currency": "RUR",
    "gross": true
  },
  "salary_range": {
    "from": null,
    "to": 180000,
    "currency": "RUR",
    "gross": true,
    "mode": {
      "id": "MONTH",
      "name": "За месяц"
    },
    "frequency": {
      "id": "TWICE_PER_MONTH",
      "name": "Два раза в месяц"
    }
  },
  "type": {
    "id": "open",
    "name": "Открытая"
  },
  "address": {
    "city": "Санкт-Петербург",
    "street": "Футбольная аллея",
    "building": "1соор1",
    "lat": 59.973041,
    "lng": 30.216164,
    "description": null,
    "raw": "Санкт-Петербург, Футбольная аллея, 1соор1",
    "metro": {
      "station_name": "Зенит",
      "line_name": "Невско-Василеостровская",
      "station_id": "16.808",
      "line_id": "16",
      "lat": 59.972222,
      "lng": 30.211667
    },
    "metro_stations": [
      {
        "station_name": "Зенит",
        "line_name": "Невско-Василеостровская",
        "station_id": "16.808",
        "line_id": "16",
        "lat": 59.972222,
        "lng": 30.211667
      },
      {
        "station_name": "Крестовский остров",
        "line_name": "Фрунзенско-Приморская",
        "station_id": "18.247",
        "line_id": "18",
        "lat": 59.971821,
        "lng": 30.259436
      }
    ],
    "id": "20518382"
  },
  "response_url": null,
  "sort_point_distance": null,
  "published_at": "2025-12-02T18:35:41+06:00",
  "created_at": "2025-12-02T18:35:41+06:00",
  "archived": false,
  "apply_alternate_url": "https://hh.ru/applicant/vacancy_response?vacancyId=127603994",
  "branding": {
    "type": "MAKEUP",
    "tariff": null
  },
  "show_logo_in_search": true,
  "show_contacts": false,
  "insider_interview": null,
  "url": "https://api.hh.ru/vacancies/127603994?host=hh.ru",
  "alternate_url": "https://hh.ru/vacancy/127603994",
  "relations": [],
  "employer": {
    "id": "926498",
    "name": "Зенит, футбольный клуб",
    "url": "https://api.hh.ru/employers/926498",
    "alternate_url": "https://hh.ru/employer/926498",
    "logo_urls": {
      "original": "https://img.hhcdn.ru/employer-logo-original-round/6011528.png",
      "90": "https://img.hhcdn.ru/employer-logo-round/6011529.png",
      "240": "https://img.hhcdn.ru/employer-logo-round/6011530.png"
    },
    "vacancies_url": "https://api.hh.ru/vacancies?employer_id=926498",
    "country_id": 1,
    "accredited_it_employer": false,
    "trusted": true
  },
  "snippet": {
    "requirement": "Опыт разработки на <highlighttext>C#</highlighttext> от года и знание платформы <highlighttext>.NET</highlighttext> Framework 4.8.. Опыт работы с базой данных MS SQL...",
    "responsibility": "Разработка программного обеспечения автоматизации бизнес процессов эксплуатации стадиона Газпром-Арена. Конфигурирование и доработка существующих систем. Написание кода программы, проведение тестирования..."
  },
  "contacts": null,
  "schedule": {
    "id": "fullDay",
    "name": "Полный день"
  },
  "working_days": [],
  "working_time_intervals": [],
  "working_time_modes": [],
  "accept_temporary": false,
  "fly_in_fly_out_duration": [],
  "work_format": [
    {
      "id": "ON_SITE",
      "name": "На месте работодателя"
    },
    {
      "id": "HYBRID",
      "name": "Гибрид"
    }
  ],
  "working_hours": [
    {
      "id": "HOURS_8",
      "name": "8 часов"
    }
  ],
  "work_schedule_by_days": [
    {
      "id": "FIVE_ON_TWO_OFF",
      "name": "5/2"
    }
  ],
  "night_shifts": false,
  "professional_roles": [
    {
      "id": "96",
      "name": "Программист, разработчик"
    }
  ],
  "accept_incomplete_resumes": false,
  "experience": {
    "id": "between1And3",
    "name": "От 1 года до 3 лет"
  },
  "employment": {
    "id": "full",
    "name": "Полная занятость"
  },
  "employment_form": {
    "id": "FULL",
    "name": "Полная"
  },
  "internship": false,
  "adv_response_url": null,
  "is_adv_vacancy": false,
  "adv_context": null
}