{
  "id": "127600732",
  "premium": false,
  "name": "Архитектор программного обеспечения (Software Architect)",
  "department": null,
  "has_test": true,
  "response_letter_required": false,
  "area": {
    "id": "96",
    "name": "Ижевск",
    "url": "https://api.hh.ru/areas/96"
  },
  "salary": null,
  "salary_range": null,
  "type": {
    "id": "open",
    "name": "Открытая"
  },
  "address": {
    "city": "Ижевск",
    "street": "Северный переулок",
    "building": "61",
    "lat": 56.868059,
    "lng": 53.225028,
    "description": null,
    "raw": "Ижевск, Северный переулок, 61",
    "metro": null,
    "metro_stations": [],
    "id": "734758"
  },
  "response_url": null,
  "sort_point_distance": null,
  "published_at": "2025-12-19T19:32:57+06:00",
  "created_at": "2025-12-19T19:32:57+06:00",
  "archived": false,
  "apply_alternate_url": "https://hh.ru/applicant/vacancy_response?vacancyId=127600732",
  "show_logo_in_search": null,
  "show_contacts": false,
  "insider_interview": null,
  "url": "https://api.hh.ru/vacancies/127600732?host=hh.ru",
  "alternate_url": "https://hh.ru/vacancy/127600732",
  "relations": [],
  "employer": {
    "id": "2488771",
    "name": "Directum",
    "url": "https://api.hh.ru/employers/2488771",
    "alternate_url": "https://hh.ru/employer/2488771",
    "logo_urls": {
      "original": "https://img.hhcdn.ru/employer-logo-original/1386352.png",
      "90": "https://img.hhcdn.ru/employer-logo/7165195.png",
      "240": "https://img.hhcdn.ru/employer-logo/7165196.png"
    },
    "vacancies_url": "https://api.hh.ru/vacancies?employer_id=2488771",
    "country_id": 1,
    "accredited_it_employer": true,
    "trusted": true
  },
  "snippet": {
    "requirement": "Опыт работы в роли архитектора/техлида от 3-х лет. Глубокая экспертиза в <highlighttext>.NET</highlighttext> Core и SQL (MS/PG/Oracle...",
    "responsibility": "Проактивный анализ имеющейся архитектуры для планируемых новых фич: выявление и прогнозирование узких мест/проблем, требующих изменений или замедляющих разработку фич..."
  },
  "contacts": null,
  "schedule": {
    "id": "remote",
    "name": "Удаленная работа"
  },
  "working_days": [],
  "working_time_intervals": [],
  "working_time_modes": [],
  "accept_temporary": false,
  "fly_in_fly_out_duration": [],
  "work_format": [
    {
      "id": "ON_SITE",
      "name": "На месте работодателя"
    },
    {
      "id": "REMOTE",
      "name": "Удалённо"
    },
    {
      "id": "HYBRID",
      "name": "Гибрид"
    }
  ],
  "working_hours": [
    {
      "id": "HOURS_8",
      "name": "8 часов"
    }
  ],
  "work_schedule_by_days": [
    {
      "id": "FIVE_ON_TWO_OFF",
      "name": "5/2"
    }
  ],
  "night_shifts": false,
  "professional_roles": [
    {
      "id": "96",
      "name": "Программист, разработчик"
    }
  ],
  "accept_incomplete_resumes": false,
  "experience": {
    "id": "between3And6",
    "name": "От 3 до 6 лет"
  },
  "employment": {
    "id": "full",
    "name": "Полная занятость"
  },
  "employment_form": {
    "id": "FULL",
    "name": "Полная"
  },
  "internship": false,
  "adv_response_url": null,
  "is_adv_vacancy": false,
  "adv_context": null
}