{
  "id": "127799197",
  "premium": false,
  "name": "Middle C#/python developer",
  "department": null,
  "has_test": false,
  "response_letter_required": false,
  "area": {
    "id": "2",
    "name": "Санкт-Петербург",
    "url": "https://api.hh.ru/areas/2"
  },
  "salary": null,
  "salary_range": null,
  "type": {
    "id": "open",
    "name": "Открытая"
  },
  "address": {
    "city": "Санкт-Петербург",
    "street": "улица Профессора Попова",
    "building": "37Щ",
    "lat": 59.971569,
    "lng": 30.299941,
    "description": null,
    "raw": "Санкт-Петербург, улица Профессора Попова, 37Щ",
    "metro": null,
    "metro_stations": [],
    "id": "5744071"
  },
  "response_url": null,
  "sort_point_distance": null,
  "published_at": "2025-12-16T15:34:13+06:00",
  "created_at": "2025-12-16T15:34:13+06:00",
  "archived": false,
  "apply_alternate_url": "https://hh.ru/applicant/vacancy_response?vacancyId=127799197",
  "show_logo_in_search": null,
  "show_contacts": true,
  "insider_interview": null,
  "url": "https://api.hh.ru/vacancies/127799197?host=hh.ru",
  "alternate_url": "https://hh.ru/vacancy/127799197",
  "relations": [],
  "employer": {
    "id": "4986",
    "name": "АРЕАЛ",
    "url": "https://api.hh.ru/employers/4986",
    "alternate_url": "https://hh.ru/employer/4986",
    "logo_urls": {
      "original": "https://img.hhcdn.ru/employer-logo-original/1482283.png",
      "90": "https://img.hhcdn.ru/employer-logo/12219506.png",
      "240": "https://img.hhcdn.ru/employer-logo/12219507.png"
    },
    "vacancies_url": "https://api.hh.ru/vacancies?employer_id=4986",
    "country_id": 1,
    "accredited_it_employer": false,
    "trusted": true
  },
  "snippet": {
    "requirement": "Опыт разработки на <highlighttext>C#</highlighttext> от 2 лет. Образование: высшее математическое или иное в сфере точных наук, инжиниринга. Как минимум одного...",
    "responsibility": "Под САПР для инжиниринговых задач (уклон в <highlighttext>.NET</highlighttext>, <highlighttext>.NET</highlighttext> Framework). Revit. Tekla Structures. Navisworks. Векторизация данных САПР. Работа с открытыми..."
  },
  "contacts": null,
  "schedule": {
    "id": "fullDay",
    "name": "Полный день"
  },
  "working_days": [],
  "working_time_intervals": [],
  "working_time_modes": [],
  "accept_temporary": false,
  "fly_in_fly_out_duration": [],
  "work_format": [],
  "working_hours": [
    {
      "id": "HOURS_8",
      "name": "8 часов"
    }
  ],
  "work_schedule_by_days": [
    {
      "id": "FIVE_ON_TWO_OFF",
      "name": "5/2"
    }
  ],
  "night_shifts": false,
  "professional_roles": [
    {
      "id": "96",
      "name": "Программист, разработчик"
    }
  ],
  "accept_incomplete_resumes": false,
  "experience": {
    "id": "between3And6",
    "name": "От 3 до 6 лет"
  },
  "employment": {
    "id": "full",
    "name": "Полная занятость"
  },
  "employment_form": {
    "id": "FULL",
    "name": "Полная"
  },
  "internship": false,
  "adv_response_url": null,
  "is_adv_vacancy": false,
  "adv_context": null
}