{
  "id": "127778498",
  "premium": false,
  "name": "Разработчик .NET (ADF)",
  "department": null,
  "has_test": false,
  "response_letter_required": false,
  "area": {
    "id": "1",
    "name": "Москва",
    "url": "https://api.hh.ru/areas/1"
  },
  "salary": null,
  "salary_range": null,
  "type": {
    "id": "open",
    "name": "Открытая"
  },
  "address": {
    "city": "Москва",
    "street": null,
    "building": null,
    "lat": 55.755864,
    "lng": 37.617698,
    "description": null,
    "raw": "Москва",
    "metro": null,
    "metro_stations": [],
    "id": "20606638"
  },
  "response_url": null,
  "sort_point_distance": null,
  "published_at": "2025-12-16T16:36:23+06:00",
  "created_at": "2025-12-16T16:36:23+06:00",
  "archived": false,
  "apply_alternate_url": "https://hh.ru/applicant/vacancy_response?vacancyId=127778498",
  "show_logo_in_search": null,
  "show_contacts": false,
  "insider_interview": null,
  "url": "https://api.hh.ru/vacancies/127778498?host=hh.ru",
  "alternate_url": "https://hh.ru/vacancy/127778498",
  "relations": [],
  "employer": {
    "id": "976061",
    "name": "Altenar",
    "url": "https://api.hh.ru/employers/976061",
    "alternate_url": "https://hh.ru/employer/976061",
    "logo_urls": {
      "original": "https://img.hhcdn.ru/employer-logo-original-round/7086033.jpeg",
      "90": "https://img.hhcdn.ru/employer-logo-round/7086034.jpeg",
      "240": "https://img.hhcdn.ru/employer-logo-round/7086035.jpeg"
    },
    "vacancies_url": "https://api.hh.ru/vacancies?employer_id=976061",
    "country_id": 1,
    "accredited_it_employer": true,
    "trusted": true
  },
  "snippet": {
    "requirement": "<highlighttext>.NET</highlighttext> 9. PostgreSQL. XUnit. Apache Kafka. Вам нравится использовать современные технологии (вся разработка идет на <highlighttext>C#</highlighttext> 13 и <highlighttext>.Net</highlighttext> 9). ",
    "responsibility": "Интеграция с поставщиками спортивных данных по различным сетевым протоколам и технологиям (например, WebSocket, очереди сообщений, SSE, HTTP-push и другие). "
  },
  "contacts": null,
  "schedule": {
    "id": "remote",
    "name": "Удаленная работа"
  },
  "working_days": [],
  "working_time_intervals": [],
  "working_time_modes": [],
  "accept_temporary": false,
  "fly_in_fly_out_duration": [],
  "work_format": [
    {
      "id": "REMOTE",
      "name": "Удалённо"
    },
    {
      "id": "HYBRID",
      "name": "Гибрид"
    }
  ],
  "working_hours": [
    {
      "id": "HOURS_8",
      "name": "8 часов"
    }
  ],
  "work_schedule_by_days": [
    {
      "id": "FIVE_ON_TWO_OFF",
      "name": "5/2"
    }
  ],
  "night_shifts": false,
  "professional_roles": [
    {
      "id": "96",
      "name": "Программист, разработчик"
    }
  ],
  "accept_incomplete_resumes": false,
  "experience": {
    "id": "between3And6",
    "name": "От 3 до 6 лет"
  },
  "employment": {
    "id": "full",
    "name": "Полная занятость"
  },
  "employment_form": {
    "id": "FULL",
    "name": "Полная"
  },
  "internship": false,
  "adv_response_url": null,
  "is_adv_vacancy": false,
  "adv_context": null
}