{
  "id": "127714685",
  "premium": false,
  "name": "Инженер",
  "department": null,
  "has_test": false,
  "response_letter_required": false,
  "area": {
    "id": "1",
    "name": "Москва",
    "url": "https://api.hh.ru/areas/1"
  },
  "salary": null,
  "salary_range": null,
  "type": {
    "id": "open",
    "name": "Открытая"
  },
  "address": {
    "city": "Зеленоград",
    "street": "Панфиловский проспект",
    "building": "10",
    "lat": 56.012179,
    "lng": 37.202075,
    "description": null,
    "raw": "Зеленоград, Панфиловский проспект, 10",
    "metro": null,
    "metro_stations": [],
    "id": "180938"
  },
  "response_url": null,
  "sort_point_distance": null,
  "published_at": "2025-12-01T19:14:05+06:00",
  "created_at": "2025-12-01T19:14:05+06:00",
  "archived": false,
  "apply_alternate_url": "https://hh.ru/applicant/vacancy_response?vacancyId=127714685",
  "show_logo_in_search": null,
  "show_contacts": false,
  "insider_interview": null,
  "url": "https://api.hh.ru/vacancies/127714685?host=hh.ru",
  "alternate_url": "https://hh.ru/vacancy/127714685",
  "relations": [],
  "employer": {
    "id": "790859",
    "name": "НТЦ ЭЛИНС",
    "url": "https://api.hh.ru/employers/790859",
    "alternate_url": "https://hh.ru/employer/790859",
    "logo_urls": {
      "original": "https://img.hhcdn.ru/employer-logo-original/1420911.png",
      "90": "https://img.hhcdn.ru/employer-logo/7303293.png",
      "240": "https://img.hhcdn.ru/employer-logo/7303294.png"
    },
    "vacancies_url": "https://api.hh.ru/vacancies?employer_id=790859",
    "country_id": 1,
    "accredited_it_employer": false,
    "trusted": true
  },
  "snippet": {
    "requirement": "Образование высшее техническое. Опыт разработки типовых технологических процессов, единичных технологических процессов на детали механического производства. Опыт написания технологических процессов на...",
    "responsibility": "Администрирование T-FLEX DOCs (справочники, отчеты, бизнес-процессы) Добавление функционала системы в модуль T-FLEX технология. Анализ требований со стороны..."
  },
  "contacts": null,
  "schedule": {
    "id": "fullDay",
    "name": "Полный день"
  },
  "working_days": [],
  "working_time_intervals": [],
  "working_time_modes": [],
  "accept_temporary": false,
  "fly_in_fly_out_duration": [],
  "work_format": [
    {
      "id": "ON_SITE",
      "name": "На месте работодателя"
    }
  ],
  "working_hours": [
    {
      "id": "HOURS_8",
      "name": "8 часов"
    }
  ],
  "work_schedule_by_days": [
    {
      "id": "FIVE_ON_TWO_OFF",
      "name": "5/2"
    }
  ],
  "night_shifts": false,
  "professional_roles": [
    {
      "id": "40",
      "name": "Другое"
    }
  ],
  "accept_incomplete_resumes": true,
  "experience": {
    "id": "between3And6",
    "name": "От 3 до 6 лет"
  },
  "employment": {
    "id": "full",
    "name": "Полная занятость"
  },
  "employment_form": {
    "id": "FULL",
    "name": "Полная"
  },
  "internship": false,
  "adv_response_url": null,
  "is_adv_vacancy": false,
  "adv_context": null
}