{
  "id": "127767161",
  "premium": false,
  "name": "С#-разработчик",
  "department": null,
  "has_test": false,
  "response_letter_required": false,
  "area": {
    "id": "4",
    "name": "Новосибирск",
    "url": "https://api.hh.ru/areas/4"
  },
  "salary": null,
  "salary_range": null,
  "type": {
    "id": "open",
    "name": "Открытая"
  },
  "address": {
    "city": "Новосибирск",
    "street": "Советская улица",
    "building": "36",
    "lat": 55.036783,
    "lng": 82.914905,
    "description": null,
    "raw": "Новосибирск, Советская улица, 36",
    "metro": null,
    "metro_stations": [],
    "id": "7604315"
  },
  "response_url": null,
  "sort_point_distance": null,
  "published_at": "2025-12-16T09:44:16+06:00",
  "created_at": "2025-12-16T09:44:16+06:00",
  "archived": false,
  "apply_alternate_url": "https://hh.ru/applicant/vacancy_response?vacancyId=127767161",
  "show_logo_in_search": null,
  "show_contacts": true,
  "insider_interview": null,
  "url": "https://api.hh.ru/vacancies/127767161?host=hh.ru",
  "alternate_url": "https://hh.ru/vacancy/127767161",
  "relations": [],
  "employer": {
    "id": "6146241",
    "name": "EXPERO",
    "url": "https://api.hh.ru/employers/6146241",
    "alternate_url": "https://hh.ru/employer/6146241",
    "logo_urls": {
      "original": "https://img.hhcdn.ru/employer-logo-original/1387783.png",
      "90": "https://img.hhcdn.ru/employer-logo/7170919.png",
      "240": "https://img.hhcdn.ru/employer-logo/7170920.png"
    },
    "vacancies_url": "https://api.hh.ru/vacancies?employer_id=6146241",
    "country_id": 1,
    "accredited_it_employer": true,
    "trusted": true
  },
  "snippet": {
    "requirement": "Системный подход к решению задач. Уверенное знание языка <highlighttext>C#</highlighttext> и <highlighttext>.NET</highlighttext> Framework/ <highlighttext>.NET</highlighttext> Core. Умение оценивать и решать сложные задачи. ",
    "responsibility": "Разрабатывать новый функционал в системе маркировки готовой продукции. Предлагать новые идеи по оптимизации системы, использованию новых технологий и изменению архитектуры. "
  },
  "contacts": null,
  "schedule": {
    "id": "fullDay",
    "name": "Полный день"
  },
  "working_days": [],
  "working_time_intervals": [],
  "working_time_modes": [],
  "accept_temporary": false,
  "fly_in_fly_out_duration": [],
  "work_format": [],
  "working_hours": [
    {
      "id": "HOURS_8",
      "name": "8 часов"
    }
  ],
  "work_schedule_by_days": [
    {
      "id": "FIVE_ON_TWO_OFF",
      "name": "5/2"
    }
  ],
  "night_shifts": false,
  "professional_roles": [
    {
      "id": "96",
      "name": "Программист, разработчик"
    }
  ],
  "accept_incomplete_resumes": false,
  "experience": {
    "id": "between3And6",
    "name": "От 3 до 6 лет"
  },
  "employment": {
    "id": "full",
    "name": "Полная занятость"
  },
  "employment_form": {
    "id": "FULL",
    "name": "Полная"
  },
  "internship": false,
  "adv_response_url": null,
  "is_adv_vacancy": false,
  "adv_context": null
}