{
  "id": "127700264",
  "premium": false,
  "name": "Инженер-программист (middle)",
  "department": null,
  "has_test": false,
  "response_letter_required": false,
  "area": {
    "id": "1002",
    "name": "Минск",
    "url": "https://api.hh.ru/areas/1002"
  },
  "salary": null,
  "salary_range": null,
  "type": {
    "id": "open",
    "name": "Открытая"
  },
  "address": {
    "city": "Минск",
    "street": "Ул.Кальварийская",
    "building": "7",
    "lat": 53.90509,
    "lng": 27.534962,
    "description": null,
    "raw": "Минск, Ул.Кальварийская, 7",
    "metro": {
      "station_name": "Фрунзенская",
      "line_name": "Автозаводская",
      "station_id": "63.421",
      "line_id": "63",
      "lat": 53.905286,
      "lng": 27.539328
    },
    "metro_stations": [
      {
        "station_name": "Фрунзенская",
        "line_name": "Автозаводская",
        "station_id": "63.421",
        "line_id": "63",
        "lat": 53.905286,
        "lng": 27.539328
      }
    ],
    "id": "142950"
  },
  "response_url": null,
  "sort_point_distance": null,
  "published_at": "2025-12-14T13:04:16+06:00",
  "created_at": "2025-12-14T13:04:16+06:00",
  "archived": false,
  "apply_alternate_url": "https://hh.ru/applicant/vacancy_response?vacancyId=127700264",
  "branding": {
    "type": "MAKEUP",
    "tariff": null
  },
  "show_logo_in_search": true,
  "show_contacts": false,
  "insider_interview": null,
  "url": "https://api.hh.ru/vacancies/127700264?host=hh.ru",
  "alternate_url": "https://hh.ru/vacancy/127700264",
  "relations": [],
  "employer": {
    "id": "963798",
    "name": "Центр банковских технологий",
    "url": "https://api.hh.ru/employers/963798",
    "alternate_url": "https://hh.ru/employer/963798",
    "logo_urls": {
      "original": "https://img.hhcdn.ru/employer-logo-original/1389761.png",
      "90": "https://img.hhcdn.ru/employer-logo/7178831.png",
      "240": "https://img.hhcdn.ru/employer-logo/7178832.png"
    },
    "vacancies_url": "https://api.hh.ru/vacancies?employer_id=963798",
    "country_id": 4,
    "accredited_it_employer": false,
    "trusted": true
  },
  "snippet": {
    "requirement": "Опыт работы с MSSQL. Опыт работы с веб-технологиями. Приветствуется опыт работы c <highlighttext>C#</highlighttext>.",
    "responsibility": "Ваша задача - участие в проектах по разработке и сопровождению ПО для Национального банка и внешних заказчиков в роли разработчика. "
  },
  "contacts": null,
  "schedule": {
    "id": "fullDay",
    "name": "Полный день"
  },
  "working_days": [],
  "working_time_intervals": [],
  "working_time_modes": [],
  "accept_temporary": false,
  "fly_in_fly_out_duration": [],
  "work_format": [
    {
      "id": "ON_SITE",
      "name": "На месте работодателя"
    },
    {
      "id": "HYBRID",
      "name": "Гибрид"
    }
  ],
  "working_hours": [
    {
      "id": "HOURS_8",
      "name": "8 часов"
    }
  ],
  "work_schedule_by_days": [
    {
      "id": "FIVE_ON_TWO_OFF",
      "name": "5/2"
    }
  ],
  "night_shifts": false,
  "professional_roles": [
    {
      "id": "96",
      "name": "Программист, разработчик"
    }
  ],
  "accept_incomplete_resumes": true,
  "experience": {
    "id": "between3And6",
    "name": "От 3 до 6 лет"
  },
  "employment": {
    "id": "full",
    "name": "Полная занятость"
  },
  "employment_form": {
    "id": "FULL",
    "name": "Полная"
  },
  "internship": false,
  "adv_response_url": null,
  "is_adv_vacancy": false,
  "adv_context": null
}