{
  "id": "127778261",
  "premium": false,
  "name": "Старший разработчки С# на проект APS (Черногория)",
  "department": null,
  "has_test": false,
  "response_letter_required": false,
  "area": {
    "id": "2",
    "name": "Санкт-Петербург",
    "url": "https://api.hh.ru/areas/2"
  },
  "salary": null,
  "salary_range": null,
  "type": {
    "id": "open",
    "name": "Открытая"
  },
  "address": {
    "city": "Подгорица",
    "street": null,
    "building": null,
    "lat": 42.44123,
    "lng": 19.26314,
    "description": null,
    "raw": "Подгорица",
    "metro": null,
    "metro_stations": [],
    "id": "19920895"
  },
  "response_url": null,
  "sort_point_distance": null,
  "published_at": "2025-12-09T19:04:11+06:00",
  "created_at": "2025-12-09T19:04:11+06:00",
  "archived": false,
  "apply_alternate_url": "https://hh.ru/applicant/vacancy_response?vacancyId=127778261",
  "branding": {
    "type": "MAKEUP",
    "tariff": null
  },
  "show_contacts": false,
  "insider_interview": null,
  "url": "https://api.hh.ru/vacancies/127778261?host=hh.ru",
  "alternate_url": "https://hh.ru/vacancy/127778261",
  "relations": [],
  "employer": {
    "id": "10371334",
    "name": "Tungsten Montenegro DOO Podgorica",
    "url": "https://api.hh.ru/employers/10371334",
    "alternate_url": "https://hh.ru/employer/10371334",
    "logo_urls": null,
    "vacancies_url": "https://api.hh.ru/vacancies?employer_id=10371334",
    "country_id": 3,
    "accredited_it_employer": false,
    "trusted": true
  },
  "snippet": {
    "requirement": "Практический опыт создания cloud-native решений с использованием Microsoft Azure. Уверенные навыки программирования на <highlighttext>C#</highlighttext>, JavaScript/TypeScript, с использованием фреймворков...",
    "responsibility": "Разрабатывать и улучшать масштабируемые и безопасные облачные приложения с использованием сервисов Microsoft Azure. Сотрудничать с архитекторами и другими инженерами при..."
  },
  "contacts": null,
  "schedule": {
    "id": "fullDay",
    "name": "Полный день"
  },
  "working_days": [],
  "working_time_intervals": [],
  "working_time_modes": [],
  "accept_temporary": false,
  "fly_in_fly_out_duration": [],
  "work_format": [],
  "working_hours": [
    {
      "id": "HOURS_8",
      "name": "8 часов"
    }
  ],
  "work_schedule_by_days": [
    {
      "id": "FIVE_ON_TWO_OFF",
      "name": "5/2"
    }
  ],
  "night_shifts": false,
  "professional_roles": [
    {
      "id": "96",
      "name": "Программист, разработчик"
    }
  ],
  "accept_incomplete_resumes": false,
  "experience": {
    "id": "between3And6",
    "name": "От 3 до 6 лет"
  },
  "employment": {
    "id": "full",
    "name": "Полная занятость"
  },
  "employment_form": {
    "id": "FULL",
    "name": "Полная"
  },
  "internship": false,
  "adv_response_url": null,
  "is_adv_vacancy": false,
  "adv_context": null
}