{
  "id": "127778834",
  "premium": false,
  "name": "Разработчик RPA",
  "department": null,
  "has_test": false,
  "response_letter_required": false,
  "area": {
    "id": "2",
    "name": "Санкт-Петербург",
    "url": "https://api.hh.ru/areas/2"
  },
  "salary": null,
  "salary_range": null,
  "type": {
    "id": "open",
    "name": "Открытая"
  },
  "address": {
    "city": "Санкт-Петербург",
    "street": "улица Маршала Тухачевского",
    "building": "22",
    "lat": 59.972109,
    "lng": 30.417009,
    "description": null,
    "raw": "Санкт-Петербург, улица Маршала Тухачевского, 22",
    "metro": {
      "station_name": "Выборгская",
      "line_name": "Кировско-Выборгская",
      "station_id": "14.196",
      "line_id": "14",
      "lat": 59.970925,
      "lng": 30.347408
    },
    "metro_stations": [
      {
        "station_name": "Выборгская",
        "line_name": "Кировско-Выборгская",
        "station_id": "14.196",
        "line_id": "14",
        "lat": 59.970925,
        "lng": 30.347408
      },
      {
        "station_name": "Лесная",
        "line_name": "Кировско-Выборгская",
        "station_id": "14.195",
        "line_id": "14",
        "lat": 59.984947,
        "lng": 30.344259
      },
      {
        "station_name": "Площадь Ленина",
        "line_name": "Кировско-Выборгская",
        "station_id": "14.197",
        "line_id": "14",
        "lat": 59.955611,
        "lng": 30.35605
      },
      {
        "station_name": "Площадь Мужества",
        "line_name": "Кировско-Выборгская",
        "station_id": "14.194",
        "line_id": "14",
        "lat": 59.999828,
        "lng": 30.366159
      }
    ],
    "id": "18916132"
  },
  "response_url": null,
  "sort_point_distance": null,
  "published_at": "2025-12-16T17:49:09+06:00",
  "created_at": "2025-12-16T17:49:09+06:00",
  "archived": false,
  "apply_alternate_url": "https://hh.ru/applicant/vacancy_response?vacancyId=127778834",
  "show_logo_in_search": null,
  "show_contacts": true,
  "insider_interview": null,
  "url": "https://api.hh.ru/vacancies/127778834?host=hh.ru",
  "alternate_url": "https://hh.ru/vacancy/127778834",
  "relations": [],
  "employer": {
    "id": "1473866",
    "name": "Сбербанк-Сервис",
    "url": "https://api.hh.ru/employers/1473866",
    "alternate_url": "https://hh.ru/employer/1473866",
    "logo_urls": {
      "original": "https://img.hhcdn.ru/employer-logo-original-round/3506044.jpeg",
      "90": "https://img.hhcdn.ru/employer-logo-round/3506045.jpeg",
      "240": "https://img.hhcdn.ru/employer-logo-round/3506046.jpeg"
    },
    "vacancies_url": "https://api.hh.ru/vacancies?employer_id=1473866",
    "country_id": 1,
    "accredited_it_employer": false,
    "trusted": true
  },
  "snippet": {
    "requirement": "SaluteRPA, Robin, Pix, Primo, Sherpa (хотя бы 2 из списка). Знание языка программирования <highlighttext>C#</highlighttext> (+ Python в идеале). Понимание Сетей. ",
    "responsibility": "Разработка программных роботов RPA на различных платформах: SaluteRPA, Pix, Robin, Primo и т. д. Разработка роботов с использованием OCR. "
  },
  "contacts": null,
  "schedule": {
    "id": "remote",
    "name": "Удаленная работа"
  },
  "working_days": [],
  "working_time_intervals": [],
  "working_time_modes": [],
  "accept_temporary": false,
  "fly_in_fly_out_duration": [],
  "work_format": [
    {
      "id": "ON_SITE",
      "name": "На месте работодателя"
    },
    {
      "id": "REMOTE",
      "name": "Удалённо"
    },
    {
      "id": "HYBRID",
      "name": "Гибрид"
    }
  ],
  "working_hours": [
    {
      "id": "HOURS_8",
      "name": "8 часов"
    }
  ],
  "work_schedule_by_days": [
    {
      "id": "FIVE_ON_TWO_OFF",
      "name": "5/2"
    }
  ],
  "night_shifts": false,
  "professional_roles": [
    {
      "id": "96",
      "name": "Программист, разработчик"
    }
  ],
  "accept_incomplete_resumes": false,
  "experience": {
    "id": "between1And3",
    "name": "От 1 года до 3 лет"
  },
  "employment": {
    "id": "full",
    "name": "Полная занятость"
  },
  "employment_form": {
    "id": "FULL",
    "name": "Полная"
  },
  "internship": false,
  "adv_response_url": null,
  "is_adv_vacancy": false,
  "adv_context": null
}