{
  "id": "127711005",
  "premium": false,
  "name": "Инженер по АСУП",
  "department": null,
  "has_test": false,
  "response_letter_required": false,
  "area": {
    "id": "1296",
    "name": "Первоуральск",
    "url": "https://api.hh.ru/areas/1296"
  },
  "salary": {
    "from": 80000,
    "to": null,
    "currency": "RUR",
    "gross": true
  },
  "salary_range": {
    "from": 80000,
    "to": null,
    "currency": "RUR",
    "gross": true,
    "mode": {
      "id": "MONTH",
      "name": "За месяц"
    },
    "frequency": {
      "id": "TWICE_PER_MONTH",
      "name": "Два раза в месяц"
    }
  },
  "type": {
    "id": "open",
    "name": "Открытая"
  },
  "address": {
    "city": "Первоуральск",
    "street": "улица Ленина",
    "building": "20",
    "lat": 56.915461,
    "lng": 59.920917,
    "description": null,
    "raw": "Первоуральск, улица Ленина, 20",
    "metro": null,
    "metro_stations": [],
    "id": "762042"
  },
  "response_url": null,
  "sort_point_distance": null,
  "published_at": "2025-12-05T10:26:32+06:00",
  "created_at": "2025-12-05T10:26:32+06:00",
  "archived": false,
  "apply_alternate_url": "https://hh.ru/applicant/vacancy_response?vacancyId=127711005",
  "show_logo_in_search": null,
  "show_contacts": true,
  "insider_interview": null,
  "url": "https://api.hh.ru/vacancies/127711005?host=hh.ru",
  "alternate_url": "https://hh.ru/vacancy/127711005",
  "relations": [],
  "employer": {
    "id": "2698175",
    "name": "Первоуральский Автоагрегатный завод",
    "url": "https://api.hh.ru/employers/2698175",
    "alternate_url": "https://hh.ru/employer/2698175",
    "logo_urls": {
      "original": "https://img.hhcdn.ru/employer-logo-original-round/3590142.jpeg",
      "90": "https://img.hhcdn.ru/employer-logo-round/3590143.jpeg",
      "240": "https://img.hhcdn.ru/employer-logo-round/3590144.jpeg"
    },
    "vacancies_url": "https://api.hh.ru/vacancies?employer_id=2698175",
    "country_id": 1,
    "accredited_it_employer": false,
    "trusted": true
  },
  "snippet": {
    "requirement": "Опыт работы с ПЛК, HMI. Преимуществом будет: Владение языками программирования (<highlighttext>C#</highlighttext>, PHP). Опыт работы с промышленными роботами (CROBOTP). ",
    "responsibility": "Выполнение работ по внедрению роботизированных систем и АСУ на предприятии. Разработка технических заданий для подрядных организация и интеграторов. "
  },
  "contacts": null,
  "schedule": {
    "id": "fullDay",
    "name": "Полный день"
  },
  "working_days": [],
  "working_time_intervals": [],
  "working_time_modes": [],
  "accept_temporary": false,
  "fly_in_fly_out_duration": [],
  "work_format": [
    {
      "id": "ON_SITE",
      "name": "На месте работодателя"
    }
  ],
  "working_hours": [
    {
      "id": "HOURS_8",
      "name": "8 часов"
    }
  ],
  "work_schedule_by_days": [
    {
      "id": "FIVE_ON_TWO_OFF",
      "name": "5/2"
    }
  ],
  "night_shifts": false,
  "professional_roles": [
    {
      "id": "174",
      "name": "Инженер ПНР"
    }
  ],
  "accept_incomplete_resumes": false,
  "experience": {
    "id": "between1And3",
    "name": "От 1 года до 3 лет"
  },
  "employment": {
    "id": "full",
    "name": "Полная занятость"
  },
  "employment_form": {
    "id": "FULL",
    "name": "Полная"
  },
  "internship": false,
  "adv_response_url": null,
  "is_adv_vacancy": false,
  "adv_context": null
}