{
  "id": "127886341",
  "premium": false,
  "name": "Инженер сопровождения систем банка",
  "department": {
    "id": "1245405-1245405-it",
    "name": "Bereke Bank - ИТ-специалисты"
  },
  "has_test": false,
  "response_letter_required": false,
  "area": {
    "id": "160",
    "name": "Алматы",
    "url": "https://api.hh.ru/areas/160"
  },
  "salary": null,
  "salary_range": null,
  "type": {
    "id": "open",
    "name": "Открытая"
  },
  "address": {
    "city": "Алматы",
    "street": "улица Желтоксан",
    "building": "191",
    "lat": 43.231422,
    "lng": 76.943651,
    "description": null,
    "raw": "Алматы, улица Желтоксан, 191",
    "metro": {
      "station_name": "Абая",
      "line_name": "Первая",
      "station_id": "64.433",
      "line_id": "64",
      "lat": 43.242548,
      "lng": 76.949588
    },
    "metro_stations": [
      {
        "station_name": "Абая",
        "line_name": "Первая",
        "station_id": "64.433",
        "line_id": "64",
        "lat": 43.242548,
        "lng": 76.949588
      },
      {
        "station_name": "Алмалы",
        "line_name": "Первая",
        "station_id": "64.432",
        "line_id": "64",
        "lat": 43.251295,
        "lng": 76.945456
      },
      {
        "station_name": "Байконур",
        "line_name": "Первая",
        "station_id": "64.434",
        "line_id": "64",
        "lat": 43.240401,
        "lng": 76.927696
      },
      {
        "station_name": "Театр имени Ауэзова",
        "line_name": "Первая",
        "station_id": "64.435",
        "line_id": "64",
        "lat": 43.240362,
        "lng": 76.917519
      }
    ],
    "id": "19901296"
  },
  "response_url": null,
  "sort_point_distance": null,
  "published_at": "2025-12-18T17:02:57+06:00",
  "created_at": "2025-12-18T17:02:57+06:00",
  "archived": false,
  "apply_alternate_url": "https://hh.ru/applicant/vacancy_response?vacancyId=127886341",
  "branding": {
    "type": "MAKEUP",
    "tariff": null
  },
  "show_logo_in_search": true,
  "show_contacts": true,
  "insider_interview": null,
  "url": "https://api.hh.ru/vacancies/127886341?host=hh.ru",
  "alternate_url": "https://hh.ru/vacancy/127886341",
  "relations": [],
  "employer": {
    "id": "1245405",
    "name": "Bereke Bank",
    "url": "https://api.hh.ru/employers/1245405",
    "alternate_url": "https://hh.ru/employer/1245405",
    "logo_urls": {
      "original": "https://img.hhcdn.ru/employer-logo-original-round/6420800.png",
      "90": "https://img.hhcdn.ru/employer-logo-round/6420801.png",
      "240": "https://img.hhcdn.ru/employer-logo-round/6420802.png"
    },
    "vacancies_url": "https://api.hh.ru/vacancies?employer_id=1245405",
    "country_id": 3,
    "accredited_it_employer": false,
    "trusted": true
  },
  "snippet": {
    "requirement": "Знания Windows Server 2016-2025, Linux, Confluence, Jira, SQL, PostgreSQL, Oracle 19, <highlighttext>Dotnet</highlighttext>, IIS, Windows и Opensearch. Знание архитектуры приложений...",
    "responsibility": "Администрирование и сопровождени систем, серверов приложений. Обеспечение непрерывности сервисов ИС Банка. Оказание технической поддержки работникам Банка по вопросам функционирования ИС..."
  },
  "contacts": null,
  "schedule": {
    "id": "fullDay",
    "name": "Полный день"
  },
  "working_days": [],
  "working_time_intervals": [],
  "working_time_modes": [],
  "accept_temporary": false,
  "fly_in_fly_out_duration": [],
  "work_format": [
    {
      "id": "ON_SITE",
      "name": "На месте работодателя"
    }
  ],
  "working_hours": [
    {
      "id": "HOURS_8",
      "name": "8 часов"
    }
  ],
  "work_schedule_by_days": [
    {
      "id": "FIVE_ON_TWO_OFF",
      "name": "5/2"
    }
  ],
  "night_shifts": false,
  "professional_roles": [
    {
      "id": "40",
      "name": "Другое"
    }
  ],
  "accept_incomplete_resumes": false,
  "experience": {
    "id": "between1And3",
    "name": "От 1 года до 3 лет"
  },
  "employment": {
    "id": "full",
    "name": "Полная занятость"
  },
  "employment_form": {
    "id": "FULL",
    "name": "Полная"
  },
  "internship": false,
  "adv_response_url": null,
  "is_adv_vacancy": false,
  "adv_context": null
}