{
  "id": "127871536",
  "premium": false,
  "name": "C# / .NET Developer",
  "department": null,
  "has_test": true,
  "response_letter_required": false,
  "area": {
    "id": "2758",
    "name": "Тбилиси",
    "url": "https://api.hh.ru/areas/2758"
  },
  "salary": null,
  "salary_range": null,
  "type": {
    "id": "open",
    "name": "Открытая"
  },
  "address": {
    "city": "Тбилиси",
    "street": null,
    "building": null,
    "lat": 41.693083,
    "lng": 44.801561,
    "description": null,
    "raw": "Тбилиси",
    "metro": null,
    "metro_stations": [],
    "id": "20664550"
  },
  "response_url": null,
  "sort_point_distance": null,
  "published_at": "2025-12-17T21:42:19+06:00",
  "created_at": "2025-12-17T21:42:19+06:00",
  "archived": false,
  "apply_alternate_url": "https://hh.ru/applicant/vacancy_response?vacancyId=127871536",
  "show_logo_in_search": null,
  "show_contacts": false,
  "insider_interview": null,
  "url": "https://api.hh.ru/vacancies/127871536?host=hh.ru",
  "alternate_url": "https://hh.ru/vacancy/127871536",
  "relations": [],
  "employer": {
    "id": "1915027",
    "name": "Intella",
    "url": "https://api.hh.ru/employers/1915027",
    "alternate_url": "https://hh.ru/employer/1915027",
    "logo_urls": {
      "original": "https://img.hhcdn.ru/employer-logo-original-round/2589256.png",
      "90": "https://img.hhcdn.ru/employer-logo-round/2589257.png",
      "240": "https://img.hhcdn.ru/employer-logo-round/2589258.png"
    },
    "vacancies_url": "https://api.hh.ru/vacancies?employer_id=1915027",
    "country_id": 1,
    "accredited_it_employer": false,
    "trusted": true
  },
  "snippet": {
    "requirement": "От 4-х лет опыт работы с <highlighttext>.NET</highlighttext>. Опыт работы с Desktop и интеграциями с биржами DEX/CEX. ",
    "responsibility": "Интеграции с биржами. Реализация нового функционала. Оптимизация производительности."
  },
  "contacts": null,
  "schedule": {
    "id": "fullDay",
    "name": "Полный день"
  },
  "working_days": [],
  "working_time_intervals": [],
  "working_time_modes": [],
  "accept_temporary": true,
  "fly_in_fly_out_duration": [],
  "work_format": [
    {
      "id": "HYBRID",
      "name": "Гибрид"
    }
  ],
  "working_hours": [
    {
      "id": "HOURS_8",
      "name": "8 часов"
    }
  ],
  "work_schedule_by_days": [
    {
      "id": "FIVE_ON_TWO_OFF",
      "name": "5/2"
    }
  ],
  "night_shifts": false,
  "professional_roles": [
    {
      "id": "96",
      "name": "Программист, разработчик"
    }
  ],
  "accept_incomplete_resumes": false,
  "experience": {
    "id": "between3And6",
    "name": "От 3 до 6 лет"
  },
  "employment": {
    "id": "full",
    "name": "Полная занятость"
  },
  "employment_form": {
    "id": "FULL",
    "name": "Полная"
  },
  "internship": false,
  "adv_response_url": null,
  "is_adv_vacancy": false,
  "adv_context": null
}