{
  "id": "127861177",
  "premium": false,
  "name": "Power Platform Developer",
  "department": null,
  "has_test": false,
  "response_letter_required": false,
  "area": {
    "id": "1002",
    "name": "Минск",
    "url": "https://api.hh.ru/areas/1002"
  },
  "salary": null,
  "salary_range": null,
  "type": {
    "id": "open",
    "name": "Открытая"
  },
  "address": {
    "city": "Минск",
    "street": null,
    "building": null,
    "lat": 53.902284,
    "lng": 27.561831,
    "description": null,
    "raw": "Минск",
    "metro": {
      "station_name": "Купаловская",
      "line_name": "Автозаводская",
      "station_id": "63.423",
      "line_id": "63",
      "lat": 53.901408,
      "lng": 27.561247
    },
    "metro_stations": [
      {
        "station_name": "Купаловская",
        "line_name": "Автозаводская",
        "station_id": "63.423",
        "line_id": "63",
        "lat": 53.901408,
        "lng": 27.561247
      },
      {
        "station_name": "Немига",
        "line_name": "Автозаводская",
        "station_id": "63.422",
        "line_id": "63",
        "lat": 53.905615,
        "lng": 27.55415
      },
      {
        "station_name": "Октябрьская",
        "line_name": "Московская",
        "station_id": "62.410",
        "line_id": "62",
        "lat": 53.901562,
        "lng": 27.561068
      },
      {
        "station_name": "Первомайская",
        "line_name": "Автозаводская",
        "station_id": "63.424",
        "line_id": "63",
        "lat": 53.893763,
        "lng": 27.570167
      }
    ],
    "id": "20459744"
  },
  "response_url": null,
  "sort_point_distance": null,
  "published_at": "2025-12-19T13:40:54+06:00",
  "created_at": "2025-12-19T13:40:54+06:00",
  "archived": false,
  "apply_alternate_url": "https://hh.ru/applicant/vacancy_response?vacancyId=127861177",
  "show_logo_in_search": null,
  "show_contacts": false,
  "insider_interview": null,
  "url": "https://api.hh.ru/vacancies/127861177?host=hh.ru",
  "alternate_url": "https://hh.ru/vacancy/127861177",
  "relations": [],
  "employer": {
    "id": "1858119",
    "name": "Innowise Group / Фабрика инноваций и решений",
    "url": "https://api.hh.ru/employers/1858119",
    "alternate_url": "https://hh.ru/employer/1858119",
    "logo_urls": {
      "original": "https://img.hhcdn.ru/employer-logo-original-round/3339491.png",
      "90": "https://img.hhcdn.ru/employer-logo-round/3339492.png",
      "240": "https://img.hhcdn.ru/employer-logo-round/3339493.png"
    },
    "vacancies_url": "https://api.hh.ru/vacancies?employer_id=1858119",
    "country_id": 4,
    "accredited_it_employer": false,
    "trusted": true
  },
  "snippet": {
    "requirement": "Опыт работы с JavaScript, React. Опыт работы с <highlighttext>.NET</highlighttext>. Azure Entra ID, Functions, Logic Apps. SQL(Azure/MySQL/Cosmos/Postgres...",
    "responsibility": "Проектирование, разработка и внедрение решений с использованием набора продуктов Power Platform с упором на Power Apps, Copilot и Power Automate..."
  },
  "contacts": null,
  "schedule": {
    "id": "fullDay",
    "name": "Полный день"
  },
  "working_days": [],
  "working_time_intervals": [],
  "working_time_modes": [],
  "accept_temporary": false,
  "fly_in_fly_out_duration": [],
  "work_format": [
    {
      "id": "ON_SITE",
      "name": "На месте работодателя"
    }
  ],
  "working_hours": [
    {
      "id": "HOURS_8",
      "name": "8 часов"
    }
  ],
  "work_schedule_by_days": [
    {
      "id": "FIVE_ON_TWO_OFF",
      "name": "5/2"
    }
  ],
  "night_shifts": false,
  "professional_roles": [
    {
      "id": "96",
      "name": "Программист, разработчик"
    }
  ],
  "accept_incomplete_resumes": false,
  "experience": {
    "id": "between1And3",
    "name": "От 1 года до 3 лет"
  },
  "employment": {
    "id": "full",
    "name": "Полная занятость"
  },
  "employment_form": {
    "id": "FULL",
    "name": "Полная"
  },
  "internship": false,
  "adv_response_url": null,
  "is_adv_vacancy": false,
  "adv_context": null
}