{
  "id": "127881822",
  "premium": false,
  "name": "Ведущий веб-программист (Full Stack)",
  "department": {
    "id": "4606-4606-ITech",
    "name": "Familia. IT"
  },
  "has_test": false,
  "response_letter_required": false,
  "area": {
    "id": "1",
    "name": "Москва",
    "url": "https://api.hh.ru/areas/1"
  },
  "salary": null,
  "salary_range": null,
  "type": {
    "id": "open",
    "name": "Открытая"
  },
  "address": {
    "city": "Москва",
    "street": "улица Красная Пресня",
    "building": "24",
    "lat": 55.762277,
    "lng": 37.569899,
    "description": null,
    "raw": "Москва, улица Красная Пресня, 24",
    "metro": {
      "station_name": "Краснопресненская",
      "line_name": "Кольцевая",
      "station_id": "5.58",
      "line_id": "5",
      "lat": 55.760378,
      "lng": 37.577114
    },
    "metro_stations": [
      {
        "station_name": "Краснопресненская",
        "line_name": "Кольцевая",
        "station_id": "5.58",
        "line_id": "5",
        "lat": 55.760378,
        "lng": 37.577114
      },
      {
        "station_name": "Улица 1905 года",
        "line_name": "Таганско-Краснопресненская",
        "station_id": "7.146",
        "line_id": "7",
        "lat": 55.763944,
        "lng": 37.562271
      }
    ],
    "id": "20669831"
  },
  "response_url": null,
  "sort_point_distance": null,
  "published_at": "2025-12-15T12:14:24+06:00",
  "created_at": "2025-12-15T12:14:24+06:00",
  "archived": false,
  "apply_alternate_url": "https://hh.ru/applicant/vacancy_response?vacancyId=127881822",
  "branding": {
    "type": "MAKEUP",
    "tariff": null
  },
  "show_logo_in_search": true,
  "show_contacts": true,
  "insider_interview": null,
  "url": "https://api.hh.ru/vacancies/127881822?host=hh.ru",
  "alternate_url": "https://hh.ru/vacancy/127881822",
  "relations": [],
  "employer": {
    "id": "4606",
    "name": "Familia",
    "url": "https://api.hh.ru/employers/4606",
    "alternate_url": "https://hh.ru/employer/4606",
    "logo_urls": {
      "original": "https://img.hhcdn.ru/employer-logo-original-round/6753465.png",
      "90": "https://img.hhcdn.ru/employer-logo-round/6753466.png",
      "240": "https://img.hhcdn.ru/employer-logo-round/6753467.png"
    },
    "vacancies_url": "https://api.hh.ru/vacancies?employer_id=4606",
    "country_id": 1,
    "accredited_it_employer": false,
    "trusted": true
  },
  "snippet": {
    "requirement": "Опыт разработки на PHP. Опыт разработки на Flutter/Dart. Опыт разработки на python и/или <highlighttext>c#</highlighttext>. Опыт работы с docker. ",
    "responsibility": "Участвовать в проектировании и создании архитектуры собственных web/mobile-решений компании. Вести разработку backend + frontend. Проводить код-ревью. "
  },
  "contacts": null,
  "schedule": {
    "id": "fullDay",
    "name": "Полный день"
  },
  "working_days": [],
  "working_time_intervals": [],
  "working_time_modes": [],
  "accept_temporary": false,
  "fly_in_fly_out_duration": [],
  "work_format": [
    {
      "id": "ON_SITE",
      "name": "На месте работодателя"
    },
    {
      "id": "HYBRID",
      "name": "Гибрид"
    }
  ],
  "working_hours": [
    {
      "id": "HOURS_8",
      "name": "8 часов"
    }
  ],
  "work_schedule_by_days": [
    {
      "id": "FIVE_ON_TWO_OFF",
      "name": "5/2"
    }
  ],
  "night_shifts": false,
  "professional_roles": [
    {
      "id": "148",
      "name": "Системный аналитик"
    }
  ],
  "accept_incomplete_resumes": false,
  "experience": {
    "id": "between3And6",
    "name": "От 3 до 6 лет"
  },
  "employment": {
    "id": "full",
    "name": "Полная занятость"
  },
  "employment_form": {
    "id": "FULL",
    "name": "Полная"
  },
  "internship": false,
  "adv_response_url": null,
  "is_adv_vacancy": false,
  "adv_context": null
}