{
  "id": "127801560",
  "premium": false,
  "name": "C#/. NET-разработчик",
  "department": null,
  "has_test": false,
  "response_letter_required": false,
  "area": {
    "id": "1",
    "name": "Москва",
    "url": "https://api.hh.ru/areas/1"
  },
  "salary": null,
  "salary_range": null,
  "type": {
    "id": "open",
    "name": "Открытая"
  },
  "address": {
    "city": "Москва",
    "street": "Садовническая улица",
    "building": "3",
    "lat": 55.748083,
    "lng": 37.62678,
    "description": null,
    "raw": "Москва, Садовническая улица, 3",
    "metro": {
      "station_name": "Новокузнецкая",
      "line_name": "Замоскворецкая",
      "station_id": "2.89",
      "line_id": "2",
      "lat": 55.742391,
      "lng": 37.62928
    },
    "metro_stations": [
      {
        "station_name": "Новокузнецкая",
        "line_name": "Замоскворецкая",
        "station_id": "2.89",
        "line_id": "2",
        "lat": 55.742391,
        "lng": 37.62928
      },
      {
        "station_name": "Третьяковская",
        "line_name": "Калужско-Рижская",
        "station_id": "6.90",
        "line_id": "6",
        "lat": 55.74073,
        "lng": 37.625624
      },
      {
        "station_name": "Третьяковская",
        "line_name": "Калининская",
        "station_id": "8.91",
        "line_id": "8",
        "lat": 55.741125,
        "lng": 37.626142
      }
    ],
    "id": "11936032"
  },
  "response_url": null,
  "sort_point_distance": null,
  "published_at": "2025-12-17T16:39:43+06:00",
  "created_at": "2025-12-17T16:39:43+06:00",
  "archived": false,
  "apply_alternate_url": "https://hh.ru/applicant/vacancy_response?vacancyId=127801560",
  "branding": {
    "type": "MAKEUP",
    "tariff": null
  },
  "show_logo_in_search": true,
  "show_contacts": false,
  "insider_interview": null,
  "url": "https://api.hh.ru/vacancies/127801560?host=hh.ru",
  "alternate_url": "https://hh.ru/vacancy/127801560",
  "relations": [],
  "employer": {
    "id": "3879789",
    "name": "ASTERUS (ООО ВХД Менеджмент)",
    "url": "https://api.hh.ru/employers/3879789",
    "alternate_url": "https://hh.ru/employer/3879789",
    "logo_urls": {
      "original": "https://img.hhcdn.ru/employer-logo-original-round/6495848.jpeg",
      "90": "https://img.hhcdn.ru/employer-logo-round/6495849.jpeg",
      "240": "https://img.hhcdn.ru/employer-logo-round/6495850.jpeg"
    },
    "vacancies_url": "https://api.hh.ru/vacancies?employer_id=3879789",
    "country_id": 1,
    "accredited_it_employer": false,
    "trusted": true
  },
  "snippet": {
    "requirement": "...с технологиями <highlighttext>.NET</highlighttext> 6+, PostgreSQL, React (mobx, TypeScript), REST API. Опыт разработки интеграционных решений и адаптеров на <highlighttext>.NET</highlighttext> (REST...",
    "responsibility": "Разработка и сопровождение программных решений в области автоматизации документооборота на базе платформы TESSA. Проведение анализа возможности реализации необходимых доработок, подготовка..."
  },
  "contacts": null,
  "schedule": {
    "id": "remote",
    "name": "Удаленная работа"
  },
  "working_days": [],
  "working_time_intervals": [],
  "working_time_modes": [],
  "accept_temporary": false,
  "fly_in_fly_out_duration": [],
  "work_format": [
    {
      "id": "REMOTE",
      "name": "Удалённо"
    },
    {
      "id": "HYBRID",
      "name": "Гибрид"
    }
  ],
  "working_hours": [
    {
      "id": "HOURS_8",
      "name": "8 часов"
    }
  ],
  "work_schedule_by_days": [
    {
      "id": "FIVE_ON_TWO_OFF",
      "name": "5/2"
    }
  ],
  "night_shifts": false,
  "professional_roles": [
    {
      "id": "96",
      "name": "Программист, разработчик"
    }
  ],
  "accept_incomplete_resumes": false,
  "experience": {
    "id": "between3And6",
    "name": "От 3 до 6 лет"
  },
  "employment": {
    "id": "full",
    "name": "Полная занятость"
  },
  "employment_form": {
    "id": "FULL",
    "name": "Полная"
  },
  "internship": false,
  "adv_response_url": null,
  "is_adv_vacancy": false,
  "adv_context": null
}