{
  "id": "127844458",
  "premium": false,
  "name": "Разработчик С# (senior)",
  "department": null,
  "has_test": false,
  "response_letter_required": false,
  "area": {
    "id": "88",
    "name": "Казань",
    "url": "https://api.hh.ru/areas/88"
  },
  "salary": null,
  "salary_range": null,
  "type": {
    "id": "open",
    "name": "Открытая"
  },
  "address": {
    "city": "Казань",
    "street": "улица Габдуллы Тукая",
    "building": "125к3",
    "lat": 55.762358,
    "lng": 49.127911,
    "description": null,
    "raw": "Казань, улица Габдуллы Тукая, 125к3",
    "metro": {
      "station_name": "Суконная слобода",
      "line_name": "Центральная",
      "station_id": "49.274",
      "line_id": "49",
      "lat": 55.777094,
      "lng": 49.142275
    },
    "metro_stations": [
      {
        "station_name": "Суконная слобода",
        "line_name": "Центральная",
        "station_id": "49.274",
        "line_id": "49",
        "lat": 55.777094,
        "lng": 49.142275
      }
    ],
    "id": "19669239"
  },
  "response_url": null,
  "sort_point_distance": null,
  "published_at": "2025-11-28T18:21:34+06:00",
  "created_at": "2025-11-28T18:21:34+06:00",
  "archived": false,
  "apply_alternate_url": "https://hh.ru/applicant/vacancy_response?vacancyId=127844458",
  "branding": {
    "type": "CONSTRUCTOR",
    "tariff": "BASIC"
  },
  "show_logo_in_search": true,
  "show_contacts": false,
  "insider_interview": null,
  "url": "https://api.hh.ru/vacancies/127844458?host=hh.ru",
  "alternate_url": "https://hh.ru/vacancy/127844458",
  "relations": [],
  "employer": {
    "id": "240410",
    "name": "Maxima",
    "url": "https://api.hh.ru/employers/240410",
    "alternate_url": "https://hh.ru/employer/240410",
    "logo_urls": {
      "original": "https://img.hhcdn.ru/employer-logo-original-round/6009788.jpeg",
      "90": "https://img.hhcdn.ru/employer-logo-round/6009789.jpeg",
      "240": "https://img.hhcdn.ru/employer-logo-round/6009790.jpeg"
    },
    "vacancies_url": "https://api.hh.ru/vacancies?employer_id=240410",
    "country_id": 1,
    "accredited_it_employer": true,
    "trusted": true
  },
  "snippet": {
    "requirement": "Опыт разработки сложных систем с использованием <highlighttext>.NET</highlighttext>/<highlighttext>C#</highlighttext>. Понимание принципов разработки клиент-серверных приложений. Знание и опыт применения ООП и...",
    "responsibility": "Активно уходим от легаси, внедряем современные практики. Доверяем профессионализму наших сотрудников: даем свободу выбора в подходах, если видим аргументированное обоснование. "
  },
  "contacts": null,
  "schedule": {
    "id": "fullDay",
    "name": "Полный день"
  },
  "working_days": [],
  "working_time_intervals": [],
  "working_time_modes": [],
  "accept_temporary": true,
  "fly_in_fly_out_duration": [],
  "work_format": [
    {
      "id": "ON_SITE",
      "name": "На месте работодателя"
    },
    {
      "id": "HYBRID",
      "name": "Гибрид"
    }
  ],
  "working_hours": [
    {
      "id": "HOURS_8",
      "name": "8 часов"
    }
  ],
  "work_schedule_by_days": [
    {
      "id": "FIVE_ON_TWO_OFF",
      "name": "5/2"
    }
  ],
  "night_shifts": false,
  "professional_roles": [
    {
      "id": "96",
      "name": "Программист, разработчик"
    }
  ],
  "accept_incomplete_resumes": false,
  "experience": {
    "id": "between3And6",
    "name": "От 3 до 6 лет"
  },
  "employment": {
    "id": "full",
    "name": "Полная занятость"
  },
  "employment_form": {
    "id": "FULL",
    "name": "Полная"
  },
  "internship": false,
  "adv_response_url": null,
  "is_adv_vacancy": false,
  "adv_context": null
}