{
  "id": "127828865",
  "premium": false,
  "name": "Инженер-программист",
  "department": null,
  "has_test": false,
  "response_letter_required": false,
  "area": {
    "id": "76",
    "name": "Ростов-на-Дону",
    "url": "https://api.hh.ru/areas/76"
  },
  "salary": null,
  "salary_range": null,
  "type": {
    "id": "open",
    "name": "Открытая"
  },
  "address": {
    "city": "Ростов-на-Дону",
    "street": "60К-9, 1-й километр",
    "building": "6/8",
    "lat": 47.297605,
    "lng": 39.652391,
    "description": null,
    "raw": "Ростов-на-Дону, 60К-9, 1-й километр, 6/8",
    "metro": null,
    "metro_stations": [],
    "id": "15809419"
  },
  "response_url": null,
  "sort_point_distance": null,
  "published_at": "2025-12-18T14:49:02+06:00",
  "created_at": "2025-12-18T14:49:02+06:00",
  "archived": false,
  "apply_alternate_url": "https://hh.ru/applicant/vacancy_response?vacancyId=127828865",
  "show_logo_in_search": null,
  "show_contacts": true,
  "insider_interview": null,
  "url": "https://api.hh.ru/vacancies/127828865?host=hh.ru",
  "alternate_url": "https://hh.ru/vacancy/127828865",
  "relations": [],
  "employer": {
    "id": "218740",
    "name": "Турбулентность-Дон, Группа компаний",
    "url": "https://api.hh.ru/employers/218740",
    "alternate_url": "https://hh.ru/employer/218740",
    "logo_urls": {
      "original": "https://img.hhcdn.ru/employer-logo-original-round/4087998.png",
      "90": "https://img.hhcdn.ru/employer-logo-round/4087999.png",
      "240": "https://img.hhcdn.ru/employer-logo-round/4088000.png"
    },
    "vacancies_url": "https://api.hh.ru/vacancies?employer_id=218740",
    "country_id": 1,
    "accredited_it_employer": false,
    "trusted": true
  },
  "snippet": {
    "requirement": "Коммерческий опыт разработки на <highlighttext>C#</highlighttext> от 2-х лет. Уверенное владение: Visual Studio, Git (GitLab/GitHub), Entity Framework (или аналог). ",
    "responsibility": "Разработка и модернизация ПО для управления автоматизированными испытательными стендами наших измерительных приборов. Сопровождение, доработка и оптимизация существующего кодового наследия (legacy). "
  },
  "contacts": null,
  "schedule": {
    "id": "fullDay",
    "name": "Полный день"
  },
  "working_days": [],
  "working_time_intervals": [],
  "working_time_modes": [],
  "accept_temporary": false,
  "fly_in_fly_out_duration": [],
  "work_format": [
    {
      "id": "ON_SITE",
      "name": "На месте работодателя"
    }
  ],
  "working_hours": [
    {
      "id": "HOURS_8",
      "name": "8 часов"
    }
  ],
  "work_schedule_by_days": [
    {
      "id": "FIVE_ON_TWO_OFF",
      "name": "5/2"
    }
  ],
  "night_shifts": false,
  "professional_roles": [
    {
      "id": "70",
      "name": "Менеджер по продажам, менеджер по работе с клиентами"
    }
  ],
  "accept_incomplete_resumes": false,
  "experience": {
    "id": "between1And3",
    "name": "От 1 года до 3 лет"
  },
  "employment": {
    "id": "full",
    "name": "Полная занятость"
  },
  "employment_form": {
    "id": "FULL",
    "name": "Полная"
  },
  "internship": false,
  "adv_response_url": null,
  "is_adv_vacancy": false,
  "adv_context": null
}