{
  "id": "127938942",
  "premium": false,
  "name": "Разработчик C#",
  "department": null,
  "has_test": true,
  "response_letter_required": false,
  "area": {
    "id": "1",
    "name": "Москва",
    "url": "https://api.hh.ru/areas/1"
  },
  "salary": null,
  "salary_range": null,
  "type": {
    "id": "open",
    "name": "Открытая"
  },
  "address": {
    "city": "Москва",
    "street": "Осенняя улица",
    "building": "11",
    "lat": 55.762318,
    "lng": 37.40433,
    "description": null,
    "raw": "Москва, Осенняя улица, 11",
    "metro": {
      "station_name": "Крылатское",
      "line_name": "Арбатско-Покровская",
      "station_id": "3.65",
      "line_id": "3",
      "lat": 55.756842,
      "lng": 37.408139
    },
    "metro_stations": [
      {
        "station_name": "Крылатское",
        "line_name": "Арбатско-Покровская",
        "station_id": "3.65",
        "line_id": "3",
        "lat": 55.756842,
        "lng": 37.408139
      }
    ],
    "id": "563213"
  },
  "response_url": null,
  "sort_point_distance": null,
  "published_at": "2025-12-23T16:29:16+06:00",
  "created_at": "2025-12-23T16:29:16+06:00",
  "archived": false,
  "apply_alternate_url": "https://hh.ru/applicant/vacancy_response?vacancyId=127938942",
  "branding": {
    "type": "MAKEUP",
    "tariff": null
  },
  "show_logo_in_search": true,
  "show_contacts": true,
  "insider_interview": null,
  "url": "https://api.hh.ru/vacancies/127938942?host=hh.ru",
  "alternate_url": "https://hh.ru/vacancy/127938942",
  "relations": [],
  "employer": {
    "id": "579",
    "name": "Кофемания",
    "url": "https://api.hh.ru/employers/579",
    "alternate_url": "https://hh.ru/employer/579",
    "logo_urls": {
      "original": "https://img.hhcdn.ru/employer-logo-original-round/5986308.png",
      "90": "https://img.hhcdn.ru/employer-logo-round/5986309.png",
      "240": "https://img.hhcdn.ru/employer-logo-round/5986310.png"
    },
    "vacancies_url": "https://api.hh.ru/vacancies?employer_id=579",
    "country_id": 1,
    "accredited_it_employer": false,
    "trusted": true
  },
  "snippet": {
    "requirement": "Опыт коммерческой разработки от 2-х лет. Опыт работы с любой современной реляционной СУБД. Опыт создания клиент-серверных приложений. ",
    "responsibility": "Разработка сервисов и их API. Решение вопросов оптимизации производительности существующих компонентов. Участие в развитии существующих компонентов. Участие в принятии технических..."
  },
  "contacts": null,
  "schedule": {
    "id": "fullDay",
    "name": "Полный день"
  },
  "working_days": [],
  "working_time_intervals": [],
  "working_time_modes": [],
  "accept_temporary": false,
  "fly_in_fly_out_duration": [],
  "work_format": [
    {
      "id": "ON_SITE",
      "name": "На месте работодателя"
    }
  ],
  "working_hours": [
    {
      "id": "HOURS_8",
      "name": "8 часов"
    }
  ],
  "work_schedule_by_days": [
    {
      "id": "FIVE_ON_TWO_OFF",
      "name": "5/2"
    }
  ],
  "night_shifts": false,
  "professional_roles": [
    {
      "id": "96",
      "name": "Программист, разработчик"
    }
  ],
  "accept_incomplete_resumes": false,
  "experience": {
    "id": "between1And3",
    "name": "От 1 года до 3 лет"
  },
  "employment": {
    "id": "full",
    "name": "Полная занятость"
  },
  "employment_form": {
    "id": "FULL",
    "name": "Полная"
  },
  "internship": false,
  "adv_response_url": null,
  "is_adv_vacancy": false,
  "adv_context": null
}