{
  "id": "127967068",
  "premium": false,
  "name": "Technical Artist / Технический художник",
  "department": null,
  "has_test": false,
  "response_letter_required": true,
  "area": {
    "id": "4",
    "name": "Новосибирск",
    "url": "https://api.hh.ru/areas/4"
  },
  "salary": null,
  "salary_range": null,
  "type": {
    "id": "open",
    "name": "Открытая"
  },
  "address": {
    "city": "Тольятти",
    "street": "улица Мичурина",
    "building": "27А",
    "lat": 53.535749,
    "lng": 49.395815,
    "description": null,
    "raw": "Тольятти, улица Мичурина, 27А",
    "metro": null,
    "metro_stations": [],
    "id": "1484098"
  },
  "response_url": null,
  "sort_point_distance": null,
  "published_at": "2025-12-20T19:29:32+06:00",
  "created_at": "2025-12-20T19:29:32+06:00",
  "archived": false,
  "apply_alternate_url": "https://hh.ru/applicant/vacancy_response?vacancyId=127967068",
  "show_logo_in_search": null,
  "show_contacts": false,
  "insider_interview": null,
  "url": "https://api.hh.ru/vacancies/127967068?host=hh.ru",
  "alternate_url": "https://hh.ru/vacancy/127967068",
  "relations": [],
  "employer": {
    "id": "3471533",
    "name": "ДжастМоби",
    "url": "https://api.hh.ru/employers/3471533",
    "alternate_url": "https://hh.ru/employer/3471533",
    "logo_urls": {
      "original": "https://img.hhcdn.ru/employer-logo-original-round/6814917.png",
      "90": "https://img.hhcdn.ru/employer-logo-round/6814918.png",
      "240": "https://img.hhcdn.ru/employer-logo-round/6814919.png"
    },
    "vacancies_url": "https://api.hh.ru/vacancies?employer_id=3471533",
    "country_id": 1,
    "accredited_it_employer": true,
    "trusted": true
  },
  "snippet": {
    "requirement": "Владение инструментами VFX Graph, Shader Graph, Animator. Уверенное владение <highlighttext>C#</highlighttext> и работа с Git. Понимание арт-пайплайна (PBR, текстурирование, работа...",
    "responsibility": "Работа с движком Unity (URP). Разработка и оптимизация VFX и шейдеров (Shader Graph/GLSL) для мобильных платформ. Техническая поддержка арт..."
  },
  "contacts": null,
  "schedule": {
    "id": "remote",
    "name": "Удаленная работа"
  },
  "working_days": [],
  "working_time_intervals": [],
  "working_time_modes": [],
  "accept_temporary": false,
  "fly_in_fly_out_duration": [],
  "work_format": [
    {
      "id": "REMOTE",
      "name": "Удалённо"
    }
  ],
  "working_hours": [
    {
      "id": "HOURS_8",
      "name": "8 часов"
    }
  ],
  "work_schedule_by_days": [
    {
      "id": "FIVE_ON_TWO_OFF",
      "name": "5/2"
    }
  ],
  "night_shifts": false,
  "professional_roles": [
    {
      "id": "34",
      "name": "Дизайнер, художник"
    }
  ],
  "accept_incomplete_resumes": false,
  "experience": {
    "id": "between1And3",
    "name": "От 1 года до 3 лет"
  },
  "employment": {
    "id": "full",
    "name": "Полная занятость"
  },
  "employment_form": {
    "id": "FULL",
    "name": "Полная"
  },
  "internship": false,
  "adv_response_url": null,
  "is_adv_vacancy": false,
  "adv_context": null
}