{
  "id": "127917679",
  "premium": false,
  "name": "Инженер-программист АСУ ТП",
  "department": null,
  "has_test": false,
  "response_letter_required": false,
  "area": {
    "id": "3",
    "name": "Екатеринбург",
    "url": "https://api.hh.ru/areas/3"
  },
  "salary": null,
  "salary_range": null,
  "type": {
    "id": "open",
    "name": "Открытая"
  },
  "address": {
    "city": "Екатеринбург",
    "street": "Зоологическая улица",
    "building": "9",
    "lat": 56.813449,
    "lng": 60.536632,
    "description": null,
    "raw": "Екатеринбург, Зоологическая улица, 9",
    "metro": {
      "station_name": "Чкаловская",
      "line_name": "Север-Юг",
      "station_id": "48.269",
      "line_id": "48",
      "lat": 56.808502,
      "lng": 60.610698
    },
    "metro_stations": [
      {
        "station_name": "Чкаловская",
        "line_name": "Север-Юг",
        "station_id": "48.269",
        "line_id": "48",
        "lat": 56.808502,
        "lng": 60.610698
      }
    ],
    "id": "16200885"
  },
  "response_url": null,
  "sort_point_distance": null,
  "published_at": "2025-12-12T19:39:39+06:00",
  "created_at": "2025-12-12T19:39:39+06:00",
  "archived": false,
  "apply_alternate_url": "https://hh.ru/applicant/vacancy_response?vacancyId=127917679",
  "branding": {
    "type": "MAKEUP",
    "tariff": null
  },
  "show_logo_in_search": true,
  "show_contacts": true,
  "insider_interview": null,
  "url": "https://api.hh.ru/vacancies/127917679?host=hh.ru",
  "alternate_url": "https://hh.ru/vacancy/127917679",
  "relations": [],
  "employer": {
    "id": "11217385",
    "name": "РегЛаб",
    "url": "https://api.hh.ru/employers/11217385",
    "alternate_url": "https://hh.ru/employer/11217385",
    "logo_urls": {
      "original": "https://img.hhcdn.ru/employer-logo-original/1391096.png",
      "90": "https://img.hhcdn.ru/employer-logo/7184171.png",
      "240": "https://img.hhcdn.ru/employer-logo/7184172.png"
    },
    "vacancies_url": "https://api.hh.ru/vacancies?employer_id=11217385",
    "country_id": 1,
    "accredited_it_employer": true,
    "trusted": true
  },
  "snippet": {
    "requirement": "Знание концепции объектно-ориентированного программирования. Понимание сетевой модели OSI. Знание протоколов передачи данных ModBus RTU, ModBus TCP/IP, OPC DA...",
    "responsibility": "Разработка программного обеспечения системы вибродиагностики. Обработка данных с АЦП, работа с базами данных, визуализация архивных данных в виде графиков, гистограмм..."
  },
  "contacts": null,
  "schedule": {
    "id": "fullDay",
    "name": "Полный день"
  },
  "working_days": [],
  "working_time_intervals": [],
  "working_time_modes": [],
  "accept_temporary": false,
  "fly_in_fly_out_duration": [],
  "work_format": [
    {
      "id": "ON_SITE",
      "name": "На месте работодателя"
    }
  ],
  "working_hours": [
    {
      "id": "HOURS_8",
      "name": "8 часов"
    }
  ],
  "work_schedule_by_days": [
    {
      "id": "FIVE_ON_TWO_OFF",
      "name": "5/2"
    }
  ],
  "night_shifts": false,
  "professional_roles": [
    {
      "id": "96",
      "name": "Программист, разработчик"
    }
  ],
  "accept_incomplete_resumes": false,
  "experience": {
    "id": "between1And3",
    "name": "От 1 года до 3 лет"
  },
  "employment": {
    "id": "full",
    "name": "Полная занятость"
  },
  "employment_form": {
    "id": "FULL",
    "name": "Полная"
  },
  "internship": false,
  "adv_response_url": null,
  "is_adv_vacancy": false,
  "adv_context": null
}