{
  "id": "127948545",
  "premium": false,
  "name": "Бизнес-аналитик / Разработчик С#",
  "department": null,
  "has_test": false,
  "response_letter_required": false,
  "area": {
    "id": "2",
    "name": "Санкт-Петербург",
    "url": "https://api.hh.ru/areas/2"
  },
  "salary": null,
  "salary_range": null,
  "type": {
    "id": "open",
    "name": "Открытая"
  },
  "address": {
    "city": "Санкт-Петербург",
    "street": "Комендантский проспект",
    "building": null,
    "lat": 60.06367383610167,
    "lng": 30.189106317015916,
    "description": null,
    "raw": "Санкт-Петербург, Комендантский проспект",
    "metro": {
      "station_name": "Комендантский проспект",
      "line_name": "Фрунзенско-Приморская",
      "station_id": "18.245",
      "line_id": "18",
      "lat": 60.008591,
      "lng": 30.258663
    },
    "metro_stations": [
      {
        "station_name": "Комендантский проспект",
        "line_name": "Фрунзенско-Приморская",
        "station_id": "18.245",
        "line_id": "18",
        "lat": 60.008591,
        "lng": 30.258663
      }
    ],
    "id": "330020"
  },
  "response_url": null,
  "sort_point_distance": null,
  "published_at": "2025-12-15T15:00:01+06:00",
  "created_at": "2025-12-15T15:00:01+06:00",
  "archived": false,
  "apply_alternate_url": "https://hh.ru/applicant/vacancy_response?vacancyId=127948545",
  "show_logo_in_search": null,
  "show_contacts": false,
  "insider_interview": null,
  "url": "https://api.hh.ru/vacancies/127948545?host=hh.ru",
  "alternate_url": "https://hh.ru/vacancy/127948545",
  "relations": [],
  "employer": {
    "id": "3832",
    "name": "Автозавод Санкт-Петербург",
    "url": "https://api.hh.ru/employers/3832",
    "alternate_url": "https://hh.ru/employer/3832",
    "logo_urls": {
      "original": "https://img.hhcdn.ru/employer-logo-original-round/6555740.png",
      "90": "https://img.hhcdn.ru/employer-logo-round/6555741.png",
      "240": "https://img.hhcdn.ru/employer-logo-round/6555742.png"
    },
    "vacancies_url": "https://api.hh.ru/vacancies?employer_id=3832",
    "country_id": 1,
    "accredited_it_employer": false,
    "trusted": true
  },
  "snippet": {
    "requirement": "Знания платформы <highlighttext>.Net</highlighttext> и языка <highlighttext>C#</highlighttext> на уровне middle и выше. Понимание шаблонов и принципов проектирования. Работа с ORM библиотеками...",
    "responsibility": "Разрабатывать новый функционал. Настраивать интеграции с другими системами. Обеспечивать производительность и эффективную работу критичных для бизнеса приложений. Обеспечивать качество кода..."
  },
  "contacts": null,
  "schedule": {
    "id": "fullDay",
    "name": "Полный день"
  },
  "working_days": [],
  "working_time_intervals": [],
  "working_time_modes": [],
  "accept_temporary": false,
  "fly_in_fly_out_duration": [],
  "work_format": [
    {
      "id": "HYBRID",
      "name": "Гибрид"
    }
  ],
  "working_hours": [
    {
      "id": "HOURS_8",
      "name": "8 часов"
    }
  ],
  "work_schedule_by_days": [
    {
      "id": "FIVE_ON_TWO_OFF",
      "name": "5/2"
    }
  ],
  "night_shifts": false,
  "professional_roles": [
    {
      "id": "150",
      "name": "Бизнес-аналитик"
    }
  ],
  "accept_incomplete_resumes": false,
  "experience": {
    "id": "between3And6",
    "name": "От 3 до 6 лет"
  },
  "employment": {
    "id": "full",
    "name": "Полная занятость"
  },
  "employment_form": {
    "id": "FULL",
    "name": "Полная"
  },
  "internship": false,
  "adv_response_url": null,
  "is_adv_vacancy": false,
  "adv_context": null
}