{
  "id": "127998091",
  "premium": false,
  "name": "DevOps-инженер",
  "department": null,
  "has_test": false,
  "response_letter_required": false,
  "area": {
    "id": "1",
    "name": "Москва",
    "url": "https://api.hh.ru/areas/1"
  },
  "salary": null,
  "salary_range": null,
  "type": {
    "id": "open",
    "name": "Открытая"
  },
  "address": {
    "city": "Москва",
    "street": "Варшавское шоссе",
    "building": "9с1",
    "lat": 55.699467,
    "lng": 37.625594,
    "description": null,
    "raw": "Москва, Варшавское шоссе, 9с1",
    "metro": {
      "station_name": "Верхние Котлы",
      "line_name": "МЦК",
      "station_id": "95.532",
      "line_id": "95",
      "lat": 55.69,
      "lng": 37.618889
    },
    "metro_stations": [
      {
        "station_name": "Верхние Котлы",
        "line_name": "МЦК",
        "station_id": "95.532",
        "line_id": "95",
        "lat": 55.69,
        "lng": 37.618889
      },
      {
        "station_name": "ЗИЛ",
        "line_name": "МЦК",
        "station_id": "95.531",
        "line_id": "95",
        "lat": 55.698333,
        "lng": 37.648333
      },
      {
        "station_name": "ЗИЛ",
        "line_name": "Троицкая",
        "station_id": "137.964",
        "line_id": "137",
        "lat": 55.697915,
        "lng": 37.647565
      },
      {
        "station_name": "Тульская",
        "line_name": "Серпуховско-Тимирязевская",
        "station_id": "9.142",
        "line_id": "9",
        "lat": 55.70961,
        "lng": 37.622569
      }
    ],
    "id": "20484261"
  },
  "response_url": null,
  "sort_point_distance": null,
  "published_at": "2025-12-23T15:40:13+06:00",
  "created_at": "2025-12-23T15:40:13+06:00",
  "archived": false,
  "apply_alternate_url": "https://hh.ru/applicant/vacancy_response?vacancyId=127998091",
  "branding": {
    "type": "MAKEUP",
    "tariff": null
  },
  "show_logo_in_search": true,
  "show_contacts": false,
  "insider_interview": null,
  "url": "https://api.hh.ru/vacancies/127998091?host=hh.ru",
  "alternate_url": "https://hh.ru/vacancy/127998091",
  "relations": [],
  "employer": {
    "id": "238161",
    "name": "СИГМА",
    "url": "https://api.hh.ru/employers/238161",
    "alternate_url": "https://hh.ru/employer/238161",
    "logo_urls": {
      "original": "https://img.hhcdn.ru/employer-logo-original-round/6357249.jpeg",
      "90": "https://img.hhcdn.ru/employer-logo-round/6357250.jpeg",
      "240": "https://img.hhcdn.ru/employer-logo-round/6357251.jpeg"
    },
    "vacancies_url": "https://api.hh.ru/vacancies?employer_id=238161",
    "country_id": 1,
    "accredited_it_employer": true,
    "trusted": true
  },
  "snippet": {
    "requirement": "Наличие высшего технического образования. Опыт работы на позиции системного инженера или администратора Linux от 3х лет. Понимание внутреннего устройства...",
    "responsibility": "Сопровождение web-сервера (Nginx)., балансировщики (Haproxy). Сопровождение сервисы приложений (<highlighttext>.Net</highlighttext> Core, Python, ReactJS), Сервисную шину (NATs). Автоматизацию развертывания/доставки и..."
  },
  "contacts": null,
  "schedule": {
    "id": "fullDay",
    "name": "Полный день"
  },
  "working_days": [],
  "working_time_intervals": [],
  "working_time_modes": [],
  "accept_temporary": false,
  "fly_in_fly_out_duration": [],
  "work_format": [
    {
      "id": "ON_SITE",
      "name": "На месте работодателя"
    },
    {
      "id": "HYBRID",
      "name": "Гибрид"
    }
  ],
  "working_hours": [
    {
      "id": "HOURS_8",
      "name": "8 часов"
    }
  ],
  "work_schedule_by_days": [
    {
      "id": "FIVE_ON_TWO_OFF",
      "name": "5/2"
    }
  ],
  "night_shifts": false,
  "professional_roles": [
    {
      "id": "160",
      "name": "DevOps-инженер"
    }
  ],
  "accept_incomplete_resumes": false,
  "experience": {
    "id": "between3And6",
    "name": "От 3 до 6 лет"
  },
  "employment": {
    "id": "full",
    "name": "Полная занятость"
  },
  "employment_form": {
    "id": "FULL",
    "name": "Полная"
  },
  "internship": false,
  "adv_response_url": null,
  "is_adv_vacancy": false,
  "adv_context": null
}