{
  "id": "127974324",
  "premium": false,
  "name": "TeamLead Backend-разработки",
  "department": null,
  "has_test": false,
  "response_letter_required": false,
  "area": {
    "id": "102",
    "name": "Хабаровск",
    "url": "https://api.hh.ru/areas/102"
  },
  "salary": null,
  "salary_range": null,
  "type": {
    "id": "open",
    "name": "Открытая"
  },
  "address": null,
  "response_url": null,
  "sort_point_distance": null,
  "published_at": "2025-12-19T20:19:36+06:00",
  "created_at": "2025-12-19T20:19:36+06:00",
  "archived": false,
  "apply_alternate_url": "https://hh.ru/applicant/vacancy_response?vacancyId=127974324",
  "show_logo_in_search": null,
  "show_contacts": false,
  "insider_interview": null,
  "url": "https://api.hh.ru/vacancies/127974324?host=hh.ru",
  "alternate_url": "https://hh.ru/vacancy/127974324",
  "relations": [],
  "employer": {
    "id": "641527",
    "name": "Розничное направление ГК Невада",
    "url": "https://api.hh.ru/employers/641527",
    "alternate_url": "https://hh.ru/employer/641527",
    "logo_urls": {
      "original": "https://img.hhcdn.ru/employer-logo-original-round/5825000.jpeg",
      "90": "https://img.hhcdn.ru/employer-logo-round/5825001.jpeg",
      "240": "https://img.hhcdn.ru/employer-logo-round/5825002.jpeg"
    },
    "vacancies_url": "https://api.hh.ru/vacancies?employer_id=641527",
    "country_id": 1,
    "accredited_it_employer": false,
    "trusted": true
  },
  "snippet": {
    "requirement": "Хорошее понимание архитектуры распределённых систем. Уверенное владение Python, Go или <highlighttext>C#</highlighttext> (у нас Python, но язык можно добрать). ",
    "responsibility": "Руководить командой разработчиков: планировать задачи, помогать расти, разруливать сложные технические дилеммы. Проектировать архитектуру сервисов с учётом highload и множества интеграций. "
  },
  "contacts": null,
  "schedule": {
    "id": "remote",
    "name": "Удаленная работа"
  },
  "working_days": [],
  "working_time_intervals": [],
  "working_time_modes": [],
  "accept_temporary": false,
  "fly_in_fly_out_duration": [],
  "work_format": [
    {
      "id": "REMOTE",
      "name": "Удалённо"
    }
  ],
  "working_hours": [
    {
      "id": "HOURS_8",
      "name": "8 часов"
    }
  ],
  "work_schedule_by_days": [
    {
      "id": "FIVE_ON_TWO_OFF",
      "name": "5/2"
    }
  ],
  "night_shifts": false,
  "professional_roles": [
    {
      "id": "104",
      "name": "Руководитель группы разработки"
    }
  ],
  "accept_incomplete_resumes": false,
  "experience": {
    "id": "between3And6",
    "name": "От 3 до 6 лет"
  },
  "employment": {
    "id": "full",
    "name": "Полная занятость"
  },
  "employment_form": {
    "id": "FULL",
    "name": "Полная"
  },
  "internship": false,
  "adv_response_url": null,
  "is_adv_vacancy": false,
  "adv_context": null
}