{
  "id": "127945024",
  "premium": false,
  "name": "Инженер-программист",
  "department": null,
  "has_test": false,
  "response_letter_required": false,
  "area": {
    "id": "54",
    "name": "Красноярск",
    "url": "https://api.hh.ru/areas/54"
  },
  "salary": null,
  "salary_range": null,
  "type": {
    "id": "open",
    "name": "Открытая"
  },
  "address": {
    "city": "Красноярск",
    "street": "улица 9 Мая",
    "building": "65Д",
    "lat": 56.055644,
    "lng": 92.911941,
    "description": null,
    "raw": "Красноярск, улица 9 Мая, 65Д",
    "metro": null,
    "metro_stations": [],
    "id": "922059"
  },
  "response_url": null,
  "sort_point_distance": null,
  "published_at": "2025-12-04T10:29:40+06:00",
  "created_at": "2025-12-04T10:29:40+06:00",
  "archived": false,
  "apply_alternate_url": "https://hh.ru/applicant/vacancy_response?vacancyId=127945024",
  "branding": {
    "type": "MAKEUP",
    "tariff": null
  },
  "show_logo_in_search": true,
  "show_contacts": false,
  "insider_interview": null,
  "url": "https://api.hh.ru/vacancies/127945024?host=hh.ru",
  "alternate_url": "https://hh.ru/vacancy/127945024",
  "relations": [],
  "employer": {
    "id": "546621",
    "name": "РН-КрасноярскНИПИнефть",
    "url": "https://api.hh.ru/employers/546621",
    "alternate_url": "https://hh.ru/employer/546621",
    "logo_urls": {
      "original": "https://img.hhcdn.ru/employer-logo-original/1475466.png",
      "90": "https://img.hhcdn.ru/employer-logo/8248446.png",
      "240": "https://img.hhcdn.ru/employer-logo/8248447.png"
    },
    "vacancies_url": "https://api.hh.ru/vacancies?employer_id=546621",
    "country_id": 1,
    "accredited_it_employer": false,
    "trusted": true
  },
  "snippet": {
    "requirement": "Опыт разработки под ASP.NET Core, знание <highlighttext>С#</highlighttext>, JavaScript, TypeScript, PHP. Желателен опыт работы с компонентами DevExpress/DevExtreme, знание ООП, опыт...",
    "responsibility": "Заниматься разработкой приложений и функций, связанных с СУБД Oracle и/или PostgreSQL на платформе ASP.NET Core с использованием JavaScript и..."
  },
  "contacts": null,
  "schedule": {
    "id": "fullDay",
    "name": "Полный день"
  },
  "working_days": [],
  "working_time_intervals": [],
  "working_time_modes": [],
  "accept_temporary": false,
  "fly_in_fly_out_duration": [],
  "work_format": [
    {
      "id": "ON_SITE",
      "name": "На месте работодателя"
    }
  ],
  "working_hours": [
    {
      "id": "HOURS_8",
      "name": "8 часов"
    }
  ],
  "work_schedule_by_days": [
    {
      "id": "FIVE_ON_TWO_OFF",
      "name": "5/2"
    }
  ],
  "night_shifts": false,
  "professional_roles": [
    {
      "id": "96",
      "name": "Программист, разработчик"
    }
  ],
  "accept_incomplete_resumes": true,
  "experience": {
    "id": "between1And3",
    "name": "От 1 года до 3 лет"
  },
  "employment": {
    "id": "full",
    "name": "Полная занятость"
  },
  "employment_form": {
    "id": "FULL",
    "name": "Полная"
  },
  "internship": false,
  "adv_response_url": null,
  "is_adv_vacancy": false,
  "adv_context": null
}