{
  "id": "127922904",
  "premium": false,
  "name": "Системный администратор/ведущий специалист в Отдел информационных технологий и мультимедийных систем",
  "department": null,
  "has_test": false,
  "response_letter_required": false,
  "area": {
    "id": "1",
    "name": "Москва",
    "url": "https://api.hh.ru/areas/1"
  },
  "salary": {
    "from": 150000,
    "to": null,
    "currency": "RUR",
    "gross": false
  },
  "salary_range": {
    "from": 150000,
    "to": null,
    "currency": "RUR",
    "gross": false,
    "mode": {
      "id": "MONTH",
      "name": "За месяц"
    },
    "frequency": null
  },
  "type": {
    "id": "open",
    "name": "Открытая"
  },
  "address": {
    "city": "Москва",
    "street": "Рублёвское шоссе",
    "building": "135",
    "lat": 55.76096,
    "lng": 37.378234,
    "description": null,
    "raw": "Москва, Рублёвское шоссе, 135",
    "metro": {
      "station_name": "Крылатское",
      "line_name": "Арбатско-Покровская",
      "station_id": "3.65",
      "line_id": "3",
      "lat": 55.756842,
      "lng": 37.408139
    },
    "metro_stations": [
      {
        "station_name": "Крылатское",
        "line_name": "Арбатско-Покровская",
        "station_id": "3.65",
        "line_id": "3",
        "lat": 55.756842,
        "lng": 37.408139
      },
      {
        "station_name": "Молодежная",
        "line_name": "Арбатско-Покровская",
        "station_id": "3.84",
        "line_id": "3",
        "lat": 55.741375,
        "lng": 37.415627
      }
    ],
    "id": "1509036"
  },
  "response_url": null,
  "sort_point_distance": null,
  "published_at": "2025-12-15T20:20:57+06:00",
  "created_at": "2025-12-15T20:20:57+06:00",
  "archived": false,
  "apply_alternate_url": "https://hh.ru/applicant/vacancy_response?vacancyId=127922904",
  "show_logo_in_search": null,
  "show_contacts": true,
  "insider_interview": null,
  "url": "https://api.hh.ru/vacancies/127922904?host=hh.ru",
  "alternate_url": "https://hh.ru/vacancy/127922904",
  "relations": [],
  "employer": {
    "id": "1303681",
    "name": "НМИЦ ССХ им. А.Н. Бакулева Минздрава России",
    "url": "https://api.hh.ru/employers/1303681",
    "alternate_url": "https://hh.ru/employer/1303681",
    "logo_urls": {
      "original": "https://img.hhcdn.ru/employer-logo-original-round/2616736.png",
      "90": "https://img.hhcdn.ru/employer-logo-round/2616737.png",
      "240": "https://img.hhcdn.ru/employer-logo-round/2616738.png"
    },
    "vacancies_url": "https://api.hh.ru/vacancies?employer_id=1303681",
    "country_id": 1,
    "accredited_it_employer": false,
    "trusted": true
  },
  "snippet": {
    "requirement": "Администрирование OC Linux. Опыт работы с языками программирования <highlighttext>C#</highlighttext>, PowerShell приветствуется. Администрирование программных продуктов: \"Лаборатории Касперского\", Acronis, Zabbix. ",
    "responsibility": "Регистрация и исполнение заявок, поступающих от руководителя группы. Работа с информационными системами Центра (мониторинг, настройка, интеграция). Обслуживание серверного оборудования (аппаратные..."
  },
  "contacts": null,
  "schedule": {
    "id": "fullDay",
    "name": "Полный день"
  },
  "working_days": [],
  "working_time_intervals": [],
  "working_time_modes": [],
  "accept_temporary": false,
  "fly_in_fly_out_duration": [],
  "work_format": [
    {
      "id": "ON_SITE",
      "name": "На месте работодателя"
    }
  ],
  "working_hours": [
    {
      "id": "HOURS_8",
      "name": "8 часов"
    }
  ],
  "work_schedule_by_days": [
    {
      "id": "FIVE_ON_TWO_OFF",
      "name": "5/2"
    }
  ],
  "night_shifts": false,
  "professional_roles": [
    {
      "id": "113",
      "name": "Системный администратор"
    }
  ],
  "accept_incomplete_resumes": false,
  "experience": {
    "id": "between3And6",
    "name": "От 3 до 6 лет"
  },
  "employment": {
    "id": "full",
    "name": "Полная занятость"
  },
  "employment_form": {
    "id": "FULL",
    "name": "Полная"
  },
  "internship": false,
  "adv_response_url": null,
  "is_adv_vacancy": false,
  "adv_context": null
}