{
  "id": "127957039",
  "premium": false,
  "name": "Unity разработчик",
  "department": null,
  "has_test": true,
  "response_letter_required": false,
  "area": {
    "id": "76",
    "name": "Ростов-на-Дону",
    "url": "https://api.hh.ru/areas/76"
  },
  "salary": null,
  "salary_range": null,
  "type": {
    "id": "open",
    "name": "Открытая"
  },
  "address": {
    "city": "Ростов-на-Дону",
    "street": "Нижнебульварная улица",
    "building": null,
    "lat": 47.21762859961644,
    "lng": 39.72339346931285,
    "description": null,
    "raw": "Ростов-на-Дону, Нижнебульварная улица",
    "metro": null,
    "metro_stations": [],
    "id": "20482844"
  },
  "response_url": null,
  "sort_point_distance": null,
  "published_at": "2025-12-18T19:40:23+06:00",
  "created_at": "2025-12-18T19:40:23+06:00",
  "archived": false,
  "apply_alternate_url": "https://hh.ru/applicant/vacancy_response?vacancyId=127957039",
  "show_logo_in_search": null,
  "show_contacts": true,
  "insider_interview": null,
  "url": "https://api.hh.ru/vacancies/127957039?host=hh.ru",
  "alternate_url": "https://hh.ru/vacancy/127957039",
  "relations": [],
  "employer": {
    "id": "6064074",
    "name": "Meowpunk",
    "url": "https://api.hh.ru/employers/6064074",
    "alternate_url": "https://hh.ru/employer/6064074",
    "logo_urls": {
      "original": "https://img.hhcdn.ru/employer-logo-original-round/6131164.jpeg",
      "90": "https://img.hhcdn.ru/employer-logo-round/6131165.jpeg",
      "240": "https://img.hhcdn.ru/employer-logo-round/6131166.jpeg"
    },
    "vacancies_url": "https://api.hh.ru/vacancies?employer_id=6064074",
    "country_id": 1,
    "accredited_it_employer": true,
    "trusted": true
  },
  "snippet": {
    "requirement": "Опыт коммерческой разработки 3д мобильных проектов от 1 года. Опыт работы с Unity и языком программирования <highlighttext>C#</highlighttext> от 2...",
    "responsibility": "Разработка новых кор и мета-фичей. Программирование игровой логики. Доработка и улучшение существующих механик. Портирование игры под WebGL. "
  },
  "contacts": null,
  "schedule": {
    "id": "fullDay",
    "name": "Полный день"
  },
  "working_days": [],
  "working_time_intervals": [],
  "working_time_modes": [],
  "accept_temporary": true,
  "fly_in_fly_out_duration": [],
  "work_format": [
    {
      "id": "ON_SITE",
      "name": "На месте работодателя"
    }
  ],
  "working_hours": [
    {
      "id": "HOURS_8",
      "name": "8 часов"
    }
  ],
  "work_schedule_by_days": [
    {
      "id": "FIVE_ON_TWO_OFF",
      "name": "5/2"
    }
  ],
  "night_shifts": false,
  "professional_roles": [
    {
      "id": "25",
      "name": "Гейм-дизайнер"
    }
  ],
  "accept_incomplete_resumes": false,
  "experience": {
    "id": "between3And6",
    "name": "От 3 до 6 лет"
  },
  "employment": {
    "id": "full",
    "name": "Полная занятость"
  },
  "employment_form": {
    "id": "FULL",
    "name": "Полная"
  },
  "internship": true,
  "adv_response_url": null,
  "is_adv_vacancy": false,
  "adv_context": null
}