{
  "id": "127994780",
  "premium": false,
  "name": "Fullstack Team Lead",
  "department": null,
  "has_test": false,
  "response_letter_required": false,
  "area": {
    "id": "2758",
    "name": "Тбилиси",
    "url": "https://api.hh.ru/areas/2758"
  },
  "salary": null,
  "salary_range": null,
  "type": {
    "id": "open",
    "name": "Открытая"
  },
  "address": null,
  "response_url": null,
  "sort_point_distance": null,
  "published_at": "2025-11-25T16:52:43+06:00",
  "created_at": "2025-11-25T16:52:43+06:00",
  "archived": false,
  "apply_alternate_url": "https://hh.ru/applicant/vacancy_response?vacancyId=127994780",
  "show_logo_in_search": null,
  "show_contacts": false,
  "insider_interview": null,
  "url": "https://api.hh.ru/vacancies/127994780?host=hh.ru",
  "alternate_url": "https://hh.ru/vacancy/127994780",
  "relations": [],
  "employer": {
    "id": "10574557",
    "name": "STARTRIBE LTD",
    "url": "https://api.hh.ru/employers/10574557",
    "alternate_url": "https://hh.ru/employer/10574557",
    "logo_urls": {
      "original": "https://img.hhcdn.ru/employer-logo-original/1423245.png",
      "90": "https://img.hhcdn.ru/employer-logo/7312629.png",
      "240": "https://img.hhcdn.ru/employer-logo/7312630.png"
    },
    "vacancies_url": "https://api.hh.ru/vacancies?employer_id=10574557",
    "country_id": 3,
    "accredited_it_employer": false,
    "trusted": true
  },
  "snippet": {
    "requirement": "опыт управления продуктовой кроссфункциональной командой 5-12 чел. – опыт участия в проработке фичей, планирования спринтов, управления релизами.",
    "responsibility": "Команда, разрабатывающая крупную iGaming платформу с клиентами во всех часовых поясах в поисках сильного инженера, который возьмёт на себя роль..."
  },
  "contacts": null,
  "schedule": {
    "id": "remote",
    "name": "Удаленная работа"
  },
  "working_days": [],
  "working_time_intervals": [],
  "working_time_modes": [],
  "accept_temporary": false,
  "fly_in_fly_out_duration": [],
  "work_format": [
    {
      "id": "ON_SITE",
      "name": "На месте работодателя"
    },
    {
      "id": "REMOTE",
      "name": "Удалённо"
    }
  ],
  "working_hours": [
    {
      "id": "HOURS_8",
      "name": "8 часов"
    }
  ],
  "work_schedule_by_days": [
    {
      "id": "FIVE_ON_TWO_OFF",
      "name": "5/2"
    }
  ],
  "night_shifts": false,
  "professional_roles": [
    {
      "id": "104",
      "name": "Руководитель группы разработки"
    }
  ],
  "accept_incomplete_resumes": false,
  "experience": {
    "id": "moreThan6",
    "name": "Более 6 лет"
  },
  "employment": {
    "id": "full",
    "name": "Полная занятость"
  },
  "employment_form": {
    "id": "FULL",
    "name": "Полная"
  },
  "internship": false,
  "adv_response_url": null,
  "is_adv_vacancy": false,
  "adv_context": null
}