{
  "id": "128089176",
  "premium": false,
  "name": "Преподаватель программирования",
  "department": null,
  "has_test": false,
  "response_letter_required": false,
  "area": {
    "id": "2",
    "name": "Санкт-Петербург",
    "url": "https://api.hh.ru/areas/2"
  },
  "salary": {
    "from": 30000,
    "to": 50000,
    "currency": "RUR",
    "gross": false
  },
  "salary_range": {
    "from": 30000,
    "to": 50000,
    "currency": "RUR",
    "gross": false,
    "mode": {
      "id": "MONTH",
      "name": "За месяц"
    },
    "frequency": null
  },
  "type": {
    "id": "open",
    "name": "Открытая"
  },
  "address": {
    "city": "Санкт-Петербург",
    "street": "набережная реки Карповки",
    "building": "5",
    "lat": 59.968137,
    "lng": 30.316272,
    "description": null,
    "raw": "Санкт-Петербург, набережная реки Карповки, 5",
    "metro": {
      "station_name": "Горьковская",
      "line_name": "Московско-Петроградская",
      "station_id": "15.216",
      "line_id": "15",
      "lat": 59.956112,
      "lng": 30.31889
    },
    "metro_stations": [
      {
        "station_name": "Горьковская",
        "line_name": "Московско-Петроградская",
        "station_id": "15.216",
        "line_id": "15",
        "lat": 59.956112,
        "lng": 30.31889
      },
      {
        "station_name": "Петроградская",
        "line_name": "Московско-Петроградская",
        "station_id": "15.215",
        "line_id": "15",
        "lat": 59.966389,
        "lng": 30.311293
      },
      {
        "station_name": "Чкаловская",
        "line_name": "Фрунзенско-Приморская",
        "station_id": "18.248",
        "line_id": "18",
        "lat": 59.961033,
        "lng": 30.292006
      }
    ],
    "id": "11200837"
  },
  "response_url": null,
  "sort_point_distance": null,
  "published_at": "2025-11-26T17:17:23+06:00",
  "created_at": "2025-11-26T17:17:23+06:00",
  "archived": false,
  "apply_alternate_url": "https://hh.ru/applicant/vacancy_response?vacancyId=128089176",
  "show_logo_in_search": null,
  "show_contacts": true,
  "insider_interview": null,
  "url": "https://api.hh.ru/vacancies/128089176?host=hh.ru",
  "alternate_url": "https://hh.ru/vacancy/128089176",
  "relations": [],
  "employer": {
    "id": "5664108",
    "name": "Алгоритмика в Петроградском районе Санкт-Петербурга",
    "url": "https://api.hh.ru/employers/5664108",
    "alternate_url": "https://hh.ru/employer/5664108",
    "logo_urls": {
      "original": "https://img.hhcdn.ru/employer-logo-original-round/3968186.png",
      "90": "https://img.hhcdn.ru/employer-logo-round/3968187.png",
      "240": "https://img.hhcdn.ru/employer-logo-round/3968188.png"
    },
    "vacancies_url": "https://api.hh.ru/vacancies?employer_id=5664108",
    "country_id": 1,
    "accredited_it_employer": false,
    "trusted": true
  },
  "snippet": {
    "requirement": "выпускников технических или педагогических ВУЗов, любящих детей и готовых сделать для них программирование простым, интересным и веселым. – опыт работы с...",
    "responsibility": "проводить мастер-классы по своему направлению. Визуальное программирование (Scratch). Геймдизайн (Roblox, Lua). Графический дизайн. Разработка игр на Unity (<highlighttext>C#</highlighttext>). Математика."
  },
  "contacts": null,
  "schedule": {
    "id": "fullDay",
    "name": "Полный день"
  },
  "working_days": [],
  "working_time_intervals": [
    {
      "id": "from_four_to_six_hours_in_a_day",
      "name": "Можно сменами по 4-6 часов в день"
    }
  ],
  "working_time_modes": [],
  "accept_temporary": false,
  "fly_in_fly_out_duration": [],
  "work_format": [],
  "working_hours": [
    {
      "id": "HOURS_4",
      "name": "4 часа"
    },
    {
      "id": "HOURS_8",
      "name": "8 часов"
    },
    {
      "id": "FLEXIBLE",
      "name": "По договорённости"
    }
  ],
  "work_schedule_by_days": [
    {
      "id": "FIVE_ON_TWO_OFF",
      "name": "5/2"
    },
    {
      "id": "WEEKEND",
      "name": "По выходным"
    },
    {
      "id": "FLEXIBLE",
      "name": "Свободный"
    }
  ],
  "night_shifts": false,
  "professional_roles": [
    {
      "id": "132",
      "name": "Учитель, преподаватель, педагог"
    }
  ],
  "accept_incomplete_resumes": false,
  "experience": {
    "id": "between1And3",
    "name": "От 1 года до 3 лет"
  },
  "employment": {
    "id": "part",
    "name": "Частичная занятость"
  },
  "employment_form": {
    "id": "PART",
    "name": "Частичная"
  },
  "internship": false,
  "adv_response_url": null,
  "is_adv_vacancy": false,
  "adv_context": null
}