{
  "id": "128013868",
  "premium": false,
  "name": "Middle Auto QA C# [EP Product Catalog, МТС Веб Сервисы]",
  "department": {
    "id": "mts-3776-inIT",
    "name": "\"МТС\", Работа в IT"
  },
  "has_test": false,
  "response_letter_required": false,
  "area": {
    "id": "1",
    "name": "Москва",
    "url": "https://api.hh.ru/areas/1"
  },
  "salary": null,
  "salary_range": null,
  "type": {
    "id": "open",
    "name": "Открытая"
  },
  "address": null,
  "response_url": null,
  "sort_point_distance": null,
  "published_at": "2025-11-24T19:32:33+06:00",
  "created_at": "2025-11-24T19:32:33+06:00",
  "archived": false,
  "apply_alternate_url": "https://hh.ru/applicant/vacancy_response?vacancyId=128013868",
  "branding": {
    "type": "MAKEUP",
    "tariff": null
  },
  "show_logo_in_search": true,
  "show_contacts": false,
  "insider_interview": null,
  "url": "https://api.hh.ru/vacancies/128013868?host=hh.ru",
  "alternate_url": "https://hh.ru/vacancy/128013868",
  "relations": [],
  "employer": {
    "id": "3776",
    "name": "МТС",
    "url": "https://api.hh.ru/employers/3776",
    "alternate_url": "https://hh.ru/employer/3776",
    "logo_urls": {
      "original": "https://img.hhcdn.ru/employer-logo-original/1389236.png",
      "90": "https://img.hhcdn.ru/employer-logo/7176731.png",
      "240": "https://img.hhcdn.ru/employer-logo/7176732.png"
    },
    "vacancies_url": "https://api.hh.ru/vacancies?employer_id=3776",
    "country_id": 1,
    "accredited_it_employer": true,
    "trusted": true
  },
  "snippet": {
    "requirement": "Опыт от 2 лет в автоматизации тестирования на <highlighttext>C#</highlighttext>. Опыт написания автотестов на <highlighttext>C#</highlighttext>(.Net). Опыт использования LLM-агентов. ",
    "responsibility": "Обеспечивать качество ИТ-решений. Писать API/UI автотесты на <highlighttext>C#</highlighttext>. Улучшать фреймворк для автотестирования. Вести модели тестирования. Составлять план тестирования..."
  },
  "contacts": null,
  "schedule": {
    "id": "remote",
    "name": "Удаленная работа"
  },
  "working_days": [],
  "working_time_intervals": [],
  "working_time_modes": [],
  "accept_temporary": false,
  "fly_in_fly_out_duration": [],
  "work_format": [
    {
      "id": "ON_SITE",
      "name": "На месте работодателя"
    },
    {
      "id": "REMOTE",
      "name": "Удалённо"
    },
    {
      "id": "HYBRID",
      "name": "Гибрид"
    }
  ],
  "working_hours": [
    {
      "id": "HOURS_8",
      "name": "8 часов"
    }
  ],
  "work_schedule_by_days": [
    {
      "id": "FIVE_ON_TWO_OFF",
      "name": "5/2"
    }
  ],
  "night_shifts": false,
  "professional_roles": [
    {
      "id": "124",
      "name": "Тестировщик"
    }
  ],
  "accept_incomplete_resumes": false,
  "experience": {
    "id": "between1And3",
    "name": "От 1 года до 3 лет"
  },
  "employment": {
    "id": "full",
    "name": "Полная занятость"
  },
  "employment_form": {
    "id": "FULL",
    "name": "Полная"
  },
  "internship": false,
  "adv_response_url": null,
  "is_adv_vacancy": false,
  "adv_context": null
}