{
  "id": "128032587",
  "premium": false,
  "name": "Инженер сектора по внедрению решений PLM",
  "department": null,
  "has_test": true,
  "response_letter_required": false,
  "area": {
    "id": "2082",
    "name": "Фрязино (Московская область)",
    "url": "https://api.hh.ru/areas/2082"
  },
  "salary": null,
  "salary_range": null,
  "type": {
    "id": "open",
    "name": "Открытая"
  },
  "address": {
    "city": "Фрязино",
    "street": "Вокзальная улица",
    "building": "2А",
    "lat": 55.964381268294964,
    "lng": 38.046974369031304,
    "description": null,
    "raw": "Фрязино, Вокзальная улица, 2А",
    "metro": null,
    "metro_stations": [],
    "id": "794010"
  },
  "response_url": null,
  "sort_point_distance": null,
  "published_at": "2025-11-25T12:04:03+06:00",
  "created_at": "2025-11-25T12:04:03+06:00",
  "archived": false,
  "apply_alternate_url": "https://hh.ru/applicant/vacancy_response?vacancyId=128032587",
  "branding": {
    "type": "MAKEUP",
    "tariff": null
  },
  "show_logo_in_search": true,
  "show_contacts": true,
  "insider_interview": null,
  "url": "https://api.hh.ru/vacancies/128032587?host=hh.ru",
  "alternate_url": "https://hh.ru/vacancy/128032587",
  "relations": [],
  "employer": {
    "id": "1750736",
    "name": "НПП Исток им. Шокина",
    "url": "https://api.hh.ru/employers/1750736",
    "alternate_url": "https://hh.ru/employer/1750736",
    "logo_urls": {
      "original": "https://img.hhcdn.ru/employer-logo-original-round/1922021.png",
      "90": "https://img.hhcdn.ru/employer-logo-round/1922022.png",
      "240": "https://img.hhcdn.ru/employer-logo-round/1922023.png"
    },
    "vacancies_url": "https://api.hh.ru/vacancies?employer_id=1750736",
    "country_id": 1,
    "accredited_it_employer": false,
    "trusted": true
  },
  "snippet": {
    "requirement": "Знание MS SQL Server – базовое знание. Знание технологий <highlighttext>C#</highlighttext>, <highlighttext>.NET</highlighttext> Framework, <highlighttext>.NET</highlighttext> Core, XML. Понимание базовых признаков SOLID, KISS, DRY. ",
    "responsibility": "Анализ требований и потребностей компании в области управления жизненным циклом продукции. Разработка и оптимизация процессов внедрения PLM-систем с учётом..."
  },
  "contacts": null,
  "schedule": {
    "id": "fullDay",
    "name": "Полный день"
  },
  "working_days": [],
  "working_time_intervals": [],
  "working_time_modes": [],
  "accept_temporary": false,
  "fly_in_fly_out_duration": [],
  "work_format": [
    {
      "id": "ON_SITE",
      "name": "На месте работодателя"
    }
  ],
  "working_hours": [
    {
      "id": "HOURS_8",
      "name": "8 часов"
    }
  ],
  "work_schedule_by_days": [
    {
      "id": "FIVE_ON_TWO_OFF",
      "name": "5/2"
    }
  ],
  "night_shifts": false,
  "professional_roles": [
    {
      "id": "96",
      "name": "Программист, разработчик"
    }
  ],
  "accept_incomplete_resumes": false,
  "experience": {
    "id": "between1And3",
    "name": "От 1 года до 3 лет"
  },
  "employment": {
    "id": "full",
    "name": "Полная занятость"
  },
  "employment_form": {
    "id": "FULL",
    "name": "Полная"
  },
  "internship": false,
  "adv_response_url": null,
  "is_adv_vacancy": false,
  "adv_context": null
}