{
  "id": "128047211",
  "premium": false,
  "name": "Аналитик данных (разработка ПО)",
  "department": null,
  "has_test": false,
  "response_letter_required": false,
  "area": {
    "id": "1",
    "name": "Москва",
    "url": "https://api.hh.ru/areas/1"
  },
  "salary": {
    "from": 250000,
    "to": 300000,
    "currency": "RUR",
    "gross": false
  },
  "salary_range": {
    "from": 250000,
    "to": 300000,
    "currency": "RUR",
    "gross": false,
    "mode": {
      "id": "MONTH",
      "name": "За месяц"
    },
    "frequency": {
      "id": "TWICE_PER_MONTH",
      "name": "Два раза в месяц"
    }
  },
  "type": {
    "id": "open",
    "name": "Открытая"
  },
  "address": null,
  "response_url": null,
  "sort_point_distance": null,
  "published_at": "2025-11-25T15:54:03+06:00",
  "created_at": "2025-11-25T15:54:03+06:00",
  "archived": false,
  "apply_alternate_url": "https://hh.ru/applicant/vacancy_response?vacancyId=128047211",
  "show_contacts": true,
  "insider_interview": null,
  "url": "https://api.hh.ru/vacancies/128047211?host=hh.ru",
  "alternate_url": "https://hh.ru/vacancy/128047211",
  "relations": [],
  "employer": {
    "id": "12465366",
    "name": "ЕАПВ",
    "url": "https://api.hh.ru/employers/12465366",
    "alternate_url": "https://hh.ru/employer/12465366",
    "logo_urls": null,
    "vacancies_url": "https://api.hh.ru/vacancies?employer_id=12465366",
    "country_id": 1,
    "accredited_it_employer": false,
    "trusted": false
  },
  "snippet": {
    "requirement": "XML, JSON. <highlighttext>.net</highlighttext>, python, angular, react, docker, ci/cd. SQL. Английский технический. Git,jira.",
    "responsibility": "Анализ данных. Трансформация моделей данных. Разработка профессиональных систем поиска. Методы ИИ. Анализ требований. Развитие существующих систем."
  },
  "contacts": null,
  "schedule": {
    "id": "remote",
    "name": "Удаленная работа"
  },
  "working_days": [],
  "working_time_intervals": [],
  "working_time_modes": [],
  "accept_temporary": false,
  "fly_in_fly_out_duration": [],
  "work_format": [
    {
      "id": "ON_SITE",
      "name": "На месте работодателя"
    },
    {
      "id": "REMOTE",
      "name": "Удалённо"
    }
  ],
  "working_hours": [
    {
      "id": "HOURS_8",
      "name": "8 часов"
    }
  ],
  "work_schedule_by_days": [
    {
      "id": "FIVE_ON_TWO_OFF",
      "name": "5/2"
    }
  ],
  "night_shifts": false,
  "professional_roles": [
    {
      "id": "156",
      "name": "BI-аналитик, аналитик данных"
    }
  ],
  "accept_incomplete_resumes": false,
  "experience": {
    "id": "between3And6",
    "name": "От 3 до 6 лет"
  },
  "employment": {
    "id": "full",
    "name": "Полная занятость"
  },
  "employment_form": {
    "id": "FULL",
    "name": "Полная"
  },
  "internship": false,
  "adv_response_url": null,
  "is_adv_vacancy": false,
  "adv_context": null
}