{
  "id": "128050304",
  "premium": false,
  "name": "C#/.NET-разработчик",
  "department": null,
  "has_test": false,
  "response_letter_required": false,
  "area": {
    "id": "1",
    "name": "Москва",
    "url": "https://api.hh.ru/areas/1"
  },
  "salary": null,
  "salary_range": null,
  "type": {
    "id": "open",
    "name": "Открытая"
  },
  "address": null,
  "response_url": null,
  "sort_point_distance": null,
  "published_at": "2025-11-25T16:40:07+06:00",
  "created_at": "2025-11-25T16:40:07+06:00",
  "archived": false,
  "apply_alternate_url": "https://hh.ru/applicant/vacancy_response?vacancyId=128050304",
  "show_logo_in_search": null,
  "show_contacts": false,
  "insider_interview": null,
  "url": "https://api.hh.ru/vacancies/128050304?host=hh.ru",
  "alternate_url": "https://hh.ru/vacancy/128050304",
  "relations": [],
  "employer": {
    "id": "4037494",
    "name": "Хэндсапп",
    "url": "https://api.hh.ru/employers/4037494",
    "alternate_url": "https://hh.ru/employer/4037494",
    "logo_urls": {
      "original": "https://img.hhcdn.ru/employer-logo-original-round/3018031.png",
      "90": "https://img.hhcdn.ru/employer-logo-round/3018032.png",
      "240": "https://img.hhcdn.ru/employer-logo-round/3018033.png"
    },
    "vacancies_url": "https://api.hh.ru/vacancies?employer_id=4037494",
    "country_id": 1,
    "accredited_it_employer": false,
    "trusted": true
  },
  "snippet": {
    "requirement": "Опыт разработки на <highlighttext>.NET</highlighttext> / <highlighttext>.NET</highlighttext> Core от 3 лет. Глубокое понимание ООП и современного веб-стека, умение строить архитектурно продуманные...",
    "responsibility": "Участие в автоматизированном тестировании. Разработка и развитие корпоративных приложений для расчёта и выгрузки регуляторной отчётности. Участие в миграции систем и..."
  },
  "contacts": null,
  "schedule": {
    "id": "remote",
    "name": "Удаленная работа"
  },
  "working_days": [],
  "working_time_intervals": [],
  "working_time_modes": [],
  "accept_temporary": true,
  "fly_in_fly_out_duration": [],
  "work_format": [
    {
      "id": "REMOTE",
      "name": "Удалённо"
    }
  ],
  "working_hours": [
    {
      "id": "HOURS_8",
      "name": "8 часов"
    }
  ],
  "work_schedule_by_days": [
    {
      "id": "FIVE_ON_TWO_OFF",
      "name": "5/2"
    }
  ],
  "night_shifts": false,
  "professional_roles": [
    {
      "id": "96",
      "name": "Программист, разработчик"
    }
  ],
  "accept_incomplete_resumes": false,
  "experience": {
    "id": "between3And6",
    "name": "От 3 до 6 лет"
  },
  "employment": {
    "id": "project",
    "name": "Проектная работа"
  },
  "employment_form": {
    "id": "PROJECT",
    "name": "Проект"
  },
  "internship": false,
  "adv_response_url": null,
  "is_adv_vacancy": false,
  "adv_context": null
}