{
  "id": "128090350",
  "premium": false,
  "name": "C#/.NET-разработчик",
  "department": null,
  "has_test": false,
  "response_letter_required": false,
  "area": {
    "id": "2759",
    "name": "Ташкент",
    "url": "https://api.hh.ru/areas/2759"
  },
  "salary": null,
  "salary_range": null,
  "type": {
    "id": "open",
    "name": "Открытая"
  },
  "address": {
    "city": "Ташкент",
    "street": "улица Пахлавона Махмуда",
    "building": "26",
    "lat": 41.301153,
    "lng": 69.306461,
    "description": null,
    "raw": "Ташкент, улица Пахлавона Махмуда, 26",
    "metro": null,
    "metro_stations": [],
    "id": "19334883"
  },
  "response_url": null,
  "sort_point_distance": null,
  "published_at": "2025-11-26T17:41:19+06:00",
  "created_at": "2025-11-26T17:41:19+06:00",
  "archived": false,
  "apply_alternate_url": "https://hh.ru/applicant/vacancy_response?vacancyId=128090350",
  "show_logo_in_search": null,
  "show_contacts": true,
  "insider_interview": null,
  "url": "https://api.hh.ru/vacancies/128090350?host=hh.ru",
  "alternate_url": "https://hh.ru/vacancy/128090350",
  "relations": [],
  "employer": {
    "id": "3729994",
    "name": "FlexSoft",
    "url": "https://api.hh.ru/employers/3729994",
    "alternate_url": "https://hh.ru/employer/3729994",
    "logo_urls": {
      "original": "https://img.hhcdn.ru/employer-logo-original-round/6880149.png",
      "90": "https://img.hhcdn.ru/employer-logo-round/6880150.png",
      "240": "https://img.hhcdn.ru/employer-logo-round/6880151.png"
    },
    "vacancies_url": "https://api.hh.ru/vacancies?employer_id=3729994",
    "country_id": 6,
    "accredited_it_employer": false,
    "trusted": true
  },
  "snippet": {
    "requirement": "...позиции <highlighttext>C#</highlighttext> Developer. Уверенные знания <highlighttext>C#</highlighttext> и <highlighttext>.NET</highlighttext>. Опыт работы с SQL Server. FullStack разработка (JavaScript + Backend на <highlighttext>C#</highlighttext>). ",
    "responsibility": "Русский язык."
  },
  "contacts": null,
  "schedule": {
    "id": "fullDay",
    "name": "Полный день"
  },
  "working_days": [],
  "working_time_intervals": [],
  "working_time_modes": [],
  "accept_temporary": false,
  "fly_in_fly_out_duration": [],
  "work_format": [
    {
      "id": "ON_SITE",
      "name": "На месте работодателя"
    }
  ],
  "working_hours": [
    {
      "id": "HOURS_8",
      "name": "8 часов"
    }
  ],
  "work_schedule_by_days": [
    {
      "id": "FIVE_ON_TWO_OFF",
      "name": "5/2"
    }
  ],
  "night_shifts": false,
  "professional_roles": [
    {
      "id": "96",
      "name": "Программист, разработчик"
    }
  ],
  "accept_incomplete_resumes": false,
  "experience": {
    "id": "between3And6",
    "name": "От 3 до 6 лет"
  },
  "employment": {
    "id": "full",
    "name": "Полная занятость"
  },
  "employment_form": {
    "id": "FULL",
    "name": "Полная"
  },
  "internship": false,
  "adv_response_url": null,
  "is_adv_vacancy": false,
  "adv_context": null
}