{
  "id": "128062324",
  "premium": false,
  "name": "Аналитик по внедрению и сопровождению ПО",
  "department": null,
  "has_test": false,
  "response_letter_required": true,
  "area": {
    "id": "1",
    "name": "Москва",
    "url": "https://api.hh.ru/areas/1"
  },
  "salary": {
    "from": 100000,
    "to": null,
    "currency": "RUR",
    "gross": false
  },
  "salary_range": {
    "from": 100000,
    "to": null,
    "currency": "RUR",
    "gross": false,
    "mode": {
      "id": "MONTH",
      "name": "За месяц"
    },
    "frequency": null
  },
  "type": {
    "id": "open",
    "name": "Открытая"
  },
  "address": {
    "city": "Москва",
    "street": "Долгопрудненское шоссе",
    "building": "3",
    "lat": 55.921612,
    "lng": 37.534927,
    "description": null,
    "raw": "Москва, Долгопрудненское шоссе, 3",
    "metro": null,
    "metro_stations": [],
    "id": "13565213"
  },
  "response_url": null,
  "sort_point_distance": null,
  "published_at": "2025-12-22T20:40:25+06:00",
  "created_at": "2025-12-22T20:40:25+06:00",
  "archived": false,
  "apply_alternate_url": "https://hh.ru/applicant/vacancy_response?vacancyId=128062324",
  "show_logo_in_search": null,
  "show_contacts": false,
  "insider_interview": null,
  "url": "https://api.hh.ru/vacancies/128062324?host=hh.ru",
  "alternate_url": "https://hh.ru/vacancy/128062324",
  "relations": [],
  "employer": {
    "id": "684668",
    "name": "Comindware",
    "url": "https://api.hh.ru/employers/684668",
    "alternate_url": "https://hh.ru/employer/684668",
    "logo_urls": {
      "original": "https://img.hhcdn.ru/employer-logo-original/1420772.png",
      "90": "https://img.hhcdn.ru/employer-logo/7302737.png",
      "240": "https://img.hhcdn.ru/employer-logo/7302738.png"
    },
    "vacancies_url": "https://api.hh.ru/vacancies?employer_id=684668",
    "country_id": 1,
    "accredited_it_employer": false,
    "trusted": true
  },
  "snippet": {
    "requirement": "Желательны знания основ BPM и нотации BPMN 2.0. Навыки программирования на языке <highlighttext>C#</highlighttext>. Приветствуется наличие знаний по RDF N...",
    "responsibility": "Участие в проектах внедрения продуктов Comindware в роли инженера-аналитика (анализ и настройка моделей данных и бизнес-процессов, написание правил..."
  },
  "contacts": null,
  "schedule": {
    "id": "fullDay",
    "name": "Полный день"
  },
  "working_days": [],
  "working_time_intervals": [],
  "working_time_modes": [],
  "accept_temporary": false,
  "fly_in_fly_out_duration": [],
  "work_format": [
    {
      "id": "ON_SITE",
      "name": "На месте работодателя"
    }
  ],
  "working_hours": [
    {
      "id": "HOURS_8",
      "name": "8 часов"
    }
  ],
  "work_schedule_by_days": [
    {
      "id": "FIVE_ON_TWO_OFF",
      "name": "5/2"
    }
  ],
  "night_shifts": false,
  "professional_roles": [
    {
      "id": "121",
      "name": "Специалист технической поддержки"
    }
  ],
  "accept_incomplete_resumes": false,
  "experience": {
    "id": "between1And3",
    "name": "От 1 года до 3 лет"
  },
  "employment": {
    "id": "full",
    "name": "Полная занятость"
  },
  "employment_form": {
    "id": "FULL",
    "name": "Полная"
  },
  "internship": false,
  "adv_response_url": null,
  "is_adv_vacancy": false,
  "adv_context": null
}