{
  "id": "128032591",
  "premium": false,
  "name": "Инженер-программист автоматизированных измерительных систем",
  "department": null,
  "has_test": false,
  "response_letter_required": false,
  "area": {
    "id": "66",
    "name": "Нижний Новгород",
    "url": "https://api.hh.ru/areas/66"
  },
  "salary": {
    "from": 200000,
    "to": null,
    "currency": "RUR",
    "gross": true
  },
  "salary_range": {
    "from": 200000,
    "to": null,
    "currency": "RUR",
    "gross": true,
    "mode": {
      "id": "MONTH",
      "name": "За месяц"
    },
    "frequency": null
  },
  "type": {
    "id": "open",
    "name": "Открытая"
  },
  "address": {
    "city": "Нижний Новгород",
    "street": "улица Новикова-Прибоя",
    "building": "4Б",
    "lat": 56.261873,
    "lng": 43.924743,
    "description": null,
    "raw": "Нижний Новгород, улица Новикова-Прибоя, 4Б",
    "metro": {
      "station_name": "Автозаводская",
      "line_name": "Автозаводская",
      "station_id": "50.285",
      "line_id": "50",
      "lat": 56.257243,
      "lng": 43.902357
    },
    "metro_stations": [
      {
        "station_name": "Автозаводская",
        "line_name": "Автозаводская",
        "station_id": "50.285",
        "line_id": "50",
        "lat": 56.257243,
        "lng": 43.902357
      },
      {
        "station_name": "Двигатель Революции",
        "line_name": "Автозаводская",
        "station_id": "50.283",
        "line_id": "50",
        "lat": 56.277093,
        "lng": 43.922012
      },
      {
        "station_name": "Комсомольская",
        "line_name": "Автозаводская",
        "station_id": "50.286",
        "line_id": "50",
        "lat": 56.252662,
        "lng": 43.889888
      },
      {
        "station_name": "Пролетарская",
        "line_name": "Автозаводская",
        "station_id": "50.284",
        "line_id": "50",
        "lat": 56.266922,
        "lng": 43.914143
      }
    ],
    "id": "19540910"
  },
  "response_url": null,
  "sort_point_distance": null,
  "published_at": "2025-12-22T12:04:06+06:00",
  "created_at": "2025-12-22T12:04:06+06:00",
  "archived": false,
  "apply_alternate_url": "https://hh.ru/applicant/vacancy_response?vacancyId=128032591",
  "show_contacts": true,
  "insider_interview": null,
  "url": "https://api.hh.ru/vacancies/128032591?host=hh.ru",
  "alternate_url": "https://hh.ru/vacancy/128032591",
  "relations": [],
  "employer": {
    "id": "2179465",
    "name": "Смарт Энерго Трейд",
    "url": "https://api.hh.ru/employers/2179465",
    "alternate_url": "https://hh.ru/employer/2179465",
    "logo_urls": null,
    "vacancies_url": "https://api.hh.ru/vacancies?employer_id=2179465",
    "country_id": 1,
    "accredited_it_employer": false,
    "trusted": true
  },
  "snippet": {
    "requirement": "Разработка программного обеспечения для автоматизации измерений и. Контроля (LabVIEW, TestStand, <highlighttext>C#</highlighttext>/<highlighttext>.NET</highlighttext>, Python с упором на. Измерительные библиотеки) или глубокое...",
    "responsibility": "Разработка и сопровождение ПО: Создание, отладка и модификация. Прикладных программ автоматизированного контроля (ППК) для. Тестирования кабелей, электрожгутов, релейных блоков и..."
  },
  "contacts": null,
  "schedule": {
    "id": "fullDay",
    "name": "Полный день"
  },
  "working_days": [],
  "working_time_intervals": [],
  "working_time_modes": [],
  "accept_temporary": false,
  "fly_in_fly_out_duration": [],
  "work_format": [
    {
      "id": "ON_SITE",
      "name": "На месте работодателя"
    }
  ],
  "working_hours": [
    {
      "id": "HOURS_8",
      "name": "8 часов"
    }
  ],
  "work_schedule_by_days": [
    {
      "id": "FIVE_ON_TWO_OFF",
      "name": "5/2"
    }
  ],
  "night_shifts": false,
  "professional_roles": [
    {
      "id": "96",
      "name": "Программист, разработчик"
    }
  ],
  "accept_incomplete_resumes": false,
  "experience": {
    "id": "between3And6",
    "name": "От 3 до 6 лет"
  },
  "employment": {
    "id": "full",
    "name": "Полная занятость"
  },
  "employment_form": {
    "id": "FULL",
    "name": "Полная"
  },
  "internship": false,
  "adv_response_url": null,
  "is_adv_vacancy": false,
  "adv_context": null
}