{
  "id": "128015008",
  "premium": false,
  "name": "BIM-координатор",
  "department": null,
  "has_test": false,
  "response_letter_required": false,
  "area": {
    "id": "2",
    "name": "Санкт-Петербург",
    "url": "https://api.hh.ru/areas/2"
  },
  "salary": {
    "from": 95000,
    "to": null,
    "currency": "RUR",
    "gross": false
  },
  "salary_range": {
    "from": 95000,
    "to": null,
    "currency": "RUR",
    "gross": false,
    "mode": {
      "id": "MONTH",
      "name": "За месяц"
    },
    "frequency": {
      "id": "TWICE_PER_MONTH",
      "name": "Два раза в месяц"
    }
  },
  "type": {
    "id": "open",
    "name": "Открытая"
  },
  "address": {
    "city": "Санкт-Петербург",
    "street": "улица Чапаева",
    "building": "9",
    "lat": 59.95965364342271,
    "lng": 30.332038145996354,
    "description": null,
    "raw": "Санкт-Петербург, улица Чапаева, 9",
    "metro": {
      "station_name": "Горьковская",
      "line_name": "Московско-Петроградская",
      "station_id": "15.216",
      "line_id": "15",
      "lat": 59.956112,
      "lng": 30.31889
    },
    "metro_stations": [
      {
        "station_name": "Горьковская",
        "line_name": "Московско-Петроградская",
        "station_id": "15.216",
        "line_id": "15",
        "lat": 59.956112,
        "lng": 30.31889
      }
    ],
    "id": "17291189"
  },
  "response_url": null,
  "sort_point_distance": null,
  "published_at": "2025-11-24T19:41:56+06:00",
  "created_at": "2025-11-24T19:41:56+06:00",
  "archived": false,
  "apply_alternate_url": "https://hh.ru/applicant/vacancy_response?vacancyId=128015008",
  "show_logo_in_search": null,
  "show_contacts": true,
  "insider_interview": null,
  "url": "https://api.hh.ru/vacancies/128015008?host=hh.ru",
  "alternate_url": "https://hh.ru/vacancy/128015008",
  "relations": [],
  "employer": {
    "id": "9375456",
    "name": "Инспат",
    "url": "https://api.hh.ru/employers/9375456",
    "alternate_url": "https://hh.ru/employer/9375456",
    "logo_urls": {
      "original": "https://img.hhcdn.ru/employer-logo-original/1426101.png",
      "90": "https://img.hhcdn.ru/employer-logo/7324053.png",
      "240": "https://img.hhcdn.ru/employer-logo/7324054.png"
    },
    "vacancies_url": "https://api.hh.ru/vacancies?employer_id=9375456",
    "country_id": 1,
    "accredited_it_employer": false,
    "trusted": true
  },
  "snippet": {
    "requirement": "Создание скриптов в Dynamo. Разработка плагинов на <highlighttext>C#</highlighttext> с использованием Revit API. Работа с BAT файлами. Работа с инструментами ИИ. ",
    "responsibility": "Поддержка сотрудников по вопросам работы в Autodesk Revit. Наполнение и актуализация библиотеки семейств в Autodesk Revit. Поиск, разработка и внедрение..."
  },
  "contacts": null,
  "schedule": {
    "id": "fullDay",
    "name": "Полный день"
  },
  "working_days": [],
  "working_time_intervals": [],
  "working_time_modes": [],
  "accept_temporary": false,
  "fly_in_fly_out_duration": [],
  "work_format": [
    {
      "id": "ON_SITE",
      "name": "На месте работодателя"
    }
  ],
  "working_hours": [
    {
      "id": "HOURS_8",
      "name": "8 часов"
    }
  ],
  "work_schedule_by_days": [
    {
      "id": "FIVE_ON_TWO_OFF",
      "name": "5/2"
    }
  ],
  "night_shifts": false,
  "professional_roles": [
    {
      "id": "48",
      "name": "Инженер-конструктор, инженер-проектировщик"
    }
  ],
  "accept_incomplete_resumes": false,
  "experience": {
    "id": "between1And3",
    "name": "От 1 года до 3 лет"
  },
  "employment": {
    "id": "full",
    "name": "Полная занятость"
  },
  "employment_form": {
    "id": "FULL",
    "name": "Полная"
  },
  "internship": false,
  "adv_response_url": null,
  "is_adv_vacancy": false,
  "adv_context": null
}