{
  "id": "128045644",
  "premium": false,
  "name": "SQL-разработчик",
  "department": null,
  "has_test": false,
  "response_letter_required": false,
  "area": {
    "id": "72",
    "name": "Пермь",
    "url": "https://api.hh.ru/areas/72"
  },
  "salary": {
    "from": 170000,
    "to": 220000,
    "currency": "RUR",
    "gross": true
  },
  "salary_range": {
    "from": 170000,
    "to": 220000,
    "currency": "RUR",
    "gross": true,
    "mode": {
      "id": "MONTH",
      "name": "За месяц"
    },
    "frequency": {
      "id": "MONTHLY",
      "name": "Раз в месяц"
    }
  },
  "type": {
    "id": "open",
    "name": "Открытая"
  },
  "address": {
    "city": "Москва",
    "street": "улица Сущёвский Вал",
    "building": "43с2",
    "lat": 55.793829,
    "lng": 37.610116,
    "description": null,
    "raw": "Москва, улица Сущёвский Вал, 43с2",
    "metro": null,
    "metro_stations": [],
    "id": "14526812"
  },
  "response_url": null,
  "sort_point_distance": null,
  "published_at": "2025-12-22T15:26:54+06:00",
  "created_at": "2025-12-22T15:26:54+06:00",
  "archived": false,
  "apply_alternate_url": "https://hh.ru/applicant/vacancy_response?vacancyId=128045644",
  "show_logo_in_search": null,
  "show_contacts": false,
  "insider_interview": null,
  "url": "https://api.hh.ru/vacancies/128045644?host=hh.ru",
  "alternate_url": "https://hh.ru/vacancy/128045644",
  "relations": [],
  "employer": {
    "id": "10464215",
    "name": "Dex",
    "url": "https://api.hh.ru/employers/10464215",
    "alternate_url": "https://hh.ru/employer/10464215",
    "logo_urls": {
      "original": "https://img.hhcdn.ru/employer-logo-original-round/6358385.jpeg",
      "90": "https://img.hhcdn.ru/employer-logo-round/6358386.jpeg",
      "240": "https://img.hhcdn.ru/employer-logo-round/6358387.jpeg"
    },
    "vacancies_url": "https://api.hh.ru/vacancies?employer_id=10464215",
    "country_id": 1,
    "accredited_it_employer": true,
    "trusted": true
  },
  "snippet": {
    "requirement": "Будет плюсом: Опыт работы с <highlighttext>C#</highlighttext>/VB.NET, Windows.Forms, DevExpress. Опыт работы с Web Page is Unavailable , JSON, XML, XSLT, CSS...",
    "responsibility": "Разработка и доработка сложной бизнес-логики на стороне СУБД. Оптимизация SQL-запросов и их производительности. Разработка и настройка синхронизации данных..."
  },
  "contacts": null,
  "schedule": {
    "id": "remote",
    "name": "Удаленная работа"
  },
  "working_days": [],
  "working_time_intervals": [],
  "working_time_modes": [],
  "accept_temporary": false,
  "fly_in_fly_out_duration": [],
  "work_format": [
    {
      "id": "REMOTE",
      "name": "Удалённо"
    }
  ],
  "working_hours": [
    {
      "id": "HOURS_8",
      "name": "8 часов"
    }
  ],
  "work_schedule_by_days": [
    {
      "id": "FIVE_ON_TWO_OFF",
      "name": "5/2"
    }
  ],
  "night_shifts": false,
  "professional_roles": [
    {
      "id": "96",
      "name": "Программист, разработчик"
    }
  ],
  "accept_incomplete_resumes": false,
  "experience": {
    "id": "between3And6",
    "name": "От 3 до 6 лет"
  },
  "employment": {
    "id": "full",
    "name": "Полная занятость"
  },
  "employment_form": {
    "id": "FULL",
    "name": "Полная"
  },
  "internship": false,
  "adv_response_url": null,
  "is_adv_vacancy": false,
  "adv_context": null
}