{
  "id": "128078347",
  "premium": false,
  "name": "Technical Game Designer",
  "department": null,
  "has_test": false,
  "response_letter_required": false,
  "area": {
    "id": "236",
    "name": "Кипр",
    "url": "https://api.hh.ru/areas/236"
  },
  "salary": null,
  "salary_range": null,
  "type": {
    "id": "open",
    "name": "Открытая"
  },
  "address": null,
  "response_url": null,
  "sort_point_distance": null,
  "published_at": "2025-11-26T14:10:28+06:00",
  "created_at": "2025-11-26T14:10:28+06:00",
  "archived": false,
  "apply_alternate_url": "https://hh.ru/applicant/vacancy_response?vacancyId=128078347",
  "show_logo_in_search": null,
  "show_contacts": true,
  "insider_interview": null,
  "url": "https://api.hh.ru/vacancies/128078347?host=hh.ru",
  "alternate_url": "https://hh.ru/vacancy/128078347",
  "relations": [],
  "employer": {
    "id": "10128015",
    "name": "Brickworks Games LTD",
    "url": "https://api.hh.ru/employers/10128015",
    "alternate_url": "https://hh.ru/employer/10128015",
    "logo_urls": {
      "original": "https://img.hhcdn.ru/employer-logo-original-round/6172208.png",
      "90": "https://img.hhcdn.ru/employer-logo-round/6172209.png",
      "240": "https://img.hhcdn.ru/employer-logo-round/6172210.png"
    },
    "vacancies_url": "https://api.hh.ru/vacancies?employer_id=10128015",
    "country_id": 1,
    "accredited_it_employer": false,
    "trusted": true
  },
  "snippet": {
    "requirement": "Опыт работы с конструкторами поведения (Behavior Trees, State Machines). Базовые знания программирования на <highlighttext>С#</highlighttext> для Unity. Умение работать с аналитикой...",
    "responsibility": "Самостоятельное создание и балансировка локаций, мобов, ивентов. Работа с конфигами. Прототипирование и внедрение новых механик совместно с программистами. "
  },
  "contacts": null,
  "schedule": {
    "id": "remote",
    "name": "Удаленная работа"
  },
  "working_days": [],
  "working_time_intervals": [],
  "working_time_modes": [],
  "accept_temporary": true,
  "fly_in_fly_out_duration": [],
  "work_format": [
    {
      "id": "ON_SITE",
      "name": "На месте работодателя"
    },
    {
      "id": "REMOTE",
      "name": "Удалённо"
    },
    {
      "id": "HYBRID",
      "name": "Гибрид"
    }
  ],
  "working_hours": [
    {
      "id": "HOURS_8",
      "name": "8 часов"
    }
  ],
  "work_schedule_by_days": [
    {
      "id": "FIVE_ON_TWO_OFF",
      "name": "5/2"
    }
  ],
  "night_shifts": false,
  "professional_roles": [
    {
      "id": "25",
      "name": "Гейм-дизайнер"
    }
  ],
  "accept_incomplete_resumes": false,
  "experience": {
    "id": "between1And3",
    "name": "От 1 года до 3 лет"
  },
  "employment": {
    "id": "full",
    "name": "Полная занятость"
  },
  "employment_form": {
    "id": "FULL",
    "name": "Полная"
  },
  "internship": false,
  "adv_response_url": null,
  "is_adv_vacancy": false,
  "adv_context": null
}