{
  "id": "128079869",
  "premium": false,
  "name": "Backend C# ASP.NET developer (Senior)",
  "department": null,
  "has_test": false,
  "response_letter_required": false,
  "area": {
    "id": "1",
    "name": "Москва",
    "url": "https://api.hh.ru/areas/1"
  },
  "salary": {
    "from": 350000,
    "to": 500000,
    "currency": "RUR",
    "gross": true
  },
  "salary_range": {
    "from": 350000,
    "to": 500000,
    "currency": "RUR",
    "gross": true,
    "mode": {
      "id": "MONTH",
      "name": "За месяц"
    },
    "frequency": {
      "id": "TWICE_PER_MONTH",
      "name": "Два раза в месяц"
    }
  },
  "type": {
    "id": "open",
    "name": "Открытая"
  },
  "address": {
    "city": "Москва",
    "street": "Нижняя Сыромятническая улица",
    "building": "10с2",
    "lat": 55.752242,
    "lng": 37.671184,
    "description": null,
    "raw": "Москва, Нижняя Сыромятническая улица, 10с2",
    "metro": {
      "station_name": "Курская",
      "line_name": "Кольцевая",
      "station_id": "5.71",
      "line_id": "5",
      "lat": 55.758631,
      "lng": 37.661059
    },
    "metro_stations": [
      {
        "station_name": "Курская",
        "line_name": "Кольцевая",
        "station_id": "5.71",
        "line_id": "5",
        "lat": 55.758631,
        "lng": 37.661059
      }
    ],
    "id": "4680916"
  },
  "response_url": null,
  "sort_point_distance": null,
  "published_at": "2025-11-26T14:37:47+06:00",
  "created_at": "2025-11-26T14:37:47+06:00",
  "archived": false,
  "apply_alternate_url": "https://hh.ru/applicant/vacancy_response?vacancyId=128079869",
  "show_logo_in_search": null,
  "show_contacts": true,
  "insider_interview": null,
  "url": "https://api.hh.ru/vacancies/128079869?host=hh.ru",
  "alternate_url": "https://hh.ru/vacancy/128079869",
  "relations": [],
  "employer": {
    "id": "4998680",
    "name": "Signal",
    "url": "https://api.hh.ru/employers/4998680",
    "alternate_url": "https://hh.ru/employer/4998680",
    "logo_urls": {
      "original": "https://img.hhcdn.ru/employer-logo-original/1426286.png",
      "90": "https://img.hhcdn.ru/employer-logo/7324793.png",
      "240": "https://img.hhcdn.ru/employer-logo/7324794.png"
    },
    "vacancies_url": "https://api.hh.ru/vacancies?employer_id=4998680",
    "country_id": 1,
    "accredited_it_employer": true,
    "trusted": true
  },
  "snippet": {
    "requirement": "Хорошее понимание CLR и принципов работы <highlighttext>.NET</highlighttext>, ASP.NET Core. Знание технологий: AWS S3, message queues (MQ), OpenTelemetry, MediatR, Quartz. ",
    "responsibility": "Разрабатывать новые модули по техническому заданию. Рефакторить и оптимизировать существующий код. Проводить код-ревью для коллег, делиться экспертизой."
  },
  "contacts": null,
  "schedule": {
    "id": "remote",
    "name": "Удаленная работа"
  },
  "working_days": [],
  "working_time_intervals": [],
  "working_time_modes": [],
  "accept_temporary": false,
  "fly_in_fly_out_duration": [],
  "work_format": [
    {
      "id": "ON_SITE",
      "name": "На месте работодателя"
    },
    {
      "id": "REMOTE",
      "name": "Удалённо"
    },
    {
      "id": "HYBRID",
      "name": "Гибрид"
    }
  ],
  "working_hours": [
    {
      "id": "HOURS_8",
      "name": "8 часов"
    }
  ],
  "work_schedule_by_days": [
    {
      "id": "FIVE_ON_TWO_OFF",
      "name": "5/2"
    }
  ],
  "night_shifts": false,
  "professional_roles": [
    {
      "id": "96",
      "name": "Программист, разработчик"
    }
  ],
  "accept_incomplete_resumes": false,
  "experience": {
    "id": "moreThan6",
    "name": "Более 6 лет"
  },
  "employment": {
    "id": "full",
    "name": "Полная занятость"
  },
  "employment_form": {
    "id": "FULL",
    "name": "Полная"
  },
  "internship": false,
  "adv_response_url": null,
  "is_adv_vacancy": false,
  "adv_context": null
}