{
  "id": "128015953",
  "premium": false,
  "name": "Программист-разработчик C#/.NET",
  "department": null,
  "has_test": false,
  "response_letter_required": false,
  "area": {
    "id": "301",
    "name": "Обнинск",
    "url": "https://api.hh.ru/areas/301"
  },
  "salary": null,
  "salary_range": null,
  "type": {
    "id": "open",
    "name": "Открытая"
  },
  "address": null,
  "response_url": null,
  "sort_point_distance": null,
  "published_at": "2025-11-24T19:55:14+06:00",
  "created_at": "2025-11-24T19:55:14+06:00",
  "archived": false,
  "apply_alternate_url": "https://hh.ru/applicant/vacancy_response?vacancyId=128015953",
  "show_logo_in_search": null,
  "show_contacts": false,
  "insider_interview": null,
  "url": "https://api.hh.ru/vacancies/128015953?host=hh.ru",
  "alternate_url": "https://hh.ru/vacancy/128015953",
  "relations": [],
  "employer": {
    "id": "4303",
    "name": "СиСофт, (CSoft)",
    "url": "https://api.hh.ru/employers/4303",
    "alternate_url": "https://hh.ru/employer/4303",
    "logo_urls": {
      "original": "https://img.hhcdn.ru/employer-logo-original-round/559885.png",
      "90": "https://img.hhcdn.ru/employer-logo-round/559886.png",
      "240": "https://img.hhcdn.ru/employer-logo-round/559887.png"
    },
    "vacancies_url": "https://api.hh.ru/vacancies?employer_id=4303",
    "country_id": 1,
    "accredited_it_employer": true,
    "trusted": true
  },
  "snippet": {
    "requirement": "Высшее техническое образование. Опыт разработки приложений на <highlighttext>С#</highlighttext> /.NET. Опыт работы с СУБД (MS SQL Server и PostgreSQL). ",
    "responsibility": "Разработка нового и поддержка существующего функционала системы обработки и визуализации данных. Работа с серверными СУБД (MS SQL Server и PostgreSQL..."
  },
  "contacts": null,
  "schedule": {
    "id": "remote",
    "name": "Удаленная работа"
  },
  "working_days": [],
  "working_time_intervals": [],
  "working_time_modes": [],
  "accept_temporary": false,
  "fly_in_fly_out_duration": [],
  "work_format": [
    {
      "id": "ON_SITE",
      "name": "На месте работодателя"
    },
    {
      "id": "REMOTE",
      "name": "Удалённо"
    },
    {
      "id": "HYBRID",
      "name": "Гибрид"
    }
  ],
  "working_hours": [
    {
      "id": "HOURS_8",
      "name": "8 часов"
    }
  ],
  "work_schedule_by_days": [
    {
      "id": "FIVE_ON_TWO_OFF",
      "name": "5/2"
    }
  ],
  "night_shifts": false,
  "professional_roles": [
    {
      "id": "96",
      "name": "Программист, разработчик"
    }
  ],
  "accept_incomplete_resumes": false,
  "experience": {
    "id": "between3And6",
    "name": "От 3 до 6 лет"
  },
  "employment": {
    "id": "full",
    "name": "Полная занятость"
  },
  "employment_form": {
    "id": "FULL",
    "name": "Полная"
  },
  "internship": false,
  "adv_response_url": null,
  "is_adv_vacancy": false,
  "adv_context": null
}