{
  "id": "128025093",
  "premium": false,
  "name": "Технический директор (CTO)",
  "department": null,
  "has_test": true,
  "response_letter_required": false,
  "area": {
    "id": "1",
    "name": "Москва",
    "url": "https://api.hh.ru/areas/1"
  },
  "salary": null,
  "salary_range": null,
  "type": {
    "id": "open",
    "name": "Открытая"
  },
  "address": {
    "city": "Москва",
    "street": "Ленинградское шоссе",
    "building": "25к2",
    "lat": 55.827671,
    "lng": 37.487568,
    "description": null,
    "raw": "Москва, Ленинградское шоссе, 25к2",
    "metro": {
      "station_name": "Балтийская",
      "line_name": "МЦК",
      "station_id": "95.543",
      "line_id": "95",
      "lat": 55.825833,
      "lng": 37.496111
    },
    "metro_stations": [
      {
        "station_name": "Балтийская",
        "line_name": "МЦК",
        "station_id": "95.543",
        "line_id": "95",
        "lat": 55.825833,
        "lng": 37.496111
      },
      {
        "station_name": "Водный стадион",
        "line_name": "Замоскворецкая",
        "station_id": "2.29",
        "line_id": "2",
        "lat": 55.838978,
        "lng": 37.487515
      },
      {
        "station_name": "Войковская",
        "line_name": "Замоскворецкая",
        "station_id": "2.30",
        "line_id": "2",
        "lat": 55.818923,
        "lng": 37.497791
      },
      {
        "station_name": "Стрешнево",
        "line_name": "МЦК",
        "station_id": "95.542",
        "line_id": "95",
        "lat": 55.813611,
        "lng": 37.486944
      }
    ],
    "id": "18459599"
  },
  "response_url": null,
  "sort_point_distance": null,
  "published_at": "2025-11-25T01:05:26+06:00",
  "created_at": "2025-11-25T01:05:26+06:00",
  "archived": false,
  "apply_alternate_url": "https://hh.ru/applicant/vacancy_response?vacancyId=128025093",
  "show_logo_in_search": null,
  "show_contacts": false,
  "insider_interview": null,
  "url": "https://api.hh.ru/vacancies/128025093?host=hh.ru",
  "alternate_url": "https://hh.ru/vacancy/128025093",
  "relations": [],
  "employer": {
    "id": "4929753",
    "name": "КваттроЛаб",
    "url": "https://api.hh.ru/employers/4929753",
    "alternate_url": "https://hh.ru/employer/4929753",
    "logo_urls": {
      "original": "https://img.hhcdn.ru/employer-logo-original-round/7102316.jpg",
      "90": "https://img.hhcdn.ru/employer-logo-round/7102318.jpeg",
      "240": "https://img.hhcdn.ru/employer-logo-round/7102319.jpeg"
    },
    "vacancies_url": "https://api.hh.ru/vacancies?employer_id=4929753",
    "country_id": 1,
    "accredited_it_employer": true,
    "trusted": true
  },
  "snippet": {
    "requirement": "Анализировать продуктовый рынок для понимания вектора развития с технической стороны. Держать в фокусе сроки, бюджет и качество. Уже управлял направлением...",
    "responsibility": "Взаимодействовать с Product Owner и Проектным офисом. Понимает бюджетирование, P&L. Backend: <highlighttext>C#</highlighttext> (<highlighttext>.NET</highlighttext>). Infrastructure & DevOps: Docker, GitLab CI/CD..."
  },
  "contacts": null,
  "schedule": {
    "id": "fullDay",
    "name": "Полный день"
  },
  "working_days": [],
  "working_time_intervals": [],
  "working_time_modes": [],
  "accept_temporary": false,
  "fly_in_fly_out_duration": [],
  "work_format": [
    {
      "id": "HYBRID",
      "name": "Гибрид"
    }
  ],
  "working_hours": [
    {
      "id": "HOURS_8",
      "name": "8 часов"
    }
  ],
  "work_schedule_by_days": [
    {
      "id": "FIVE_ON_TWO_OFF",
      "name": "5/2"
    }
  ],
  "night_shifts": false,
  "professional_roles": [
    {
      "id": "125",
      "name": "Технический директор (CTO)"
    }
  ],
  "accept_incomplete_resumes": false,
  "experience": {
    "id": "moreThan6",
    "name": "Более 6 лет"
  },
  "employment": {
    "id": "full",
    "name": "Полная занятость"
  },
  "employment_form": {
    "id": "FULL",
    "name": "Полная"
  },
  "internship": false,
  "adv_response_url": null,
  "is_adv_vacancy": false,
  "adv_context": null
}