{
  "id": "128031760",
  "premium": false,
  "name": "Программист",
  "department": null,
  "has_test": false,
  "response_letter_required": false,
  "area": {
    "id": "81",
    "name": "Южно-Сахалинск",
    "url": "https://api.hh.ru/areas/81"
  },
  "salary": null,
  "salary_range": null,
  "type": {
    "id": "open",
    "name": "Открытая"
  },
  "address": {
    "city": "Южно-Сахалинск",
    "street": "улица имени Б.Н. Егорова",
    "building": "39",
    "lat": 46.911474,
    "lng": 142.745784,
    "description": null,
    "raw": "Южно-Сахалинск, улица имени Б.Н. Егорова, 39",
    "metro": null,
    "metro_stations": [],
    "id": "3355535"
  },
  "response_url": null,
  "sort_point_distance": null,
  "published_at": "2025-11-25T11:48:54+06:00",
  "created_at": "2025-11-25T11:48:54+06:00",
  "archived": false,
  "apply_alternate_url": "https://hh.ru/applicant/vacancy_response?vacancyId=128031760",
  "show_logo_in_search": null,
  "show_contacts": true,
  "insider_interview": null,
  "url": "https://api.hh.ru/vacancies/128031760?host=hh.ru",
  "alternate_url": "https://hh.ru/vacancy/128031760",
  "relations": [],
  "employer": {
    "id": "1561801",
    "name": "СМНМ-ВИКО, ИСК",
    "url": "https://api.hh.ru/employers/1561801",
    "alternate_url": "https://hh.ru/employer/1561801",
    "logo_urls": {
      "original": "https://img.hhcdn.ru/employer-logo-original-round/7063649.jpeg",
      "90": "https://img.hhcdn.ru/employer-logo-round/7063650.jpeg",
      "240": "https://img.hhcdn.ru/employer-logo-round/7063651.jpeg"
    },
    "vacancies_url": "https://api.hh.ru/vacancies?employer_id=1561801",
    "country_id": 1,
    "accredited_it_employer": false,
    "trusted": true
  },
  "snippet": {
    "requirement": "Высшее, специальное образование. Знание и навыки работы со специализированными программами: <highlighttext>С#</highlighttext>, Windows server, Ubuntu, docker, СЭД Директум.",
    "responsibility": "Описание документооборота в системе Directum-RX. Создание программных модулей <highlighttext>С#</highlighttext> для Directum-RX."
  },
  "contacts": null,
  "schedule": {
    "id": "fullDay",
    "name": "Полный день"
  },
  "working_days": [],
  "working_time_intervals": [],
  "working_time_modes": [],
  "accept_temporary": false,
  "fly_in_fly_out_duration": [],
  "work_format": [
    {
      "id": "ON_SITE",
      "name": "На месте работодателя"
    }
  ],
  "working_hours": [
    {
      "id": "HOURS_8",
      "name": "8 часов"
    }
  ],
  "work_schedule_by_days": [
    {
      "id": "FIVE_ON_TWO_OFF",
      "name": "5/2"
    }
  ],
  "night_shifts": false,
  "professional_roles": [
    {
      "id": "96",
      "name": "Программист, разработчик"
    }
  ],
  "accept_incomplete_resumes": false,
  "experience": {
    "id": "between3And6",
    "name": "От 3 до 6 лет"
  },
  "employment": {
    "id": "full",
    "name": "Полная занятость"
  },
  "employment_form": {
    "id": "FULL",
    "name": "Полная"
  },
  "internship": false,
  "adv_response_url": null,
  "is_adv_vacancy": false,
  "adv_context": null
}