{
  "id": "128099131",
  "premium": false,
  "name": "Ведущий программист TDMS (Технический документооборот и управление проектами)",
  "department": null,
  "has_test": false,
  "response_letter_required": false,
  "area": {
    "id": "1",
    "name": "Москва",
    "url": "https://api.hh.ru/areas/1"
  },
  "salary": null,
  "salary_range": null,
  "type": {
    "id": "open",
    "name": "Открытая"
  },
  "address": null,
  "response_url": null,
  "sort_point_distance": null,
  "published_at": "2025-11-26T20:31:30+06:00",
  "created_at": "2025-11-26T20:31:30+06:00",
  "archived": false,
  "apply_alternate_url": "https://hh.ru/applicant/vacancy_response?vacancyId=128099131",
  "show_logo_in_search": null,
  "show_contacts": false,
  "insider_interview": null,
  "url": "https://api.hh.ru/vacancies/128099131?host=hh.ru",
  "alternate_url": "https://hh.ru/vacancy/128099131",
  "relations": [],
  "employer": {
    "id": "4303",
    "name": "СиСофт, (CSoft)",
    "url": "https://api.hh.ru/employers/4303",
    "alternate_url": "https://hh.ru/employer/4303",
    "logo_urls": {
      "original": "https://img.hhcdn.ru/employer-logo-original-round/559885.png",
      "90": "https://img.hhcdn.ru/employer-logo-round/559886.png",
      "240": "https://img.hhcdn.ru/employer-logo-round/559887.png"
    },
    "vacancies_url": "https://api.hh.ru/vacancies?employer_id=4303",
    "country_id": 1,
    "accredited_it_employer": true,
    "trusted": true
  },
  "snippet": {
    "requirement": "Уверенные знания <highlighttext>С#</highlighttext> (<highlighttext>.Net</highlighttext>). Навыки и опыт работы с БД: PostgreSQL, MSSQL. Уверенные знания JavaScript (ES6+). ",
    "responsibility": "Встроенные в платформу TDMS - <highlighttext>С#</highlighttext>. Отдельные решения и встроенные в другие приложения – инструменты интегрируемого приложения/системы, <highlighttext>С#</highlighttext>. Участие в одном..."
  },
  "contacts": null,
  "schedule": {
    "id": "remote",
    "name": "Удаленная работа"
  },
  "working_days": [],
  "working_time_intervals": [],
  "working_time_modes": [],
  "accept_temporary": false,
  "fly_in_fly_out_duration": [],
  "work_format": [
    {
      "id": "REMOTE",
      "name": "Удалённо"
    }
  ],
  "working_hours": [
    {
      "id": "HOURS_8",
      "name": "8 часов"
    }
  ],
  "work_schedule_by_days": [
    {
      "id": "FIVE_ON_TWO_OFF",
      "name": "5/2"
    }
  ],
  "night_shifts": false,
  "professional_roles": [
    {
      "id": "96",
      "name": "Программист, разработчик"
    }
  ],
  "accept_incomplete_resumes": false,
  "experience": {
    "id": "moreThan6",
    "name": "Более 6 лет"
  },
  "employment": {
    "id": "full",
    "name": "Полная занятость"
  },
  "employment_form": {
    "id": "FULL",
    "name": "Полная"
  },
  "internship": false,
  "adv_response_url": null,
  "is_adv_vacancy": false,
  "adv_context": null
}