{
  "id": "128087967",
  "premium": false,
  "name": "Middle-разработчик (Web Scraping & Web Automation, C#/.NET)",
  "department": null,
  "has_test": false,
  "response_letter_required": true,
  "area": {
    "id": "92",
    "name": "Тула",
    "url": "https://api.hh.ru/areas/92"
  },
  "salary": {
    "from": 120000,
    "to": 140000,
    "currency": "RUR",
    "gross": false
  },
  "salary_range": {
    "from": 120000,
    "to": 140000,
    "currency": "RUR",
    "gross": false,
    "mode": {
      "id": "MONTH",
      "name": "За месяц"
    },
    "frequency": {
      "id": "TWICE_PER_MONTH",
      "name": "Два раза в месяц"
    }
  },
  "type": {
    "id": "open",
    "name": "Открытая"
  },
  "address": {
    "city": "Тула",
    "street": null,
    "building": null,
    "lat": 54.19312,
    "lng": 37.61735,
    "description": null,
    "raw": "Тула",
    "metro": null,
    "metro_stations": [],
    "id": "19767617"
  },
  "response_url": null,
  "sort_point_distance": null,
  "published_at": "2025-11-26T16:56:55+06:00",
  "created_at": "2025-11-26T16:56:55+06:00",
  "archived": false,
  "apply_alternate_url": "https://hh.ru/applicant/vacancy_response?vacancyId=128087967",
  "show_contacts": false,
  "insider_interview": null,
  "url": "https://api.hh.ru/vacancies/128087967?host=hh.ru",
  "alternate_url": "https://hh.ru/vacancy/128087967",
  "relations": [],
  "employer": {
    "id": "11134612",
    "name": "Дебтус",
    "url": "https://api.hh.ru/employers/11134612",
    "alternate_url": "https://hh.ru/employer/11134612",
    "logo_urls": null,
    "vacancies_url": "https://api.hh.ru/vacancies?employer_id=11134612",
    "country_id": 1,
    "accredited_it_employer": false,
    "trusted": true
  },
  "snippet": {
    "requirement": "Опыт коммерческой backend-разработки от 3-х лет (<highlighttext>C#</highlighttext> / <highlighttext>.NET</highlighttext>). Уверенное использование XPath, CSS-селекторов и стратегий локаторов. ",
    "responsibility": "Разрабатывать и поддерживать парсеры веб-сайтов. Автоматизировать сбор, обработку, отправку данных. Интегрировать парсеры с внутренними системами. Решать нестандартные задачи. "
  },
  "contacts": null,
  "schedule": {
    "id": "remote",
    "name": "Удаленная работа"
  },
  "working_days": [],
  "working_time_intervals": [],
  "working_time_modes": [],
  "accept_temporary": false,
  "fly_in_fly_out_duration": [],
  "work_format": [
    {
      "id": "REMOTE",
      "name": "Удалённо"
    }
  ],
  "working_hours": [
    {
      "id": "HOURS_8",
      "name": "8 часов"
    }
  ],
  "work_schedule_by_days": [
    {
      "id": "FIVE_ON_TWO_OFF",
      "name": "5/2"
    }
  ],
  "night_shifts": false,
  "professional_roles": [
    {
      "id": "96",
      "name": "Программист, разработчик"
    }
  ],
  "accept_incomplete_resumes": false,
  "experience": {
    "id": "between3And6",
    "name": "От 3 до 6 лет"
  },
  "employment": {
    "id": "full",
    "name": "Полная занятость"
  },
  "employment_form": {
    "id": "FULL",
    "name": "Полная"
  },
  "internship": false,
  "adv_response_url": null,
  "is_adv_vacancy": false,
  "adv_context": null
}