{
  "id": "128076075",
  "premium": false,
  "name": "Tech Lead Golang",
  "department": null,
  "has_test": false,
  "response_letter_required": false,
  "area": {
    "id": "1",
    "name": "Москва",
    "url": "https://api.hh.ru/areas/1"
  },
  "salary": {
    "from": 350000,
    "to": 450000,
    "currency": "RUR",
    "gross": false
  },
  "salary_range": {
    "from": 350000,
    "to": 450000,
    "currency": "RUR",
    "gross": false,
    "mode": {
      "id": "MONTH",
      "name": "За месяц"
    },
    "frequency": {
      "id": "TWICE_PER_MONTH",
      "name": "Два раза в месяц"
    }
  },
  "type": {
    "id": "open",
    "name": "Открытая"
  },
  "address": {
    "city": "Москва",
    "street": "4-я Магистральная улица",
    "building": "11с1",
    "lat": 55.770416,
    "lng": 37.517033,
    "description": null,
    "raw": "Москва, 4-я Магистральная улица, 11с1",
    "metro": {
      "station_name": "Полежаевская",
      "line_name": "Таганско-Краснопресненская",
      "station_id": "7.114",
      "line_id": "7",
      "lat": 55.777201,
      "lng": 37.517895
    },
    "metro_stations": [
      {
        "station_name": "Полежаевская",
        "line_name": "Таганско-Краснопресненская",
        "station_id": "7.114",
        "line_id": "7",
        "lat": 55.777201,
        "lng": 37.517895
      },
      {
        "station_name": "Хорошевская",
        "line_name": "Большая кольцевая линия",
        "station_id": "97.601",
        "line_id": "97",
        "lat": 55.77643,
        "lng": 37.51981
      }
    ],
    "id": "1576425"
  },
  "response_url": null,
  "sort_point_distance": null,
  "published_at": "2025-12-23T13:33:22+06:00",
  "created_at": "2025-12-23T13:33:22+06:00",
  "archived": false,
  "apply_alternate_url": "https://hh.ru/applicant/vacancy_response?vacancyId=128076075",
  "show_logo_in_search": null,
  "show_contacts": false,
  "insider_interview": null,
  "url": "https://api.hh.ru/vacancies/128076075?host=hh.ru",
  "alternate_url": "https://hh.ru/vacancy/128076075",
  "relations": [],
  "employer": {
    "id": "1137609",
    "name": "Клируэй Текнолоджис",
    "url": "https://api.hh.ru/employers/1137609",
    "alternate_url": "https://hh.ru/employer/1137609",
    "logo_urls": {
      "original": "https://img.hhcdn.ru/employer-logo-original-round/801745.jpeg",
      "90": "https://img.hhcdn.ru/employer-logo-round/801746.jpeg",
      "240": "https://img.hhcdn.ru/employer-logo-round/801747.jpeg"
    },
    "vacancies_url": "https://api.hh.ru/vacancies?employer_id=1137609",
    "country_id": 1,
    "accredited_it_employer": false,
    "trusted": true
  },
  "snippet": {
    "requirement": "Глубокое понимание архитектуры микросервисных приложений и опыт работы с высоконагруженными системами. Навыки проектирования и оптимизации архитектурных решений с учётом их...",
    "responsibility": "Проектировать архитектуру решений и обеспечивать её надёжность, производительность и масштабируемость. Оптимизировать и развивать микросервисную архитектуру продукта, учитывая потребности бизнеса и..."
  },
  "contacts": null,
  "schedule": {
    "id": "remote",
    "name": "Удаленная работа"
  },
  "working_days": [],
  "working_time_intervals": [],
  "working_time_modes": [],
  "accept_temporary": false,
  "fly_in_fly_out_duration": [],
  "work_format": [
    {
      "id": "REMOTE",
      "name": "Удалённо"
    }
  ],
  "working_hours": [
    {
      "id": "HOURS_8",
      "name": "8 часов"
    }
  ],
  "work_schedule_by_days": [
    {
      "id": "FIVE_ON_TWO_OFF",
      "name": "5/2"
    }
  ],
  "night_shifts": false,
  "professional_roles": [
    {
      "id": "104",
      "name": "Руководитель группы разработки"
    }
  ],
  "accept_incomplete_resumes": false,
  "experience": {
    "id": "moreThan6",
    "name": "Более 6 лет"
  },
  "employment": {
    "id": "full",
    "name": "Полная занятость"
  },
  "employment_form": {
    "id": "FULL",
    "name": "Полная"
  },
  "internship": false,
  "adv_response_url": null,
  "is_adv_vacancy": false,
  "adv_context": null
}