{
  "id": "128022700",
  "premium": false,
  "name": "C#/.NET-разработчик (fullstack)",
  "department": null,
  "has_test": false,
  "response_letter_required": false,
  "area": {
    "id": "1002",
    "name": "Минск",
    "url": "https://api.hh.ru/areas/1002"
  },
  "salary": {
    "from": 2200,
    "to": null,
    "currency": "USD",
    "gross": false
  },
  "salary_range": {
    "from": 2200,
    "to": null,
    "currency": "USD",
    "gross": false,
    "mode": {
      "id": "MONTH",
      "name": "За месяц"
    },
    "frequency": null
  },
  "type": {
    "id": "open",
    "name": "Открытая"
  },
  "address": {
    "city": "Минск",
    "street": "Логойский тракт",
    "building": "37",
    "lat": 53.955633,
    "lng": 27.620123,
    "description": null,
    "raw": "Минск, Логойский тракт, 37",
    "metro": null,
    "metro_stations": [],
    "id": "13608473"
  },
  "response_url": null,
  "sort_point_distance": null,
  "published_at": "2025-11-24T22:39:55+06:00",
  "created_at": "2025-11-24T22:39:55+06:00",
  "archived": false,
  "apply_alternate_url": "https://hh.ru/applicant/vacancy_response?vacancyId=128022700",
  "show_logo_in_search": null,
  "show_contacts": false,
  "insider_interview": null,
  "url": "https://api.hh.ru/vacancies/128022700?host=hh.ru",
  "alternate_url": "https://hh.ru/vacancy/128022700",
  "relations": [],
  "employer": {
    "id": "799598",
    "name": "ШАТЕ-М Плюс, ЧП",
    "url": "https://api.hh.ru/employers/799598",
    "alternate_url": "https://hh.ru/employer/799598",
    "logo_urls": {
      "original": "https://img.hhcdn.ru/employer-logo-original-round/535504.png",
      "90": "https://img.hhcdn.ru/employer-logo-round/535505.png",
      "240": "https://img.hhcdn.ru/employer-logo-round/535506.png"
    },
    "vacancies_url": "https://api.hh.ru/vacancies?employer_id=799598",
    "country_id": 4,
    "accredited_it_employer": false,
    "trusted": true
  },
  "snippet": {
    "requirement": "Опыт работы с одним из клиентских фреймворков. Работа в проекте с микросервисной архитектурой. Коммуникабельность, ответственность. Высшее техническое образование. ",
    "responsibility": "Отличный технический рост. Ежегодный perfomance review. Возможность поработать с широким стеком технологий (web, мобильная разработка, прикладные сервисы). Возможность предлагать свои..."
  },
  "contacts": null,
  "schedule": {
    "id": "fullDay",
    "name": "Полный день"
  },
  "working_days": [],
  "working_time_intervals": [],
  "working_time_modes": [],
  "accept_temporary": false,
  "fly_in_fly_out_duration": [],
  "work_format": [
    {
      "id": "ON_SITE",
      "name": "На месте работодателя"
    },
    {
      "id": "HYBRID",
      "name": "Гибрид"
    }
  ],
  "working_hours": [
    {
      "id": "HOURS_8",
      "name": "8 часов"
    }
  ],
  "work_schedule_by_days": [
    {
      "id": "FIVE_ON_TWO_OFF",
      "name": "5/2"
    }
  ],
  "night_shifts": false,
  "professional_roles": [
    {
      "id": "96",
      "name": "Программист, разработчик"
    }
  ],
  "accept_incomplete_resumes": false,
  "experience": {
    "id": "between3And6",
    "name": "От 3 до 6 лет"
  },
  "employment": {
    "id": "full",
    "name": "Полная занятость"
  },
  "employment_form": {
    "id": "FULL",
    "name": "Полная"
  },
  "internship": false,
  "adv_response_url": null,
  "is_adv_vacancy": false,
  "adv_context": null
}