{
  "id": "128033654",
  "premium": false,
  "name": "Прикладной разработчик С#",
  "department": null,
  "has_test": false,
  "response_letter_required": false,
  "area": {
    "id": "96",
    "name": "Ижевск",
    "url": "https://api.hh.ru/areas/96"
  },
  "salary": null,
  "salary_range": null,
  "type": {
    "id": "open",
    "name": "Открытая"
  },
  "address": {
    "city": "Ижевск",
    "street": "улица Карла Маркса",
    "building": "191",
    "lat": 56.847553,
    "lng": 53.20292,
    "description": null,
    "raw": "Ижевск, улица Карла Маркса, 191",
    "metro": null,
    "metro_stations": [],
    "id": "3415873"
  },
  "response_url": null,
  "sort_point_distance": null,
  "published_at": "2025-12-24T11:08:56+06:00",
  "created_at": "2025-12-24T11:08:56+06:00",
  "archived": false,
  "apply_alternate_url": "https://hh.ru/applicant/vacancy_response?vacancyId=128033654",
  "show_logo_in_search": null,
  "show_contacts": true,
  "insider_interview": null,
  "url": "https://api.hh.ru/vacancies/128033654?host=hh.ru",
  "alternate_url": "https://hh.ru/vacancy/128033654",
  "relations": [],
  "employer": {
    "id": "605002",
    "name": "Ситек",
    "url": "https://api.hh.ru/employers/605002",
    "alternate_url": "https://hh.ru/employer/605002",
    "logo_urls": {
      "original": "https://img.hhcdn.ru/employer-logo-original/1398911.png",
      "90": "https://img.hhcdn.ru/employer-logo/7215415.png",
      "240": "https://img.hhcdn.ru/employer-logo/7215416.png"
    },
    "vacancies_url": "https://api.hh.ru/vacancies?employer_id=605002",
    "country_id": 1,
    "accredited_it_employer": true,
    "trusted": true
  },
  "snippet": {
    "requirement": "Опыт разработки от 2 лет на <highlighttext>С#</highlighttext>. Навыки написания чистого, оптимизированного и понятного кода. Опыт написания SQL-запросов и понимание...",
    "responsibility": "Сопровождение систем заказчиков и исправление дефектов.. Программирование на <highlighttext>C#</highlighttext>, SQL. Интервью по телефону. Выполнение тестового задания/ ссылка на Git/ портфолио. "
  },
  "contacts": null,
  "schedule": {
    "id": "fullDay",
    "name": "Полный день"
  },
  "working_days": [],
  "working_time_intervals": [],
  "working_time_modes": [],
  "accept_temporary": false,
  "fly_in_fly_out_duration": [],
  "work_format": [
    {
      "id": "ON_SITE",
      "name": "На месте работодателя"
    }
  ],
  "working_hours": [
    {
      "id": "HOURS_8",
      "name": "8 часов"
    }
  ],
  "work_schedule_by_days": [
    {
      "id": "FIVE_ON_TWO_OFF",
      "name": "5/2"
    }
  ],
  "night_shifts": false,
  "professional_roles": [
    {
      "id": "96",
      "name": "Программист, разработчик"
    }
  ],
  "accept_incomplete_resumes": false,
  "experience": {
    "id": "between1And3",
    "name": "От 1 года до 3 лет"
  },
  "employment": {
    "id": "full",
    "name": "Полная занятость"
  },
  "employment_form": {
    "id": "FULL",
    "name": "Полная"
  },
  "internship": false,
  "adv_response_url": null,
  "is_adv_vacancy": false,
  "adv_context": null
}