{
  "id": "128043933",
  "premium": false,
  "name": "Помощник программиста C#, Delphi, SQL",
  "department": null,
  "has_test": false,
  "response_letter_required": false,
  "area": {
    "id": "1",
    "name": "Москва",
    "url": "https://api.hh.ru/areas/1"
  },
  "salary": {
    "from": 60000,
    "to": 80000,
    "currency": "RUR",
    "gross": false
  },
  "salary_range": {
    "from": 60000,
    "to": 80000,
    "currency": "RUR",
    "gross": false,
    "mode": {
      "id": "MONTH",
      "name": "За месяц"
    },
    "frequency": {
      "id": "MONTHLY",
      "name": "Раз в месяц"
    }
  },
  "type": {
    "id": "open",
    "name": "Открытая"
  },
  "address": {
    "city": "Москва",
    "street": "Страстной бульвар",
    "building": "11с2",
    "lat": 55.767868,
    "lng": 37.60902,
    "description": null,
    "raw": "Москва, Страстной бульвар, 11с2",
    "metro": {
      "station_name": "Пушкинская",
      "line_name": "Таганско-Краснопресненская",
      "station_id": "7.124",
      "line_id": "7",
      "lat": 55.765607,
      "lng": 37.604356
    },
    "metro_stations": [
      {
        "station_name": "Пушкинская",
        "line_name": "Таганско-Краснопресненская",
        "station_id": "7.124",
        "line_id": "7",
        "lat": 55.765607,
        "lng": 37.604356
      },
      {
        "station_name": "Тверская",
        "line_name": "Замоскворецкая",
        "station_id": "2.122",
        "line_id": "2",
        "lat": 55.765343,
        "lng": 37.603918
      },
      {
        "station_name": "Трубная",
        "line_name": "Люблинско-Дмитровская",
        "station_id": "10.177",
        "line_id": "10",
        "lat": 55.76771,
        "lng": 37.621926
      },
      {
        "station_name": "Чеховская",
        "line_name": "Серпуховско-Тимирязевская",
        "station_id": "9.123",
        "line_id": "9",
        "lat": 55.765747,
        "lng": 37.608493
      }
    ],
    "id": "20767605"
  },
  "response_url": null,
  "sort_point_distance": null,
  "published_at": "2025-11-25T15:02:18+06:00",
  "created_at": "2025-11-25T15:02:18+06:00",
  "archived": false,
  "apply_alternate_url": "https://hh.ru/applicant/vacancy_response?vacancyId=128043933",
  "show_logo_in_search": null,
  "show_contacts": false,
  "insider_interview": null,
  "url": "https://api.hh.ru/vacancies/128043933?host=hh.ru",
  "alternate_url": "https://hh.ru/vacancy/128043933",
  "relations": [],
  "employer": {
    "id": "1817743",
    "name": "Амплифер",
    "url": "https://api.hh.ru/employers/1817743",
    "alternate_url": "https://hh.ru/employer/1817743",
    "logo_urls": {
      "original": "https://img.hhcdn.ru/employer-logo-original-round/1484981.png",
      "90": "https://img.hhcdn.ru/employer-logo-round/1484982.png",
      "240": "https://img.hhcdn.ru/employer-logo-round/1484983.png"
    },
    "vacancies_url": "https://api.hh.ru/vacancies?employer_id=1817743",
    "country_id": 1,
    "accredited_it_employer": false,
    "trusted": true
  },
  "snippet": {
    "requirement": "Опыт использования стандартных визуальных компонентов <highlighttext>C#</highlighttext> или Delphi 7 и выше. Желательные знания: - Опыт работы с СУБД MS SQL Server. - ",
    "responsibility": "Доработка и обслуживание программ на <highlighttext>C#</highlighttext> и Delphi + SQL. - Желание изучать архитектуру СКВ git, разрабатывать клиент-серверные, многозвенные приложения."
  },
  "contacts": null,
  "schedule": {
    "id": "fullDay",
    "name": "Полный день"
  },
  "working_days": [],
  "working_time_intervals": [
    {
      "id": "from_four_to_six_hours_in_a_day",
      "name": "Можно сменами по 4-6 часов в день"
    }
  ],
  "working_time_modes": [],
  "accept_temporary": false,
  "fly_in_fly_out_duration": [],
  "work_format": [],
  "working_hours": [
    {
      "id": "HOURS_4",
      "name": "4 часа"
    },
    {
      "id": "HOURS_5",
      "name": "5 часов"
    },
    {
      "id": "HOURS_6",
      "name": "6 часов"
    },
    {
      "id": "HOURS_7",
      "name": "7 часов"
    },
    {
      "id": "HOURS_8",
      "name": "8 часов"
    }
  ],
  "work_schedule_by_days": [
    {
      "id": "FIVE_ON_TWO_OFF",
      "name": "5/2"
    }
  ],
  "night_shifts": false,
  "professional_roles": [
    {
      "id": "96",
      "name": "Программист, разработчик"
    }
  ],
  "accept_incomplete_resumes": false,
  "experience": {
    "id": "noExperience",
    "name": "Нет опыта"
  },
  "employment": {
    "id": "full",
    "name": "Полная занятость"
  },
  "employment_form": {
    "id": "FULL",
    "name": "Полная"
  },
  "internship": false,
  "adv_response_url": null,
  "is_adv_vacancy": false,
  "adv_context": null
}