{
  "id": "128054000",
  "premium": false,
  "name": "Разработчик С# (Middle)",
  "department": null,
  "has_test": false,
  "response_letter_required": false,
  "area": {
    "id": "1",
    "name": "Москва",
    "url": "https://api.hh.ru/areas/1"
  },
  "salary": null,
  "salary_range": null,
  "type": {
    "id": "open",
    "name": "Открытая"
  },
  "address": {
    "city": "Москва",
    "street": "Арбатско-Покровская линия",
    "building": "метро Кунцевская",
    "lat": 55.73056694472959,
    "lng": 37.44571606382335,
    "description": null,
    "raw": "Москва, Арбатско-Покровская линия, метро Кунцевская",
    "metro": {
      "station_name": "Кунцевская",
      "line_name": "Арбатско-Покровская",
      "station_id": "3.69",
      "line_id": "3",
      "lat": 55.730673,
      "lng": 37.446522
    },
    "metro_stations": [
      {
        "station_name": "Кунцевская",
        "line_name": "Арбатско-Покровская",
        "station_id": "3.69",
        "line_id": "3",
        "lat": 55.730673,
        "lng": 37.446522
      },
      {
        "station_name": "Кунцевская",
        "line_name": "Филевская",
        "station_id": "4.471",
        "line_id": "4",
        "lat": 55.730815,
        "lng": 37.446754
      },
      {
        "station_name": "Кунцевская",
        "line_name": "Большая кольцевая линия",
        "station_id": "97.810",
        "line_id": "97",
        "lat": 55.730278,
        "lng": 37.445833
      },
      {
        "station_name": "Кунцевская",
        "line_name": "МЦД-1",
        "station_id": "131.704",
        "line_id": "131",
        "lat": 55.730554,
        "lng": 37.445591
      }
    ],
    "id": "19011877"
  },
  "response_url": null,
  "sort_point_distance": null,
  "published_at": "2025-11-25T17:51:14+06:00",
  "created_at": "2025-11-25T17:51:14+06:00",
  "archived": false,
  "apply_alternate_url": "https://hh.ru/applicant/vacancy_response?vacancyId=128054000",
  "branding": {
    "type": "MAKEUP",
    "tariff": null
  },
  "show_logo_in_search": true,
  "show_contacts": true,
  "insider_interview": null,
  "url": "https://api.hh.ru/vacancies/128054000?host=hh.ru",
  "alternate_url": "https://hh.ru/vacancy/128054000",
  "relations": [],
  "employer": {
    "id": "895945",
    "name": "Правительство Москвы",
    "url": "https://api.hh.ru/employers/895945",
    "alternate_url": "https://hh.ru/employer/895945",
    "logo_urls": {
      "original": "https://img.hhcdn.ru/employer-logo-original-round/596590.png",
      "90": "https://img.hhcdn.ru/employer-logo-round/596591.png",
      "240": "https://img.hhcdn.ru/employer-logo-round/596592.png"
    },
    "vacancies_url": "https://api.hh.ru/vacancies?employer_id=895945",
    "country_id": 1,
    "accredited_it_employer": false,
    "trusted": true
  },
  "snippet": {
    "requirement": "Уверенные знания <highlighttext>C#</highlighttext> и опыта разработки на ASP.NET. Опыт работы с SQL, будет преимуществом опыт работы с PostgreSQL. ",
    "responsibility": "Разработка высоконагруженных и отказоустойчивых систем социально значимого уровня для Правительства Москвы. Участие в проработке архитектуры приложения и моделей данных, оптимизация..."
  },
  "contacts": null,
  "schedule": {
    "id": "remote",
    "name": "Удаленная работа"
  },
  "working_days": [],
  "working_time_intervals": [],
  "working_time_modes": [],
  "accept_temporary": false,
  "fly_in_fly_out_duration": [],
  "work_format": [
    {
      "id": "REMOTE",
      "name": "Удалённо"
    },
    {
      "id": "HYBRID",
      "name": "Гибрид"
    }
  ],
  "working_hours": [
    {
      "id": "HOURS_8",
      "name": "8 часов"
    }
  ],
  "work_schedule_by_days": [
    {
      "id": "FIVE_ON_TWO_OFF",
      "name": "5/2"
    }
  ],
  "night_shifts": false,
  "professional_roles": [
    {
      "id": "96",
      "name": "Программист, разработчик"
    }
  ],
  "accept_incomplete_resumes": false,
  "experience": {
    "id": "between1And3",
    "name": "От 1 года до 3 лет"
  },
  "employment": {
    "id": "full",
    "name": "Полная занятость"
  },
  "employment_form": {
    "id": "FULL",
    "name": "Полная"
  },
  "internship": false,
  "adv_response_url": null,
  "is_adv_vacancy": false,
  "adv_context": null
}