{
  "id": "128040818",
  "premium": false,
  "name": "Middle Support Engineer [ИТМ-БЕЛ]",
  "department": {
    "id": "mts-3776-inIT",
    "name": "\"МТС\", Работа в IT"
  },
  "has_test": false,
  "response_letter_required": false,
  "area": {
    "id": "1002",
    "name": "Минск",
    "url": "https://api.hh.ru/areas/1002"
  },
  "salary": null,
  "salary_range": null,
  "type": {
    "id": "open",
    "name": "Открытая"
  },
  "address": {
    "city": "Минск",
    "street": "улица Платонова",
    "building": "20Бк1",
    "lat": 53.909302,
    "lng": 27.596263,
    "description": null,
    "raw": "Минск, улица Платонова, 20Бк1",
    "metro": null,
    "metro_stations": [],
    "id": "17120070"
  },
  "response_url": null,
  "sort_point_distance": null,
  "published_at": "2025-11-25T14:13:41+06:00",
  "created_at": "2025-11-25T14:13:41+06:00",
  "archived": false,
  "apply_alternate_url": "https://hh.ru/applicant/vacancy_response?vacancyId=128040818",
  "branding": {
    "type": "MAKEUP",
    "tariff": null
  },
  "show_logo_in_search": true,
  "show_contacts": false,
  "insider_interview": null,
  "url": "https://api.hh.ru/vacancies/128040818?host=hh.ru",
  "alternate_url": "https://hh.ru/vacancy/128040818",
  "relations": [],
  "employer": {
    "id": "3776",
    "name": "МТС",
    "url": "https://api.hh.ru/employers/3776",
    "alternate_url": "https://hh.ru/employer/3776",
    "logo_urls": {
      "original": "https://img.hhcdn.ru/employer-logo-original/1389236.png",
      "90": "https://img.hhcdn.ru/employer-logo/7176731.png",
      "240": "https://img.hhcdn.ru/employer-logo/7176732.png"
    },
    "vacancies_url": "https://api.hh.ru/vacancies?employer_id=3776",
    "country_id": 1,
    "accredited_it_employer": true,
    "trusted": true
  },
  "snippet": {
    "requirement": "Умение использовать в работе различные багтрекеры. Умение анализировать код <highlighttext>C#</highlighttext>. Опыт работы с MySQL DB. Знание технического английского на уровне...",
    "responsibility": "Консультировать и оказывать техническую поддержку сложных программных комплексов для крупных операторов сотовой связи. Участвовать в работах по поддержке тестирования, настройке..."
  },
  "contacts": null,
  "schedule": {
    "id": "fullDay",
    "name": "Полный день"
  },
  "working_days": [],
  "working_time_intervals": [],
  "working_time_modes": [],
  "accept_temporary": false,
  "fly_in_fly_out_duration": [],
  "work_format": [
    {
      "id": "ON_SITE",
      "name": "На месте работодателя"
    }
  ],
  "working_hours": [
    {
      "id": "HOURS_9",
      "name": "9 часов"
    }
  ],
  "work_schedule_by_days": [
    {
      "id": "FIVE_ON_TWO_OFF",
      "name": "5/2"
    }
  ],
  "night_shifts": false,
  "professional_roles": [
    {
      "id": "121",
      "name": "Специалист технической поддержки"
    }
  ],
  "accept_incomplete_resumes": true,
  "experience": {
    "id": "between3And6",
    "name": "От 3 до 6 лет"
  },
  "employment": {
    "id": "full",
    "name": "Полная занятость"
  },
  "employment_form": {
    "id": "FULL",
    "name": "Полная"
  },
  "internship": false,
  "adv_response_url": null,
  "is_adv_vacancy": false,
  "adv_context": null
}