{
  "id": "128088028",
  "premium": false,
  "name": "Junior backend-разработчик (C#/.NET)",
  "department": null,
  "has_test": false,
  "response_letter_required": true,
  "area": {
    "id": "92",
    "name": "Тула",
    "url": "https://api.hh.ru/areas/92"
  },
  "salary": {
    "from": 60000,
    "to": 90000,
    "currency": "RUR",
    "gross": false
  },
  "salary_range": {
    "from": 60000,
    "to": 90000,
    "currency": "RUR",
    "gross": false,
    "mode": {
      "id": "MONTH",
      "name": "За месяц"
    },
    "frequency": {
      "id": "TWICE_PER_MONTH",
      "name": "Два раза в месяц"
    }
  },
  "type": {
    "id": "open",
    "name": "Открытая"
  },
  "address": {
    "city": "Тула",
    "street": null,
    "building": null,
    "lat": 54.19312,
    "lng": 37.61735,
    "description": null,
    "raw": "Тула",
    "metro": null,
    "metro_stations": [],
    "id": "19767617"
  },
  "response_url": null,
  "sort_point_distance": null,
  "published_at": "2025-11-26T16:58:13+06:00",
  "created_at": "2025-11-26T16:58:13+06:00",
  "archived": false,
  "apply_alternate_url": "https://hh.ru/applicant/vacancy_response?vacancyId=128088028",
  "show_contacts": false,
  "insider_interview": null,
  "url": "https://api.hh.ru/vacancies/128088028?host=hh.ru",
  "alternate_url": "https://hh.ru/vacancy/128088028",
  "relations": [],
  "employer": {
    "id": "11134612",
    "name": "Дебтус",
    "url": "https://api.hh.ru/employers/11134612",
    "alternate_url": "https://hh.ru/employer/11134612",
    "logo_urls": null,
    "vacancies_url": "https://api.hh.ru/vacancies?employer_id=11134612",
    "country_id": 1,
    "accredited_it_employer": false,
    "trusted": true
  },
  "snippet": {
    "requirement": "Наличие портфолио будет большим преимуществом! Ожидаем: Уверенное владение <highlighttext>C#</highlighttext>. Уверенное знание платформы <highlighttext>.NET</highlighttext>. Понимание асинхронного программирования. Базовые знания Entity Framework. ",
    "responsibility": null
  },
  "contacts": null,
  "schedule": {
    "id": "remote",
    "name": "Удаленная работа"
  },
  "working_days": [],
  "working_time_intervals": [],
  "working_time_modes": [],
  "accept_temporary": false,
  "fly_in_fly_out_duration": [],
  "work_format": [
    {
      "id": "REMOTE",
      "name": "Удалённо"
    }
  ],
  "working_hours": [
    {
      "id": "HOURS_8",
      "name": "8 часов"
    }
  ],
  "work_schedule_by_days": [
    {
      "id": "FIVE_ON_TWO_OFF",
      "name": "5/2"
    }
  ],
  "night_shifts": false,
  "professional_roles": [
    {
      "id": "96",
      "name": "Программист, разработчик"
    }
  ],
  "accept_incomplete_resumes": false,
  "experience": {
    "id": "noExperience",
    "name": "Нет опыта"
  },
  "employment": {
    "id": "full",
    "name": "Полная занятость"
  },
  "employment_form": {
    "id": "FULL",
    "name": "Полная"
  },
  "internship": false,
  "adv_response_url": null,
  "is_adv_vacancy": false,
  "adv_context": null
}