{
  "id": "128088804",
  "premium": false,
  "name": "Разработчик C# / .Net developer",
  "department": null,
  "has_test": false,
  "response_letter_required": false,
  "area": {
    "id": "1",
    "name": "Москва",
    "url": "https://api.hh.ru/areas/1"
  },
  "salary": null,
  "salary_range": null,
  "type": {
    "id": "open",
    "name": "Открытая"
  },
  "address": {
    "city": "Москва",
    "street": "Тверская улица",
    "building": "9с7",
    "lat": 55.759329,
    "lng": 37.610341,
    "description": null,
    "raw": "Москва, Тверская улица, 9с7",
    "metro": null,
    "metro_stations": [],
    "id": "741555"
  },
  "response_url": null,
  "sort_point_distance": null,
  "published_at": "2025-11-26T17:10:39+06:00",
  "created_at": "2025-11-26T17:10:39+06:00",
  "archived": false,
  "apply_alternate_url": "https://hh.ru/applicant/vacancy_response?vacancyId=128088804",
  "branding": {
    "type": "MAKEUP",
    "tariff": null
  },
  "show_logo_in_search": true,
  "show_contacts": false,
  "insider_interview": null,
  "url": "https://api.hh.ru/vacancies/128088804?host=hh.ru",
  "alternate_url": "https://hh.ru/vacancy/128088804",
  "relations": [],
  "employer": {
    "id": "2643808",
    "name": "«Баланс-Платформа»",
    "url": "https://api.hh.ru/employers/2643808",
    "alternate_url": "https://hh.ru/employer/2643808",
    "logo_urls": {
      "original": "https://img.hhcdn.ru/employer-logo-original-round/3277827.png",
      "90": "https://img.hhcdn.ru/employer-logo-round/3277828.png",
      "240": "https://img.hhcdn.ru/employer-logo-round/3277829.png"
    },
    "vacancies_url": "https://api.hh.ru/vacancies?employer_id=2643808",
    "country_id": 1,
    "accredited_it_employer": true,
    "trusted": true
  },
  "snippet": {
    "requirement": "Опыт работы в роли <highlighttext>C#</highlighttext> Developer от 4-х лет. Опыт работы с реляционными СУБД: SQL / PostgreSQL / EF Core / Dapper. ",
    "responsibility": "Разработка российского ПО для лидеров финансового сектора на языке <highlighttext>С#</highlighttext>. Разработка новых микросервисов для CRM. Разработка новых роботов и интеграций. "
  },
  "contacts": null,
  "schedule": {
    "id": "fullDay",
    "name": "Полный день"
  },
  "working_days": [],
  "working_time_intervals": [],
  "working_time_modes": [],
  "accept_temporary": false,
  "fly_in_fly_out_duration": [],
  "work_format": [],
  "working_hours": [
    {
      "id": "HOURS_8",
      "name": "8 часов"
    }
  ],
  "work_schedule_by_days": [
    {
      "id": "FIVE_ON_TWO_OFF",
      "name": "5/2"
    }
  ],
  "night_shifts": false,
  "professional_roles": [
    {
      "id": "96",
      "name": "Программист, разработчик"
    }
  ],
  "accept_incomplete_resumes": false,
  "experience": {
    "id": "between3And6",
    "name": "От 3 до 6 лет"
  },
  "employment": {
    "id": "full",
    "name": "Полная занятость"
  },
  "employment_form": {
    "id": "FULL",
    "name": "Полная"
  },
  "internship": false,
  "adv_response_url": null,
  "is_adv_vacancy": false,
  "adv_context": null
}