{
  "id": "128074539",
  "premium": false,
  "name": "C#/.NET-разработчик",
  "department": null,
  "has_test": false,
  "response_letter_required": false,
  "area": {
    "id": "1",
    "name": "Москва",
    "url": "https://api.hh.ru/areas/1"
  },
  "salary": null,
  "salary_range": null,
  "type": {
    "id": "open",
    "name": "Открытая"
  },
  "address": {
    "city": "Москва",
    "street": null,
    "building": null,
    "lat": 55.75586,
    "lng": 37.6177,
    "description": null,
    "raw": "Москва",
    "metro": {
      "station_name": "Библиотека им.Ленина",
      "line_name": "Сокольническая",
      "station_id": "1.4",
      "line_id": "1",
      "lat": 55.752123,
      "lng": 37.610388
    },
    "metro_stations": [
      {
        "station_name": "Библиотека им.Ленина",
        "line_name": "Сокольническая",
        "station_id": "1.4",
        "line_id": "1",
        "lat": 55.752123,
        "lng": 37.610388
      },
      {
        "station_name": "Охотный ряд",
        "line_name": "Сокольническая",
        "station_id": "1.98",
        "line_id": "1",
        "lat": 55.757228,
        "lng": 37.615078
      },
      {
        "station_name": "Площадь Революции",
        "line_name": "Арбатско-Покровская",
        "station_id": "3.100",
        "line_id": "3",
        "lat": 55.756741,
        "lng": 37.62236
      },
      {
        "station_name": "Театральная",
        "line_name": "Замоскворецкая",
        "station_id": "2.99",
        "line_id": "2",
        "lat": 55.758808,
        "lng": 37.61768
      }
    ],
    "id": "19739898"
  },
  "response_url": null,
  "sort_point_distance": null,
  "published_at": "2025-11-26T13:05:55+06:00",
  "created_at": "2025-11-26T13:05:55+06:00",
  "archived": false,
  "apply_alternate_url": "https://hh.ru/applicant/vacancy_response?vacancyId=128074539",
  "show_contacts": false,
  "insider_interview": null,
  "url": "https://api.hh.ru/vacancies/128074539?host=hh.ru",
  "alternate_url": "https://hh.ru/vacancy/128074539",
  "relations": [],
  "employer": {
    "id": "11908013",
    "name": "Алексеев Александр Андреевич",
    "url": "https://api.hh.ru/employers/11908013",
    "alternate_url": "https://hh.ru/employer/11908013",
    "logo_urls": null,
    "vacancies_url": "https://api.hh.ru/vacancies?employer_id=11908013",
    "country_id": 1,
    "accredited_it_employer": false,
    "trusted": true
  },
  "snippet": {
    "requirement": "Опыт коммерческой разработки на <highlighttext>C#</highlighttext> от 3 лет. Хорошее понимание <highlighttext>.NET</highlighttext> Core/<highlighttext>.NET</highlighttext> 6+. Уверенное владение SQL и Entity...",
    "responsibility": "Вакансия: Middle <highlighttext>C#</highlighttext> Backend Разработчик. Работу с современным технологическим стеком. Дружную команду с открытой коммуникацией. Технологический стек. Архитектура: Clean Architecture..."
  },
  "contacts": null,
  "schedule": {
    "id": "remote",
    "name": "Удаленная работа"
  },
  "working_days": [],
  "working_time_intervals": [],
  "working_time_modes": [],
  "accept_temporary": true,
  "fly_in_fly_out_duration": [],
  "work_format": [
    {
      "id": "REMOTE",
      "name": "Удалённо"
    }
  ],
  "working_hours": [
    {
      "id": "HOURS_8",
      "name": "8 часов"
    }
  ],
  "work_schedule_by_days": [
    {
      "id": "FIVE_ON_TWO_OFF",
      "name": "5/2"
    }
  ],
  "night_shifts": false,
  "professional_roles": [
    {
      "id": "96",
      "name": "Программист, разработчик"
    }
  ],
  "accept_incomplete_resumes": false,
  "experience": {
    "id": "noExperience",
    "name": "Нет опыта"
  },
  "employment": {
    "id": "full",
    "name": "Полная занятость"
  },
  "employment_form": {
    "id": "FULL",
    "name": "Полная"
  },
  "internship": false,
  "adv_response_url": null,
  "is_adv_vacancy": false,
  "adv_context": null
}