{
  "id": "128090930",
  "premium": false,
  "name": "Senior Backend Engineer/Старший инженер серверной разработки — Торговая платформа",
  "department": null,
  "has_test": false,
  "response_letter_required": false,
  "area": {
    "id": "1",
    "name": "Москва",
    "url": "https://api.hh.ru/areas/1"
  },
  "salary": null,
  "salary_range": null,
  "type": {
    "id": "open",
    "name": "Открытая"
  },
  "address": null,
  "response_url": null,
  "sort_point_distance": null,
  "published_at": "2025-12-23T17:52:37+06:00",
  "created_at": "2025-12-23T17:52:37+06:00",
  "archived": false,
  "apply_alternate_url": "https://hh.ru/applicant/vacancy_response?vacancyId=128090930",
  "show_contacts": true,
  "insider_interview": null,
  "url": "https://api.hh.ru/vacancies/128090930?host=hh.ru",
  "alternate_url": "https://hh.ru/vacancy/128090930",
  "relations": [],
  "employer": {
    "id": "12467191",
    "name": "Freedx HQ Management Services FZE",
    "url": "https://api.hh.ru/employers/12467191",
    "alternate_url": "https://hh.ru/employer/12467191",
    "logo_urls": null,
    "vacancies_url": "https://api.hh.ru/vacancies?employer_id=12467191",
    "country_id": 3,
    "accredited_it_employer": false,
    "trusted": true
  },
  "snippet": {
    "requirement": "5+ лет опыта backend-разработки, отличное владение <highlighttext>.NET</highlighttext> (<highlighttext>C#</highlighttext>). Глубокое понимание конкурентных систем, событийно-ориентированной архитектуры и месседжинга (Kafka...",
    "responsibility": "Проектирование и разработка масштабируемых backend-сервисов: маршрутизация ордеров, риск-чеки, трекинг балансов. Оптимизация производительности для низколатентных API и потоков данных..."
  },
  "contacts": null,
  "schedule": {
    "id": "remote",
    "name": "Удаленная работа"
  },
  "working_days": [],
  "working_time_intervals": [],
  "working_time_modes": [],
  "accept_temporary": true,
  "fly_in_fly_out_duration": [],
  "work_format": [
    {
      "id": "REMOTE",
      "name": "Удалённо"
    }
  ],
  "working_hours": [
    {
      "id": "HOURS_8",
      "name": "8 часов"
    }
  ],
  "work_schedule_by_days": [
    {
      "id": "OTHER",
      "name": "Другое"
    }
  ],
  "night_shifts": false,
  "professional_roles": [
    {
      "id": "96",
      "name": "Программист, разработчик"
    }
  ],
  "accept_incomplete_resumes": false,
  "experience": {
    "id": "between3And6",
    "name": "От 3 до 6 лет"
  },
  "employment": {
    "id": "full",
    "name": "Полная занятость"
  },
  "employment_form": {
    "id": "FULL",
    "name": "Полная"
  },
  "internship": false,
  "adv_response_url": null,
  "is_adv_vacancy": false,
  "adv_context": null
}