{
  "id": "128083100",
  "premium": false,
  "name": "Разработчик RPA",
  "department": null,
  "has_test": false,
  "response_letter_required": false,
  "area": {
    "id": "1",
    "name": "Москва",
    "url": "https://api.hh.ru/areas/1"
  },
  "salary": null,
  "salary_range": null,
  "type": {
    "id": "open",
    "name": "Открытая"
  },
  "address": {
    "city": "Москва",
    "street": "улица Коровий Вал",
    "building": "7",
    "lat": 55.72893,
    "lng": 37.619064,
    "description": null,
    "raw": "Москва, улица Коровий Вал, 7",
    "metro": {
      "station_name": "Добрынинская",
      "line_name": "Кольцевая",
      "station_id": "5.36",
      "line_id": "5",
      "lat": 55.728994,
      "lng": 37.622533
    },
    "metro_stations": [
      {
        "station_name": "Добрынинская",
        "line_name": "Кольцевая",
        "station_id": "5.36",
        "line_id": "5",
        "lat": 55.728994,
        "lng": 37.622533
      },
      {
        "station_name": "Октябрьская",
        "line_name": "Кольцевая",
        "station_id": "5.93",
        "line_id": "5",
        "lat": 55.729264,
        "lng": 37.611049
      },
      {
        "station_name": "Октябрьская",
        "line_name": "Калужско-Рижская",
        "station_id": "6.94",
        "line_id": "6",
        "lat": 55.731232,
        "lng": 37.612851
      },
      {
        "station_name": "Серпуховская",
        "line_name": "Серпуховско-Тимирязевская",
        "station_id": "9.37",
        "line_id": "9",
        "lat": 55.726548,
        "lng": 37.624792
      }
    ],
    "id": "20150668"
  },
  "response_url": null,
  "sort_point_distance": null,
  "published_at": "2025-12-23T19:31:33+06:00",
  "created_at": "2025-12-23T19:31:33+06:00",
  "archived": false,
  "apply_alternate_url": "https://hh.ru/applicant/vacancy_response?vacancyId=128083100",
  "show_logo_in_search": null,
  "show_contacts": false,
  "insider_interview": null,
  "url": "https://api.hh.ru/vacancies/128083100?host=hh.ru",
  "alternate_url": "https://hh.ru/vacancy/128083100",
  "relations": [],
  "employer": {
    "id": "214499",
    "name": "ААА УПРАВЛЕНИЕ КАПИТАЛОМ",
    "url": "https://api.hh.ru/employers/214499",
    "alternate_url": "https://hh.ru/employer/214499",
    "logo_urls": {
      "original": "https://img.hhcdn.ru/employer-logo-original/1401383.png",
      "90": "https://img.hhcdn.ru/employer-logo/7225303.png",
      "240": "https://img.hhcdn.ru/employer-logo/7225304.png"
    },
    "vacancies_url": "https://api.hh.ru/vacancies?employer_id=214499",
    "country_id": 1,
    "accredited_it_employer": false,
    "trusted": true
  },
  "snippet": {
    "requirement": "Знание SQL. Желательно опыт разработки на Python, <highlighttext>C#</highlighttext>. Понимание архитектуры RPA продуктов. Опыт внедрения роботов от постановки задачи до постановки...",
    "responsibility": "Обеспечение выполнения поставленных задач по разработке роботов RPA. Анализ, разработка, тестирование роботов/многопоточных роботов RPA. Создание инструкций и обучающих материалов..."
  },
  "contacts": null,
  "schedule": {
    "id": "fullDay",
    "name": "Полный день"
  },
  "working_days": [],
  "working_time_intervals": [],
  "working_time_modes": [],
  "accept_temporary": false,
  "fly_in_fly_out_duration": [],
  "work_format": [
    {
      "id": "ON_SITE",
      "name": "На месте работодателя"
    }
  ],
  "working_hours": [
    {
      "id": "HOURS_8",
      "name": "8 часов"
    }
  ],
  "work_schedule_by_days": [
    {
      "id": "FIVE_ON_TWO_OFF",
      "name": "5/2"
    }
  ],
  "night_shifts": false,
  "professional_roles": [
    {
      "id": "156",
      "name": "BI-аналитик, аналитик данных"
    }
  ],
  "accept_incomplete_resumes": false,
  "experience": {
    "id": "between1And3",
    "name": "От 1 года до 3 лет"
  },
  "employment": {
    "id": "full",
    "name": "Полная занятость"
  },
  "employment_form": {
    "id": "FULL",
    "name": "Полная"
  },
  "internship": false,
  "adv_response_url": null,
  "is_adv_vacancy": false,
  "adv_context": null
}