{
  "id": "128090503",
  "premium": false,
  "name": "Senior Unity разработчик/C# разработчик (gamedev)",
  "department": null,
  "has_test": false,
  "response_letter_required": false,
  "area": {
    "id": "76",
    "name": "Ростов-на-Дону",
    "url": "https://api.hh.ru/areas/76"
  },
  "salary": {
    "from": null,
    "to": 150000,
    "currency": "RUR",
    "gross": false
  },
  "salary_range": {
    "from": null,
    "to": 150000,
    "currency": "RUR",
    "gross": false,
    "mode": {
      "id": "MONTH",
      "name": "За месяц"
    },
    "frequency": {
      "id": "MONTHLY",
      "name": "Раз в месяц"
    }
  },
  "type": {
    "id": "open",
    "name": "Открытая"
  },
  "address": null,
  "response_url": null,
  "sort_point_distance": null,
  "published_at": "2025-11-26T17:44:10+06:00",
  "created_at": "2025-11-26T17:44:10+06:00",
  "archived": false,
  "apply_alternate_url": "https://hh.ru/applicant/vacancy_response?vacancyId=128090503",
  "show_contacts": true,
  "insider_interview": null,
  "url": "https://api.hh.ru/vacancies/128090503?host=hh.ru",
  "alternate_url": "https://hh.ru/vacancy/128090503",
  "relations": [],
  "employer": {
    "id": "10827511",
    "name": "Дьячкова Дарья Владимировна",
    "url": "https://api.hh.ru/employers/10827511",
    "alternate_url": "https://hh.ru/employer/10827511",
    "logo_urls": null,
    "vacancies_url": "https://api.hh.ru/vacancies?employer_id=10827511",
    "country_id": 1,
    "accredited_it_employer": false,
    "trusted": true
  },
  "snippet": {
    "requirement": "Опыт работы Unity Developer от 3 лет. Уверенное владение <highlighttext>C#</highlighttext>, понимание паттернов проектирования. Опыт разработки 2D-проектов, сцен, UI...",
    "responsibility": "Работать в Unity поверх готовой архитектуры (скелет игры уже создан и поддерживается). Писать чистый и поддерживаемый код для новых игровых..."
  },
  "contacts": null,
  "schedule": {
    "id": "remote",
    "name": "Удаленная работа"
  },
  "working_days": [],
  "working_time_intervals": [],
  "working_time_modes": [],
  "accept_temporary": true,
  "fly_in_fly_out_duration": [],
  "work_format": [
    {
      "id": "REMOTE",
      "name": "Удалённо"
    }
  ],
  "working_hours": [
    {
      "id": "HOURS_8",
      "name": "8 часов"
    }
  ],
  "work_schedule_by_days": [
    {
      "id": "FIVE_ON_TWO_OFF",
      "name": "5/2"
    }
  ],
  "night_shifts": false,
  "professional_roles": [
    {
      "id": "96",
      "name": "Программист, разработчик"
    }
  ],
  "accept_incomplete_resumes": false,
  "experience": {
    "id": "moreThan6",
    "name": "Более 6 лет"
  },
  "employment": {
    "id": "full",
    "name": "Полная занятость"
  },
  "employment_form": {
    "id": "FULL",
    "name": "Полная"
  },
  "internship": false,
  "adv_response_url": null,
  "is_adv_vacancy": false,
  "adv_context": null
}