{
  "id": "128084394",
  "premium": false,
  "name": "Unity-разработчик (Тренажер)",
  "department": null,
  "has_test": false,
  "response_letter_required": true,
  "area": {
    "id": "1002",
    "name": "Минск",
    "url": "https://api.hh.ru/areas/1002"
  },
  "salary": null,
  "salary_range": null,
  "type": {
    "id": "open",
    "name": "Открытая"
  },
  "address": {
    "city": "Минск",
    "street": "Старовиленская улица",
    "building": "100к7",
    "lat": 53.920656,
    "lng": 27.563888,
    "description": null,
    "raw": "Минск, Старовиленская улица, 100к7",
    "metro": {
      "station_name": "Площадь Якуба Коласа",
      "line_name": "Московская",
      "station_id": "62.408",
      "line_id": "62",
      "lat": 53.915369,
      "lng": 27.583265
    },
    "metro_stations": [
      {
        "station_name": "Площадь Якуба Коласа",
        "line_name": "Московская",
        "station_id": "62.408",
        "line_id": "62",
        "lat": 53.915369,
        "lng": 27.583265
      }
    ],
    "id": "16225826"
  },
  "response_url": null,
  "sort_point_distance": null,
  "published_at": "2025-12-11T16:12:41+06:00",
  "created_at": "2025-12-11T16:12:41+06:00",
  "archived": false,
  "apply_alternate_url": "https://hh.ru/applicant/vacancy_response?vacancyId=128084394",
  "show_contacts": true,
  "insider_interview": null,
  "url": "https://api.hh.ru/vacancies/128084394?host=hh.ru",
  "alternate_url": "https://hh.ru/vacancy/128084394",
  "relations": [],
  "employer": {
    "id": "4890921",
    "name": "Игры Разума Софт",
    "url": "https://api.hh.ru/employers/4890921",
    "alternate_url": "https://hh.ru/employer/4890921",
    "logo_urls": null,
    "vacancies_url": "https://api.hh.ru/vacancies?employer_id=4890921",
    "country_id": 4,
    "accredited_it_employer": false,
    "trusted": true
  },
  "snippet": {
    "requirement": "Отличное знание <highlighttext>C#</highlighttext> и опыт работы с Unity. Умение (или понимание) работы с протоколами обмена данными (Modbus, RS). ",
    "responsibility": "Диагностика и доработка текущего ПО. Настройка движений платформы. Устранение багов. Оптимизация алгоритма обмена данными. Тестирование на реальном оборудовании. "
  },
  "contacts": null,
  "schedule": {
    "id": "remote",
    "name": "Удаленная работа"
  },
  "working_days": [],
  "working_time_intervals": [],
  "working_time_modes": [],
  "accept_temporary": true,
  "fly_in_fly_out_duration": [],
  "work_format": [
    {
      "id": "ON_SITE",
      "name": "На месте работодателя"
    },
    {
      "id": "REMOTE",
      "name": "Удалённо"
    },
    {
      "id": "HYBRID",
      "name": "Гибрид"
    }
  ],
  "working_hours": [
    {
      "id": "FLEXIBLE",
      "name": "По договорённости"
    }
  ],
  "work_schedule_by_days": [
    {
      "id": "FLEXIBLE",
      "name": "Свободный"
    }
  ],
  "night_shifts": false,
  "professional_roles": [
    {
      "id": "96",
      "name": "Программист, разработчик"
    }
  ],
  "accept_incomplete_resumes": false,
  "experience": {
    "id": "between3And6",
    "name": "От 3 до 6 лет"
  },
  "employment": {
    "id": "project",
    "name": "Проектная работа"
  },
  "employment_form": {
    "id": "PROJECT",
    "name": "Проект"
  },
  "internship": false,
  "adv_response_url": null,
  "is_adv_vacancy": false,
  "adv_context": null
}