{
  "id": "128061210",
  "premium": false,
  "name": "Go-разработчик",
  "department": null,
  "has_test": false,
  "response_letter_required": false,
  "area": {
    "id": "1",
    "name": "Москва",
    "url": "https://api.hh.ru/areas/1"
  },
  "salary": null,
  "salary_range": null,
  "type": {
    "id": "open",
    "name": "Открытая"
  },
  "address": {
    "city": "Москва",
    "street": "Преображенская площадь",
    "building": "8",
    "lat": 55.794887,
    "lng": 37.712812,
    "description": null,
    "raw": "Москва, Преображенская площадь, 8",
    "metro": {
      "station_name": "Преображенская площадь",
      "line_name": "Сокольническая",
      "station_id": "1.117",
      "line_id": "1",
      "lat": 55.796322,
      "lng": 37.713582
    },
    "metro_stations": [
      {
        "station_name": "Преображенская площадь",
        "line_name": "Сокольническая",
        "station_id": "1.117",
        "line_id": "1",
        "lat": 55.796322,
        "lng": 37.713582
      }
    ],
    "id": "394240"
  },
  "response_url": null,
  "sort_point_distance": null,
  "published_at": "2025-11-25T20:11:07+06:00",
  "created_at": "2025-11-25T20:11:07+06:00",
  "archived": false,
  "apply_alternate_url": "https://hh.ru/applicant/vacancy_response?vacancyId=128061210",
  "show_logo_in_search": null,
  "show_contacts": false,
  "insider_interview": null,
  "url": "https://api.hh.ru/vacancies/128061210?host=hh.ru",
  "alternate_url": "https://hh.ru/vacancy/128061210",
  "relations": [],
  "employer": {
    "id": "26624",
    "name": "Positive Technologies",
    "url": "https://api.hh.ru/employers/26624",
    "alternate_url": "https://hh.ru/employer/26624",
    "logo_urls": {
      "original": "https://img.hhcdn.ru/employer-logo-original/1428108.png",
      "90": "https://img.hhcdn.ru/employer-logo/7332081.png",
      "240": "https://img.hhcdn.ru/employer-logo/7332082.png"
    },
    "vacancies_url": "https://api.hh.ru/vacancies?employer_id=26624",
    "country_id": 1,
    "accredited_it_employer": false,
    "trusted": true
  },
  "snippet": {
    "requirement": "Способность быстро осваивать новые технологии и инструменты. Знание других языков программирования (Python, <highlighttext>C#</highlighttext>, Rust). Навыки реверс-инжиниринга на уровне переписывания...",
    "responsibility": "Разработка и поддержка утилит на языке Golang для анализа и обработки данных в сфере информационной безопасности. Интеграция разработанных решений с..."
  },
  "contacts": null,
  "schedule": {
    "id": "fullDay",
    "name": "Полный день"
  },
  "working_days": [],
  "working_time_intervals": [],
  "working_time_modes": [],
  "accept_temporary": false,
  "fly_in_fly_out_duration": [],
  "work_format": [],
  "working_hours": [
    {
      "id": "HOURS_8",
      "name": "8 часов"
    }
  ],
  "work_schedule_by_days": [
    {
      "id": "FIVE_ON_TWO_OFF",
      "name": "5/2"
    }
  ],
  "night_shifts": false,
  "professional_roles": [
    {
      "id": "96",
      "name": "Программист, разработчик"
    }
  ],
  "accept_incomplete_resumes": false,
  "experience": {
    "id": "between3And6",
    "name": "От 3 до 6 лет"
  },
  "employment": {
    "id": "full",
    "name": "Полная занятость"
  },
  "employment_form": {
    "id": "FULL",
    "name": "Полная"
  },
  "internship": false,
  "adv_response_url": null,
  "is_adv_vacancy": false,
  "adv_context": null
}