{
  "id": "128002293",
  "premium": false,
  "name": "Lead Unity Developer",
  "department": null,
  "has_test": false,
  "response_letter_required": false,
  "area": {
    "id": "1",
    "name": "Москва",
    "url": "https://api.hh.ru/areas/1"
  },
  "salary": null,
  "salary_range": null,
  "type": {
    "id": "open",
    "name": "Открытая"
  },
  "address": null,
  "response_url": null,
  "sort_point_distance": null,
  "published_at": "2025-12-12T21:46:36+06:00",
  "created_at": "2025-12-12T21:46:36+06:00",
  "archived": false,
  "apply_alternate_url": "https://hh.ru/applicant/vacancy_response?vacancyId=128002293",
  "show_logo_in_search": null,
  "show_contacts": false,
  "insider_interview": null,
  "url": "https://api.hh.ru/vacancies/128002293?host=hh.ru",
  "alternate_url": "https://hh.ru/vacancy/128002293",
  "relations": [],
  "employer": {
    "id": "2666179",
    "name": "Azur Games",
    "url": "https://api.hh.ru/employers/2666179",
    "alternate_url": "https://hh.ru/employer/2666179",
    "logo_urls": {
      "original": "https://img.hhcdn.ru/employer-logo-original/1389138.png",
      "90": "https://img.hhcdn.ru/employer-logo/7176339.png",
      "240": "https://img.hhcdn.ru/employer-logo/7176340.png"
    },
    "vacancies_url": "https://api.hh.ru/vacancies?employer_id=2666179",
    "country_id": 1,
    "accredited_it_employer": false,
    "trusted": true
  },
  "snippet": {
    "requirement": "Опыт на позиции Лида от 2 лет и работы с командой. Уверенное знание <highlighttext>С#</highlighttext>, API и инструментов Unity, git. ",
    "responsibility": "Выстраивание пайплайна работы в команде, планирование, декомпозиция и распределение задач, оценка и контроль сроков и качества реализации, код ревью. "
  },
  "contacts": null,
  "schedule": {
    "id": "remote",
    "name": "Удаленная работа"
  },
  "working_days": [],
  "working_time_intervals": [],
  "working_time_modes": [],
  "accept_temporary": false,
  "fly_in_fly_out_duration": [],
  "work_format": [
    {
      "id": "REMOTE",
      "name": "Удалённо"
    }
  ],
  "working_hours": [
    {
      "id": "HOURS_8",
      "name": "8 часов"
    }
  ],
  "work_schedule_by_days": [
    {
      "id": "FIVE_ON_TWO_OFF",
      "name": "5/2"
    }
  ],
  "night_shifts": false,
  "professional_roles": [
    {
      "id": "96",
      "name": "Программист, разработчик"
    }
  ],
  "accept_incomplete_resumes": false,
  "experience": {
    "id": "moreThan6",
    "name": "Более 6 лет"
  },
  "employment": {
    "id": "full",
    "name": "Полная занятость"
  },
  "employment_form": {
    "id": "FULL",
    "name": "Полная"
  },
  "internship": false,
  "adv_response_url": null,
  "is_adv_vacancy": false,
  "adv_context": null
}