{
  "id": "128088832",
  "premium": false,
  "name": "BIM-координатор/BIM-менеджер",
  "department": null,
  "has_test": false,
  "response_letter_required": false,
  "area": {
    "id": "1",
    "name": "Москва",
    "url": "https://api.hh.ru/areas/1"
  },
  "salary": null,
  "salary_range": null,
  "type": {
    "id": "open",
    "name": "Открытая"
  },
  "address": {
    "city": "Москва",
    "street": "улица Малая Дмитровка",
    "building": "20",
    "lat": 55.771839,
    "lng": 37.605256,
    "description": null,
    "raw": "Москва, улица Малая Дмитровка, 20",
    "metro": {
      "station_name": "Маяковская",
      "line_name": "Замоскворецкая",
      "station_id": "2.80",
      "line_id": "2",
      "lat": 55.769808,
      "lng": 37.596192
    },
    "metro_stations": [
      {
        "station_name": "Маяковская",
        "line_name": "Замоскворецкая",
        "station_id": "2.80",
        "line_id": "2",
        "lat": 55.769808,
        "lng": 37.596192
      },
      {
        "station_name": "Пушкинская",
        "line_name": "Таганско-Краснопресненская",
        "station_id": "7.124",
        "line_id": "7",
        "lat": 55.765607,
        "lng": 37.604356
      },
      {
        "station_name": "Чеховская",
        "line_name": "Серпуховско-Тимирязевская",
        "station_id": "9.123",
        "line_id": "9",
        "lat": 55.765747,
        "lng": 37.608493
      }
    ],
    "id": "20801811"
  },
  "response_url": null,
  "sort_point_distance": null,
  "published_at": "2025-12-23T17:10:49+06:00",
  "created_at": "2025-12-23T17:10:49+06:00",
  "archived": false,
  "apply_alternate_url": "https://hh.ru/applicant/vacancy_response?vacancyId=128088832",
  "show_logo_in_search": null,
  "show_contacts": false,
  "insider_interview": null,
  "url": "https://api.hh.ru/vacancies/128088832?host=hh.ru",
  "alternate_url": "https://hh.ru/vacancy/128088832",
  "relations": [],
  "employer": {
    "id": "1031703",
    "name": "Werner Sobek Moskwa",
    "url": "https://api.hh.ru/employers/1031703",
    "alternate_url": "https://hh.ru/employer/1031703",
    "logo_urls": {
      "original": "https://img.hhcdn.ru/employer-logo-original-round/1111351.jpeg",
      "90": "https://img.hhcdn.ru/employer-logo-round/1111352.jpeg",
      "240": "https://img.hhcdn.ru/employer-logo-round/1111353.jpeg"
    },
    "vacancies_url": "https://api.hh.ru/vacancies?employer_id=1031703",
    "country_id": 1,
    "accredited_it_employer": false,
    "trusted": true
  },
  "snippet": {
    "requirement": "Кандидат мечты: - будут преимуществом навыки работы с Python/<highlighttext>C#</highlighttext>, BIMcollab, Revizto. - свободное владение английским языком. - знание немецкого языка будет плюсом. - ",
    "responsibility": "техническая поддержка архитекторов и конструкторов в Revit. - разработка и доработка семейств. - координация и контроль качества разработки модели проектными командами. - "
  },
  "contacts": null,
  "schedule": {
    "id": "fullDay",
    "name": "Полный день"
  },
  "working_days": [],
  "working_time_intervals": [],
  "working_time_modes": [],
  "accept_temporary": false,
  "fly_in_fly_out_duration": [],
  "work_format": [
    {
      "id": "ON_SITE",
      "name": "На месте работодателя"
    }
  ],
  "working_hours": [
    {
      "id": "HOURS_8",
      "name": "8 часов"
    }
  ],
  "work_schedule_by_days": [
    {
      "id": "FIVE_ON_TWO_OFF",
      "name": "5/2"
    }
  ],
  "night_shifts": false,
  "professional_roles": [
    {
      "id": "48",
      "name": "Инженер-конструктор, инженер-проектировщик"
    }
  ],
  "accept_incomplete_resumes": false,
  "experience": {
    "id": "between3And6",
    "name": "От 3 до 6 лет"
  },
  "employment": {
    "id": "full",
    "name": "Полная занятость"
  },
  "employment_form": {
    "id": "FULL",
    "name": "Полная"
  },
  "internship": false,
  "adv_response_url": null,
  "is_adv_vacancy": false,
  "adv_context": null
}