{
  "id": "128058015",
  "premium": false,
  "name": "Тьютор в школу программирования KIBERone",
  "department": null,
  "has_test": false,
  "response_letter_required": false,
  "area": {
    "id": "2084",
    "name": "Дзержинский  (Московская область)",
    "url": "https://api.hh.ru/areas/2084"
  },
  "salary": {
    "from": 850,
    "to": null,
    "currency": "RUR",
    "gross": false
  },
  "salary_range": {
    "from": 850,
    "to": null,
    "currency": "RUR",
    "gross": false,
    "mode": {
      "id": "HOUR",
      "name": "За час"
    },
    "frequency": {
      "id": "TWICE_PER_MONTH",
      "name": "Два раза в месяц"
    }
  },
  "type": {
    "id": "open",
    "name": "Открытая"
  },
  "address": {
    "city": "Дзержинский",
    "street": "Лесная улица",
    "building": "4",
    "lat": 55.630024,
    "lng": 37.85488,
    "description": null,
    "raw": "Дзержинский, Лесная улица, 4",
    "metro": {
      "station_name": "Котельники",
      "line_name": "Таганско-Краснопресненская",
      "station_id": "7.508",
      "line_id": "7",
      "lat": 55.6743,
      "lng": 37.8582
    },
    "metro_stations": [
      {
        "station_name": "Котельники",
        "line_name": "Таганско-Краснопресненская",
        "station_id": "7.508",
        "line_id": "7",
        "lat": 55.6743,
        "lng": 37.8582
      }
    ],
    "id": "20784673"
  },
  "response_url": null,
  "sort_point_distance": null,
  "published_at": "2025-11-25T19:03:43+06:00",
  "created_at": "2025-11-25T19:03:43+06:00",
  "archived": false,
  "apply_alternate_url": "https://hh.ru/applicant/vacancy_response?vacancyId=128058015",
  "show_contacts": true,
  "insider_interview": null,
  "url": "https://api.hh.ru/vacancies/128058015?host=hh.ru",
  "alternate_url": "https://hh.ru/vacancy/128058015",
  "relations": [],
  "employer": {
    "id": "12465836",
    "name": "Орлова Марина Андреевна",
    "url": "https://api.hh.ru/employers/12465836",
    "alternate_url": "https://hh.ru/employer/12465836",
    "logo_urls": null,
    "vacancies_url": "https://api.hh.ru/vacancies?employer_id=12465836",
    "country_id": 1,
    "accredited_it_employer": false,
    "trusted": true
  },
  "snippet": {
    "requirement": "транслирование программ КиберШколы по методическим материалам и передача практического опыта для детей 6 - 14 лет. - Высшее образование в сфере информационных...",
    "responsibility": "НТМL, JаvаSсriрt + конструктор (рlаtfоrmа LР/Тildа/Wiх). Платформа Unity3D + <highlighttext>С#</highlighttext>; Jаvа. -Работа только офлайн!"
  },
  "contacts": null,
  "schedule": {
    "id": "flexible",
    "name": "Гибкий график"
  },
  "working_days": [],
  "working_time_intervals": [],
  "working_time_modes": [],
  "accept_temporary": true,
  "fly_in_fly_out_duration": [],
  "work_format": [
    {
      "id": "ON_SITE",
      "name": "На месте работодателя"
    }
  ],
  "working_hours": [
    {
      "id": "OTHER",
      "name": "Другое"
    }
  ],
  "work_schedule_by_days": [
    {
      "id": "WEEKEND",
      "name": "По выходным"
    },
    {
      "id": "FLEXIBLE",
      "name": "Свободный"
    }
  ],
  "night_shifts": false,
  "professional_roles": [
    {
      "id": "132",
      "name": "Учитель, преподаватель, педагог"
    }
  ],
  "accept_incomplete_resumes": false,
  "experience": {
    "id": "between1And3",
    "name": "От 1 года до 3 лет"
  },
  "employment": {
    "id": "part",
    "name": "Частичная занятость"
  },
  "employment_form": {
    "id": "PART",
    "name": "Частичная"
  },
  "internship": false,
  "adv_response_url": null,
  "is_adv_vacancy": false,
  "adv_context": null
}