{
  "id": "128072092",
  "premium": false,
  "name": "Senior Fullstack Developer (.NET + React)",
  "department": null,
  "has_test": false,
  "response_letter_required": true,
  "area": {
    "id": "2758",
    "name": "Тбилиси",
    "url": "https://api.hh.ru/areas/2758"
  },
  "salary": null,
  "salary_range": null,
  "type": {
    "id": "open",
    "name": "Открытая"
  },
  "address": null,
  "response_url": null,
  "sort_point_distance": null,
  "published_at": "2025-11-26T12:23:14+06:00",
  "created_at": "2025-11-26T12:23:14+06:00",
  "archived": false,
  "apply_alternate_url": "https://hh.ru/applicant/vacancy_response?vacancyId=128072092",
  "show_logo_in_search": null,
  "show_contacts": false,
  "insider_interview": null,
  "url": "https://api.hh.ru/vacancies/128072092?host=hh.ru",
  "alternate_url": "https://hh.ru/vacancy/128072092",
  "relations": [],
  "employer": {
    "id": "11596423",
    "name": "Velvetech LLC",
    "url": "https://api.hh.ru/employers/11596423",
    "alternate_url": "https://hh.ru/employer/11596423",
    "logo_urls": {
      "original": "https://img.hhcdn.ru/employer-logo-original-round/7119245.png",
      "90": "https://img.hhcdn.ru/employer-logo-round/7119246.png",
      "240": "https://img.hhcdn.ru/employer-logo-round/7119247.png"
    },
    "vacancies_url": "https://api.hh.ru/vacancies?employer_id=11596423",
    "country_id": 3,
    "accredited_it_employer": false,
    "trusted": true
  },
  "snippet": {
    "requirement": "<highlighttext>.NET</highlighttext> Core. <highlighttext>C#</highlighttext>, REST APIs. SQL databases (MS SQL, PostgreSQL, MySQL). ORM frameworks (EF, EF Core, NHibernate). React, JavaScript/TypeScript...",
    "responsibility": "Design and develop modern web applications using <highlighttext>.NET</highlighttext> Core and React. Build clean, efficient, scalable code on both the backend..."
  },
  "contacts": null,
  "schedule": {
    "id": "remote",
    "name": "Удаленная работа"
  },
  "working_days": [],
  "working_time_intervals": [],
  "working_time_modes": [],
  "accept_temporary": false,
  "fly_in_fly_out_duration": [],
  "work_format": [
    {
      "id": "REMOTE",
      "name": "Удалённо"
    }
  ],
  "working_hours": [
    {
      "id": "HOURS_8",
      "name": "8 часов"
    }
  ],
  "work_schedule_by_days": [
    {
      "id": "FIVE_ON_TWO_OFF",
      "name": "5/2"
    }
  ],
  "night_shifts": false,
  "professional_roles": [
    {
      "id": "96",
      "name": "Программист, разработчик"
    }
  ],
  "accept_incomplete_resumes": false,
  "experience": {
    "id": "between3And6",
    "name": "От 3 до 6 лет"
  },
  "employment": {
    "id": "full",
    "name": "Полная занятость"
  },
  "employment_form": {
    "id": "FULL",
    "name": "Полная"
  },
  "internship": false,
  "adv_response_url": null,
  "is_adv_vacancy": false,
  "adv_context": null
}