{
  "id": "128073657",
  "premium": false,
  "name": "Инженер-программист",
  "department": {
    "id": "824486-824486-028",
    "name": "ПАО «ММК»"
  },
  "has_test": false,
  "response_letter_required": false,
  "area": {
    "id": "1399",
    "name": "Магнитогорск",
    "url": "https://api.hh.ru/areas/1399"
  },
  "salary": {
    "from": 70000,
    "to": 90000,
    "currency": "RUR",
    "gross": false
  },
  "salary_range": {
    "from": 70000,
    "to": 90000,
    "currency": "RUR",
    "gross": false,
    "mode": {
      "id": "MONTH",
      "name": "За месяц"
    },
    "frequency": null
  },
  "type": {
    "id": "open",
    "name": "Открытая"
  },
  "address": {
    "city": "Магнитогорск",
    "street": "проспект Пушкина",
    "building": "2",
    "lat": 53.411817,
    "lng": 59.056855,
    "description": null,
    "raw": "Магнитогорск, проспект Пушкина, 2",
    "metro": null,
    "metro_stations": [],
    "id": "3825337"
  },
  "response_url": null,
  "sort_point_distance": null,
  "published_at": "2025-11-26T12:51:39+06:00",
  "created_at": "2025-11-26T12:51:39+06:00",
  "archived": false,
  "apply_alternate_url": "https://hh.ru/applicant/vacancy_response?vacancyId=128073657",
  "branding": {
    "type": "MAKEUP",
    "tariff": null
  },
  "show_logo_in_search": true,
  "show_contacts": true,
  "insider_interview": null,
  "url": "https://api.hh.ru/vacancies/128073657?host=hh.ru",
  "alternate_url": "https://hh.ru/vacancy/128073657",
  "relations": [],
  "employer": {
    "id": "824486",
    "name": "Магнитогорский металлургический комбинат",
    "url": "https://api.hh.ru/employers/824486",
    "alternate_url": "https://hh.ru/employer/824486",
    "logo_urls": {
      "original": "https://img.hhcdn.ru/employer-logo-original-round/2894859.png",
      "90": "https://img.hhcdn.ru/employer-logo-round/2894860.png",
      "240": "https://img.hhcdn.ru/employer-logo-round/2894861.png"
    },
    "vacancies_url": "https://api.hh.ru/vacancies?employer_id=824486",
    "country_id": 1,
    "accredited_it_employer": false,
    "trusted": true
  },
  "snippet": {
    "requirement": "Навыки работы с технической документацией. Опыт работы или желание изучать MS SQL, PostreSQL, <highlighttext>C#</highlighttext>, asp net.core, angular, javascript, html, css.",
    "responsibility": "Изучением существующих автоматизированных систем и их переводом на принятый стек технологий. Разработкой алгоритмов и нового функционала АС по техническому заданию."
  },
  "contacts": null,
  "schedule": {
    "id": "fullDay",
    "name": "Полный день"
  },
  "working_days": [],
  "working_time_intervals": [],
  "working_time_modes": [],
  "accept_temporary": false,
  "fly_in_fly_out_duration": [],
  "work_format": [
    {
      "id": "ON_SITE",
      "name": "На месте работодателя"
    }
  ],
  "working_hours": [
    {
      "id": "HOURS_8",
      "name": "8 часов"
    }
  ],
  "work_schedule_by_days": [
    {
      "id": "FIVE_ON_TWO_OFF",
      "name": "5/2"
    }
  ],
  "night_shifts": false,
  "professional_roles": [
    {
      "id": "96",
      "name": "Программист, разработчик"
    }
  ],
  "accept_incomplete_resumes": false,
  "experience": {
    "id": "between1And3",
    "name": "От 1 года до 3 лет"
  },
  "employment": {
    "id": "full",
    "name": "Полная занятость"
  },
  "employment_form": {
    "id": "FULL",
    "name": "Полная"
  },
  "internship": false,
  "adv_response_url": null,
  "is_adv_vacancy": false,
  "adv_context": null
}