{
  "id": "128097119",
  "premium": false,
  "name": "Web-разработчик (fullstack)",
  "department": null,
  "has_test": false,
  "response_letter_required": false,
  "area": {
    "id": "1",
    "name": "Москва",
    "url": "https://api.hh.ru/areas/1"
  },
  "salary": {
    "from": null,
    "to": 190000,
    "currency": "RUR",
    "gross": false
  },
  "salary_range": {
    "from": null,
    "to": 190000,
    "currency": "RUR",
    "gross": false,
    "mode": {
      "id": "MONTH",
      "name": "За месяц"
    },
    "frequency": {
      "id": "TWICE_PER_MONTH",
      "name": "Два раза в месяц"
    }
  },
  "type": {
    "id": "open",
    "name": "Открытая"
  },
  "address": null,
  "response_url": null,
  "sort_point_distance": null,
  "published_at": "2025-12-19T14:45:52+06:00",
  "created_at": "2025-12-19T14:45:52+06:00",
  "archived": false,
  "apply_alternate_url": "https://hh.ru/applicant/vacancy_response?vacancyId=128097119",
  "show_logo_in_search": null,
  "show_contacts": true,
  "insider_interview": null,
  "url": "https://api.hh.ru/vacancies/128097119?host=hh.ru",
  "alternate_url": "https://hh.ru/vacancy/128097119",
  "relations": [],
  "employer": {
    "id": "36889",
    "name": "Технокад",
    "url": "https://api.hh.ru/employers/36889",
    "alternate_url": "https://hh.ru/employer/36889",
    "logo_urls": {
      "original": "https://img.hhcdn.ru/employer-logo-original/1452072.png",
      "90": "https://img.hhcdn.ru/employer-logo/7427909.png",
      "240": "https://img.hhcdn.ru/employer-logo/7427910.png"
    },
    "vacancies_url": "https://api.hh.ru/vacancies?employer_id=36889",
    "country_id": 1,
    "accredited_it_employer": false,
    "trusted": true
  },
  "snippet": {
    "requirement": "Опыт чтения чужого кода. Опыт написания кода на языках <highlighttext>C#</highlighttext> и JavaScript. Знание расшифровки принципов SOLID, KISS YAGNI; умение применять...",
    "responsibility": "Реализация заданий. Исправление ошибок. Проверка чужого кода. Проектирование реализации: декомпозиция, выбор технологий и библиотек. Поддержка инфаструктуры (CI/CD, Docker). "
  },
  "contacts": null,
  "schedule": {
    "id": "remote",
    "name": "Удаленная работа"
  },
  "working_days": [],
  "working_time_intervals": [],
  "working_time_modes": [],
  "accept_temporary": false,
  "fly_in_fly_out_duration": [],
  "work_format": [
    {
      "id": "REMOTE",
      "name": "Удалённо"
    }
  ],
  "working_hours": [
    {
      "id": "HOURS_8",
      "name": "8 часов"
    }
  ],
  "work_schedule_by_days": [
    {
      "id": "FIVE_ON_TWO_OFF",
      "name": "5/2"
    }
  ],
  "night_shifts": false,
  "professional_roles": [
    {
      "id": "96",
      "name": "Программист, разработчик"
    }
  ],
  "accept_incomplete_resumes": false,
  "experience": {
    "id": "between1And3",
    "name": "От 1 года до 3 лет"
  },
  "employment": {
    "id": "full",
    "name": "Полная занятость"
  },
  "employment_form": {
    "id": "FULL",
    "name": "Полная"
  },
  "internship": false,
  "adv_response_url": null,
  "is_adv_vacancy": false,
  "adv_context": null
}