{
  "id": "128047670",
  "premium": false,
  "name": "Fullstack-разработчик (C# / React)",
  "department": null,
  "has_test": false,
  "response_letter_required": false,
  "area": {
    "id": "1",
    "name": "Москва",
    "url": "https://api.hh.ru/areas/1"
  },
  "salary": null,
  "salary_range": null,
  "type": {
    "id": "open",
    "name": "Открытая"
  },
  "address": null,
  "response_url": null,
  "sort_point_distance": null,
  "published_at": "2025-11-25T16:00:21+06:00",
  "created_at": "2025-11-25T16:00:21+06:00",
  "archived": false,
  "apply_alternate_url": "https://hh.ru/applicant/vacancy_response?vacancyId=128047670",
  "branding": {
    "type": "CONSTRUCTOR",
    "tariff": "BASIC"
  },
  "show_logo_in_search": true,
  "show_contacts": false,
  "insider_interview": null,
  "url": "https://api.hh.ru/vacancies/128047670?host=hh.ru",
  "alternate_url": "https://hh.ru/vacancy/128047670",
  "relations": [],
  "employer": {
    "id": "2560872",
    "name": "Медицина",
    "url": "https://api.hh.ru/employers/2560872",
    "alternate_url": "https://hh.ru/employer/2560872",
    "logo_urls": {
      "original": "https://img.hhcdn.ru/employer-logo-original-round/6836213.png",
      "90": "https://img.hhcdn.ru/employer-logo-round/6836214.png",
      "240": "https://img.hhcdn.ru/employer-logo-round/6836215.png"
    },
    "vacancies_url": "https://api.hh.ru/vacancies?employer_id=2560872",
    "country_id": 1,
    "accredited_it_employer": true,
    "trusted": true
  },
  "snippet": {
    "requirement": "Опыт работы в разработке от 3 лет. Уверенные знания <highlighttext>C#</highlighttext> и <highlighttext>.NET</highlighttext> (опыт с <highlighttext>.NET</highlighttext> 6/7/8). ",
    "responsibility": "Разработка и поддержка высоконагруженных микросервисов на <highlighttext>.NET</highlighttext> 8 / <highlighttext>C#</highlighttext>. Проектирование и реализация RESTful Web API. Работа с PostgreSQL, написание эффективных..."
  },
  "contacts": null,
  "schedule": {
    "id": "remote",
    "name": "Удаленная работа"
  },
  "working_days": [],
  "working_time_intervals": [],
  "working_time_modes": [],
  "accept_temporary": false,
  "fly_in_fly_out_duration": [],
  "work_format": [
    {
      "id": "REMOTE",
      "name": "Удалённо"
    }
  ],
  "working_hours": [
    {
      "id": "HOURS_8",
      "name": "8 часов"
    }
  ],
  "work_schedule_by_days": [
    {
      "id": "FIVE_ON_TWO_OFF",
      "name": "5/2"
    }
  ],
  "night_shifts": false,
  "professional_roles": [
    {
      "id": "96",
      "name": "Программист, разработчик"
    }
  ],
  "accept_incomplete_resumes": false,
  "experience": {
    "id": "between3And6",
    "name": "От 3 до 6 лет"
  },
  "employment": {
    "id": "full",
    "name": "Полная занятость"
  },
  "employment_form": {
    "id": "FULL",
    "name": "Полная"
  },
  "internship": false,
  "adv_response_url": null,
  "is_adv_vacancy": false,
  "adv_context": null
}