{
  "id": "128048378",
  "premium": false,
  "name": ".Net разработчик",
  "department": null,
  "has_test": false,
  "response_letter_required": false,
  "area": {
    "id": "68",
    "name": "Омск",
    "url": "https://api.hh.ru/areas/68"
  },
  "salary": null,
  "salary_range": null,
  "type": {
    "id": "open",
    "name": "Открытая"
  },
  "address": {
    "city": "Омск",
    "street": "улица 10 лет Октября",
    "building": "136А",
    "lat": 54.985385,
    "lng": 73.415796,
    "description": null,
    "raw": "Омск, улица 10 лет Октября, 136А",
    "metro": null,
    "metro_stations": [],
    "id": "2933657"
  },
  "response_url": null,
  "sort_point_distance": null,
  "published_at": "2025-12-18T14:01:02+06:00",
  "created_at": "2025-12-18T14:01:02+06:00",
  "archived": false,
  "apply_alternate_url": "https://hh.ru/applicant/vacancy_response?vacancyId=128048378",
  "show_logo_in_search": null,
  "show_contacts": true,
  "insider_interview": null,
  "url": "https://api.hh.ru/vacancies/128048378?host=hh.ru",
  "alternate_url": "https://hh.ru/vacancy/128048378",
  "relations": [],
  "employer": {
    "id": "4001615",
    "name": "СПАР-ОМСК",
    "url": "https://api.hh.ru/employers/4001615",
    "alternate_url": "https://hh.ru/employer/4001615",
    "logo_urls": {
      "original": "https://img.hhcdn.ru/employer-logo-original-round/3009491.jpeg",
      "90": "https://img.hhcdn.ru/employer-logo-round/3009492.jpeg",
      "240": "https://img.hhcdn.ru/employer-logo-round/3009493.jpeg"
    },
    "vacancies_url": "https://api.hh.ru/vacancies?employer_id=4001615",
    "country_id": 1,
    "accredited_it_employer": false,
    "trusted": true
  },
  "snippet": {
    "requirement": "Знание <highlighttext>C#</highlighttext>. Опыт работы с <highlighttext>.NET</highlighttext> 6.0. Опыт работы с <highlighttext>.NET</highlighttext> framework 4.7+. Windows Forms. ",
    "responsibility": "Доработка и разработка ПО на <highlighttext>C#</highlighttext> для нужд компании. Поддержание работоспособности существующего ПО. Разработка нового функционала. Интеграция с сервисами и..."
  },
  "contacts": null,
  "schedule": {
    "id": "fullDay",
    "name": "Полный день"
  },
  "working_days": [],
  "working_time_intervals": [],
  "working_time_modes": [],
  "accept_temporary": false,
  "fly_in_fly_out_duration": [],
  "work_format": [],
  "working_hours": [
    {
      "id": "HOURS_8",
      "name": "8 часов"
    }
  ],
  "work_schedule_by_days": [
    {
      "id": "FIVE_ON_TWO_OFF",
      "name": "5/2"
    }
  ],
  "night_shifts": false,
  "professional_roles": [
    {
      "id": "96",
      "name": "Программист, разработчик"
    }
  ],
  "accept_incomplete_resumes": false,
  "experience": {
    "id": "noExperience",
    "name": "Нет опыта"
  },
  "employment": {
    "id": "full",
    "name": "Полная занятость"
  },
  "employment_form": {
    "id": "FULL",
    "name": "Полная"
  },
  "internship": false,
  "adv_response_url": null,
  "is_adv_vacancy": false,
  "adv_context": null
}