{
  "id": "128016435",
  "premium": false,
  "name": "Senior Unity Game Developer / Engineer (MMO / Multiplayer / C#)",
  "department": null,
  "has_test": false,
  "response_letter_required": true,
  "area": {
    "id": "1",
    "name": "Москва",
    "url": "https://api.hh.ru/areas/1"
  },
  "salary": {
    "from": 200000,
    "to": null,
    "currency": "RUR",
    "gross": false
  },
  "salary_range": {
    "from": 200000,
    "to": null,
    "currency": "RUR",
    "gross": false,
    "mode": {
      "id": "MONTH",
      "name": "За месяц"
    },
    "frequency": {
      "id": "MONTHLY",
      "name": "Раз в месяц"
    }
  },
  "type": {
    "id": "open",
    "name": "Открытая"
  },
  "address": null,
  "response_url": null,
  "sort_point_distance": null,
  "published_at": "2025-11-24T20:01:21+06:00",
  "created_at": "2025-11-24T20:01:21+06:00",
  "archived": false,
  "apply_alternate_url": "https://hh.ru/applicant/vacancy_response?vacancyId=128016435",
  "show_contacts": false,
  "insider_interview": null,
  "url": "https://api.hh.ru/vacancies/128016435?host=hh.ru",
  "alternate_url": "https://hh.ru/vacancy/128016435",
  "relations": [],
  "employer": {
    "id": "11289939",
    "name": "К1 образование",
    "url": "https://api.hh.ru/employers/11289939",
    "alternate_url": "https://hh.ru/employer/11289939",
    "logo_urls": null,
    "vacancies_url": "https://api.hh.ru/vacancies?employer_id=11289939",
    "country_id": 1,
    "accredited_it_employer": false,
    "trusted": true
  },
  "snippet": {
    "requirement": "Эксперт в Unity: не «собрать сцену», а выстроить структуру, системы, связи. Отличное знание <highlighttext>C#</highlighttext> (писать чисто, поддерживаемо, понятно). ",
    "responsibility": "Программирование игровых механик (<highlighttext>C#</highlighttext> и JS). Работа с сетевым кодом (сервер/клиент, синхронизация, оптимизация). Прототипирование новых фичей, кастомизация, социальные системы. "
  },
  "contacts": null,
  "schedule": {
    "id": "remote",
    "name": "Удаленная работа"
  },
  "working_days": [],
  "working_time_intervals": [],
  "working_time_modes": [],
  "accept_temporary": false,
  "fly_in_fly_out_duration": [],
  "work_format": [
    {
      "id": "REMOTE",
      "name": "Удалённо"
    }
  ],
  "working_hours": [
    {
      "id": "HOURS_8",
      "name": "8 часов"
    }
  ],
  "work_schedule_by_days": [
    {
      "id": "FIVE_ON_TWO_OFF",
      "name": "5/2"
    }
  ],
  "night_shifts": false,
  "professional_roles": [
    {
      "id": "25",
      "name": "Гейм-дизайнер"
    }
  ],
  "accept_incomplete_resumes": false,
  "experience": {
    "id": "moreThan6",
    "name": "Более 6 лет"
  },
  "employment": {
    "id": "full",
    "name": "Полная занятость"
  },
  "employment_form": {
    "id": "FULL",
    "name": "Полная"
  },
  "internship": false,
  "adv_response_url": null,
  "is_adv_vacancy": false,
  "adv_context": null
}