{
  "id": "128073798",
  "premium": false,
  "name": "Backend разработчик",
  "department": null,
  "has_test": false,
  "response_letter_required": false,
  "area": {
    "id": "160",
    "name": "Алматы",
    "url": "https://api.hh.ru/areas/160"
  },
  "salary": {
    "from": 250000,
    "to": null,
    "currency": "KZT",
    "gross": false
  },
  "salary_range": {
    "from": 250000,
    "to": null,
    "currency": "KZT",
    "gross": false,
    "mode": {
      "id": "MONTH",
      "name": "За месяц"
    },
    "frequency": null
  },
  "type": {
    "id": "open",
    "name": "Открытая"
  },
  "address": {
    "city": "Алматы",
    "street": "улица Климента Тимирязева",
    "building": "42/6к34/1",
    "lat": 43.22489331192519,
    "lng": 76.90518261799208,
    "description": null,
    "raw": "Алматы, улица Климента Тимирязева, 42/6к34/1",
    "metro": {
      "station_name": "Алатау",
      "line_name": "Первая",
      "station_id": "64.436",
      "line_id": "64",
      "lat": 43.239041,
      "lng": 76.897612
    },
    "metro_stations": [
      {
        "station_name": "Алатау",
        "line_name": "Первая",
        "station_id": "64.436",
        "line_id": "64",
        "lat": 43.239041,
        "lng": 76.897612
      }
    ],
    "id": "20186696"
  },
  "response_url": null,
  "sort_point_distance": null,
  "published_at": "2025-12-23T12:54:08+06:00",
  "created_at": "2025-12-23T12:54:08+06:00",
  "archived": false,
  "apply_alternate_url": "https://hh.ru/applicant/vacancy_response?vacancyId=128073798",
  "show_logo_in_search": null,
  "show_contacts": false,
  "insider_interview": null,
  "url": "https://api.hh.ru/vacancies/128073798?host=hh.ru",
  "alternate_url": "https://hh.ru/vacancy/128073798",
  "relations": [],
  "employer": {
    "id": "9497509",
    "name": "MaxiPay",
    "url": "https://api.hh.ru/employers/9497509",
    "alternate_url": "https://hh.ru/employer/9497509",
    "logo_urls": {
      "original": "https://img.hhcdn.ru/employer-logo-original-round/6502180.jpeg",
      "90": "https://img.hhcdn.ru/employer-logo-round/6502181.jpeg",
      "240": "https://img.hhcdn.ru/employer-logo-round/6502182.jpeg"
    },
    "vacancies_url": "https://api.hh.ru/vacancies?employer_id=9497509",
    "country_id": 3,
    "accredited_it_employer": false,
    "trusted": true
  },
  "snippet": {
    "requirement": "Высшее образование (Информационные системы, ВТиПО). Владение ПК (NET, <highlighttext>C#</highlighttext>, SQL, Asp.Net Core, MsSql, GIT). Ответственность. Настойчивость. Аналитический склад ума. ",
    "responsibility": "Разработка протоколов интеграции (API) провайдеров. Оптимизация работы процессинга и БД процессинга. Создание служб для работы процессинга."
  },
  "contacts": null,
  "schedule": {
    "id": "fullDay",
    "name": "Полный день"
  },
  "working_days": [],
  "working_time_intervals": [],
  "working_time_modes": [],
  "accept_temporary": false,
  "fly_in_fly_out_duration": [],
  "work_format": [
    {
      "id": "ON_SITE",
      "name": "На месте работодателя"
    }
  ],
  "working_hours": [
    {
      "id": "HOURS_8",
      "name": "8 часов"
    }
  ],
  "work_schedule_by_days": [
    {
      "id": "FIVE_ON_TWO_OFF",
      "name": "5/2"
    }
  ],
  "night_shifts": false,
  "professional_roles": [
    {
      "id": "96",
      "name": "Программист, разработчик"
    }
  ],
  "accept_incomplete_resumes": false,
  "experience": {
    "id": "between1And3",
    "name": "От 1 года до 3 лет"
  },
  "employment": {
    "id": "full",
    "name": "Полная занятость"
  },
  "employment_form": {
    "id": "FULL",
    "name": "Полная"
  },
  "internship": false,
  "adv_response_url": null,
  "is_adv_vacancy": false,
  "adv_context": null
}