{
  "id": "128038493",
  "premium": false,
  "name": "Frontend-разработчик",
  "department": null,
  "has_test": false,
  "response_letter_required": false,
  "area": {
    "id": "3",
    "name": "Екатеринбург",
    "url": "https://api.hh.ru/areas/3"
  },
  "salary": {
    "from": 80000,
    "to": null,
    "currency": "RUR",
    "gross": false
  },
  "salary_range": {
    "from": 80000,
    "to": null,
    "currency": "RUR",
    "gross": false,
    "mode": {
      "id": "MONTH",
      "name": "За месяц"
    },
    "frequency": {
      "id": "TWICE_PER_MONTH",
      "name": "Два раза в месяц"
    }
  },
  "type": {
    "id": "open",
    "name": "Открытая"
  },
  "address": {
    "city": "Екатеринбург",
    "street": "Основинская улица",
    "building": "8",
    "lat": 56.864536,
    "lng": 60.6196,
    "description": null,
    "raw": "Екатеринбург, Основинская улица, 8",
    "metro": {
      "station_name": "Динамо",
      "line_name": "Север-Юг",
      "station_id": "48.265",
      "line_id": "48",
      "lat": 56.847818,
      "lng": 60.599406
    },
    "metro_stations": [
      {
        "station_name": "Динамо",
        "line_name": "Север-Юг",
        "station_id": "48.265",
        "line_id": "48",
        "lat": 56.847818,
        "lng": 60.599406
      },
      {
        "station_name": "Машиностроителей",
        "line_name": "Север-Юг",
        "station_id": "48.263",
        "line_id": "48",
        "lat": 56.878517,
        "lng": 60.61218
      },
      {
        "station_name": "Уралмаш",
        "line_name": "Север-Юг",
        "station_id": "48.262",
        "line_id": "48",
        "lat": 56.887674,
        "lng": 60.614165
      }
    ],
    "id": "20777005"
  },
  "response_url": null,
  "sort_point_distance": null,
  "published_at": "2025-12-22T13:40:59+06:00",
  "created_at": "2025-12-22T13:40:59+06:00",
  "archived": false,
  "apply_alternate_url": "https://hh.ru/applicant/vacancy_response?vacancyId=128038493",
  "show_logo_in_search": null,
  "show_contacts": true,
  "insider_interview": null,
  "url": "https://api.hh.ru/vacancies/128038493?host=hh.ru",
  "alternate_url": "https://hh.ru/vacancy/128038493",
  "relations": [],
  "employer": {
    "id": "1533072",
    "name": "Энвайро",
    "url": "https://api.hh.ru/employers/1533072",
    "alternate_url": "https://hh.ru/employer/1533072",
    "logo_urls": {
      "original": "https://img.hhcdn.ru/employer-logo-original-round/4089465.jpg",
      "90": "https://img.hhcdn.ru/employer-logo-round/4089467.jpeg",
      "240": "https://img.hhcdn.ru/employer-logo-round/4089468.jpeg"
    },
    "vacancies_url": "https://api.hh.ru/vacancies?employer_id=1533072",
    "country_id": 1,
    "accredited_it_employer": false,
    "trusted": true
  },
  "snippet": {
    "requirement": "Обязательные навыки: - Уверенное владение HTML5, CSS3 (Flexbox, Grid, адаптивная верстка). - Отличное знание JavaScript (ES6+). - ",
    "responsibility": "Разработка пользовательского интерфейса (UI). Создание визуальных элементов сайта или приложения с использованием HTML, CSS и JavaScript. Реализация клиентской логики (UX..."
  },
  "contacts": null,
  "schedule": {
    "id": "fullDay",
    "name": "Полный день"
  },
  "working_days": [],
  "working_time_intervals": [],
  "working_time_modes": [],
  "accept_temporary": false,
  "fly_in_fly_out_duration": [],
  "work_format": [
    {
      "id": "ON_SITE",
      "name": "На месте работодателя"
    }
  ],
  "working_hours": [
    {
      "id": "HOURS_8",
      "name": "8 часов"
    }
  ],
  "work_schedule_by_days": [
    {
      "id": "FIVE_ON_TWO_OFF",
      "name": "5/2"
    }
  ],
  "night_shifts": false,
  "professional_roles": [
    {
      "id": "96",
      "name": "Программист, разработчик"
    }
  ],
  "accept_incomplete_resumes": false,
  "experience": {
    "id": "between1And3",
    "name": "От 1 года до 3 лет"
  },
  "employment": {
    "id": "full",
    "name": "Полная занятость"
  },
  "employment_form": {
    "id": "FULL",
    "name": "Полная"
  },
  "internship": false,
  "adv_response_url": null,
  "is_adv_vacancy": false,
  "adv_context": null
}