{
  "id": "128078001",
  "premium": false,
  "name": "C# Developer / Разработчик",
  "department": null,
  "has_test": false,
  "response_letter_required": false,
  "area": {
    "id": "1",
    "name": "Москва",
    "url": "https://api.hh.ru/areas/1"
  },
  "salary": {
    "from": 180000,
    "to": null,
    "currency": "RUR",
    "gross": false
  },
  "salary_range": {
    "from": 180000,
    "to": null,
    "currency": "RUR",
    "gross": false,
    "mode": {
      "id": "MONTH",
      "name": "За месяц"
    },
    "frequency": null
  },
  "type": {
    "id": "open",
    "name": "Открытая"
  },
  "address": null,
  "response_url": null,
  "sort_point_distance": null,
  "published_at": "2025-11-26T14:04:15+06:00",
  "created_at": "2025-11-26T14:04:15+06:00",
  "archived": false,
  "apply_alternate_url": "https://hh.ru/applicant/vacancy_response?vacancyId=128078001",
  "show_logo_in_search": null,
  "show_contacts": false,
  "insider_interview": null,
  "url": "https://api.hh.ru/vacancies/128078001?host=hh.ru",
  "alternate_url": "https://hh.ru/vacancy/128078001",
  "relations": [],
  "employer": {
    "id": "9957261",
    "name": "Reputation House Marketing Management, LLC",
    "url": "https://api.hh.ru/employers/9957261",
    "alternate_url": "https://hh.ru/employer/9957261",
    "logo_urls": {
      "original": "https://img.hhcdn.ru/employer-logo-original/1394548.png",
      "90": "https://img.hhcdn.ru/employer-logo/7197975.png",
      "240": "https://img.hhcdn.ru/employer-logo/7197976.png"
    },
    "vacancies_url": "https://api.hh.ru/vacancies?employer_id=9957261",
    "country_id": 1,
    "accredited_it_employer": false,
    "trusted": true
  },
  "snippet": {
    "requirement": "Опыт работы с <highlighttext>C#</highlighttext> от 3 лет, знание <highlighttext>.NET</highlighttext> Core. Навыки работы с фреймворками ASP.NET, EF Core, Xunit, FluentValidation, Dapper. ",
    "responsibility": "Обрабатывать большие объемы данных, подключать внешние источники, настраивать их анализ. Работать с современным стеком: <highlighttext>C#</highlighttext>, PostgreSQL, ClickHouse, Vue.js 3. "
  },
  "contacts": null,
  "schedule": {
    "id": "remote",
    "name": "Удаленная работа"
  },
  "working_days": [],
  "working_time_intervals": [],
  "working_time_modes": [],
  "accept_temporary": false,
  "fly_in_fly_out_duration": [],
  "work_format": [
    {
      "id": "REMOTE",
      "name": "Удалённо"
    }
  ],
  "working_hours": [
    {
      "id": "HOURS_8",
      "name": "8 часов"
    }
  ],
  "work_schedule_by_days": [
    {
      "id": "FIVE_ON_TWO_OFF",
      "name": "5/2"
    }
  ],
  "night_shifts": false,
  "professional_roles": [
    {
      "id": "96",
      "name": "Программист, разработчик"
    }
  ],
  "accept_incomplete_resumes": false,
  "experience": {
    "id": "between3And6",
    "name": "От 3 до 6 лет"
  },
  "employment": {
    "id": "full",
    "name": "Полная занятость"
  },
  "employment_form": {
    "id": "FULL",
    "name": "Полная"
  },
  "internship": false,
  "adv_response_url": null,
  "is_adv_vacancy": false,
  "adv_context": null
}