{
  "id": "128090965",
  "premium": false,
  "name": "Senior Unity Developer",
  "department": null,
  "has_test": false,
  "response_letter_required": false,
  "area": {
    "id": "160",
    "name": "Алматы",
    "url": "https://api.hh.ru/areas/160"
  },
  "salary": null,
  "salary_range": null,
  "type": {
    "id": "open",
    "name": "Открытая"
  },
  "address": null,
  "response_url": null,
  "sort_point_distance": null,
  "published_at": "2025-11-26T17:53:11+06:00",
  "created_at": "2025-11-26T17:53:11+06:00",
  "archived": false,
  "apply_alternate_url": "https://hh.ru/applicant/vacancy_response?vacancyId=128090965",
  "show_logo_in_search": null,
  "show_contacts": true,
  "insider_interview": null,
  "url": "https://api.hh.ru/vacancies/128090965?host=hh.ru",
  "alternate_url": "https://hh.ru/vacancy/128090965",
  "relations": [],
  "employer": {
    "id": "4835676",
    "name": "Rhinotales",
    "url": "https://api.hh.ru/employers/4835676",
    "alternate_url": "https://hh.ru/employer/4835676",
    "logo_urls": {
      "original": "https://img.hhcdn.ru/employer-logo-original-round/3637142.jpeg",
      "90": "https://img.hhcdn.ru/employer-logo-round/3637143.jpeg",
      "240": "https://img.hhcdn.ru/employer-logo-round/3637144.jpeg"
    },
    "vacancies_url": "https://api.hh.ru/vacancies?employer_id=4835676",
    "country_id": 3,
    "accredited_it_employer": false,
    "trusted": true
  },
  "snippet": {
    "requirement": "Опыт коммерческой разработки на Unity 3D от 3х лет. Уверенное знание <highlighttext>C#</highlighttext>. Умение разбираться в чужом коде и...",
    "responsibility": "Разработка фичей. Развитие существующего функционала и реализация новых фич. Участие в развитии архитектуры и систем проекта. Разработка вспомогательных инструментов. "
  },
  "contacts": null,
  "schedule": {
    "id": "remote",
    "name": "Удаленная работа"
  },
  "working_days": [],
  "working_time_intervals": [],
  "working_time_modes": [],
  "accept_temporary": true,
  "fly_in_fly_out_duration": [],
  "work_format": [
    {
      "id": "REMOTE",
      "name": "Удалённо"
    }
  ],
  "working_hours": [
    {
      "id": "HOURS_8",
      "name": "8 часов"
    }
  ],
  "work_schedule_by_days": [
    {
      "id": "FIVE_ON_TWO_OFF",
      "name": "5/2"
    }
  ],
  "night_shifts": false,
  "professional_roles": [
    {
      "id": "96",
      "name": "Программист, разработчик"
    }
  ],
  "accept_incomplete_resumes": false,
  "experience": {
    "id": "between3And6",
    "name": "От 3 до 6 лет"
  },
  "employment": {
    "id": "full",
    "name": "Полная занятость"
  },
  "employment_form": {
    "id": "FULL",
    "name": "Полная"
  },
  "internship": false,
  "adv_response_url": null,
  "is_adv_vacancy": false,
  "adv_context": null
}