{
  "id": "128091700",
  "premium": false,
  "name": "Junior Backend разработчик",
  "department": null,
  "has_test": false,
  "response_letter_required": false,
  "area": {
    "id": "2",
    "name": "Санкт-Петербург",
    "url": "https://api.hh.ru/areas/2"
  },
  "salary": {
    "from": null,
    "to": 90000,
    "currency": "RUR",
    "gross": true
  },
  "salary_range": {
    "from": null,
    "to": 90000,
    "currency": "RUR",
    "gross": true,
    "mode": {
      "id": "MONTH",
      "name": "За месяц"
    },
    "frequency": null
  },
  "type": {
    "id": "open",
    "name": "Открытая"
  },
  "address": {
    "city": "Санкт-Петербург",
    "street": "14-я линия Васильевского острова",
    "building": "7",
    "lat": 59.935182,
    "lng": 30.274707,
    "description": null,
    "raw": "Санкт-Петербург, 14-я линия Васильевского острова, 7",
    "metro": {
      "station_name": "Адмиралтейская",
      "line_name": "Фрунзенско-Приморская",
      "station_id": "18.258",
      "line_id": "18",
      "lat": 59.935867,
      "lng": 30.31523
    },
    "metro_stations": [
      {
        "station_name": "Адмиралтейская",
        "line_name": "Фрунзенско-Приморская",
        "station_id": "18.258",
        "line_id": "18",
        "lat": 59.935867,
        "lng": 30.31523
      },
      {
        "station_name": "Василеостровская",
        "line_name": "Невско-Василеостровская",
        "station_id": "16.228",
        "line_id": "16",
        "lat": 59.942577,
        "lng": 30.278254
      },
      {
        "station_name": "Горный институт",
        "line_name": "Лахтинско-Правобережная",
        "station_id": "17.924",
        "line_id": "17",
        "lat": 59.931749,
        "lng": 30.262667
      },
      {
        "station_name": "Спортивная",
        "line_name": "Фрунзенско-Приморская",
        "station_id": "18.249",
        "line_id": "18",
        "lat": 59.952026,
        "lng": 30.291338
      }
    ],
    "id": "19974587"
  },
  "response_url": null,
  "sort_point_distance": null,
  "published_at": "2025-12-23T18:04:43+06:00",
  "created_at": "2025-12-23T18:04:43+06:00",
  "archived": false,
  "apply_alternate_url": "https://hh.ru/applicant/vacancy_response?vacancyId=128091700",
  "show_logo_in_search": null,
  "show_contacts": false,
  "insider_interview": null,
  "url": "https://api.hh.ru/vacancies/128091700?host=hh.ru",
  "alternate_url": "https://hh.ru/vacancy/128091700",
  "relations": [],
  "employer": {
    "id": "10916431",
    "name": "Астра Марин Софт",
    "url": "https://api.hh.ru/employers/10916431",
    "alternate_url": "https://hh.ru/employer/10916431",
    "logo_urls": {
      "original": "https://img.hhcdn.ru/employer-logo-original/1423622.png",
      "90": "https://img.hhcdn.ru/employer-logo/7314137.png",
      "240": "https://img.hhcdn.ru/employer-logo/7314138.png"
    },
    "vacancies_url": "https://api.hh.ru/vacancies?employer_id=10916431",
    "country_id": 1,
    "accredited_it_employer": false,
    "trusted": true
  },
  "snippet": {
    "requirement": "Опыт коммерческой разработки на <highlighttext>C#</highlighttext> от 1 года. Хорошее знание ASP.NET Core (Minimal API или MVC — не важно). ",
    "responsibility": "Разрабатывать и поддерживать backend-часть продуктов компании на <highlighttext>.NET</highlighttext> 8. Проектировать REST API. Работать с реляционными СУБД (PostgreSQL) через Entity..."
  },
  "contacts": null,
  "schedule": {
    "id": "fullDay",
    "name": "Полный день"
  },
  "working_days": [],
  "working_time_intervals": [],
  "working_time_modes": [],
  "accept_temporary": false,
  "fly_in_fly_out_duration": [],
  "work_format": [
    {
      "id": "ON_SITE",
      "name": "На месте работодателя"
    }
  ],
  "working_hours": [
    {
      "id": "HOURS_8",
      "name": "8 часов"
    }
  ],
  "work_schedule_by_days": [
    {
      "id": "FIVE_ON_TWO_OFF",
      "name": "5/2"
    }
  ],
  "night_shifts": false,
  "professional_roles": [
    {
      "id": "96",
      "name": "Программист, разработчик"
    }
  ],
  "accept_incomplete_resumes": false,
  "experience": {
    "id": "between1And3",
    "name": "От 1 года до 3 лет"
  },
  "employment": {
    "id": "full",
    "name": "Полная занятость"
  },
  "employment_form": {
    "id": "FULL",
    "name": "Полная"
  },
  "internship": false,
  "adv_response_url": null,
  "is_adv_vacancy": false,
  "adv_context": null
}