{
  "id": "128043160",
  "premium": false,
  "name": "Разработчик TESSA",
  "department": null,
  "has_test": false,
  "response_letter_required": false,
  "area": {
    "id": "1",
    "name": "Москва",
    "url": "https://api.hh.ru/areas/1"
  },
  "salary": null,
  "salary_range": null,
  "type": {
    "id": "open",
    "name": "Открытая"
  },
  "address": null,
  "response_url": null,
  "sort_point_distance": null,
  "published_at": "2025-11-25T14:51:32+06:00",
  "created_at": "2025-11-25T14:51:32+06:00",
  "archived": false,
  "apply_alternate_url": "https://hh.ru/applicant/vacancy_response?vacancyId=128043160",
  "show_logo_in_search": null,
  "show_contacts": true,
  "insider_interview": null,
  "url": "https://api.hh.ru/vacancies/128043160?host=hh.ru",
  "alternate_url": "https://hh.ru/vacancy/128043160",
  "relations": [],
  "employer": {
    "id": "654435",
    "name": "Spice IT",
    "url": "https://api.hh.ru/employers/654435",
    "alternate_url": "https://hh.ru/employer/654435",
    "logo_urls": {
      "original": "https://img.hhcdn.ru/employer-logo-original/1392441.png",
      "90": "https://img.hhcdn.ru/employer-logo/7189547.png",
      "240": "https://img.hhcdn.ru/employer-logo/7189548.png"
    },
    "vacancies_url": "https://api.hh.ru/vacancies?employer_id=654435",
    "country_id": 1,
    "accredited_it_employer": false,
    "trusted": true
  },
  "snippet": {
    "requirement": "Высшее техническое образование в сфере информационных технологий. - Опыт коммерческой разработки на <highlighttext>.NET</highlighttext> (<highlighttext>C#</highlighttext>) от 3 лет. - Практический опыт разработки и...",
    "responsibility": "Обязанности: - Разработка и доработка решений на платформе TESSA и <highlighttext>C#</highlighttext>. - Разработка модуля «Архив» по утверждённому техническому заданию. - Участие в работе..."
  },
  "contacts": null,
  "schedule": {
    "id": "remote",
    "name": "Удаленная работа"
  },
  "working_days": [],
  "working_time_intervals": [],
  "working_time_modes": [],
  "accept_temporary": false,
  "fly_in_fly_out_duration": [],
  "work_format": [
    {
      "id": "REMOTE",
      "name": "Удалённо"
    }
  ],
  "working_hours": [
    {
      "id": "HOURS_8",
      "name": "8 часов"
    }
  ],
  "work_schedule_by_days": [
    {
      "id": "FIVE_ON_TWO_OFF",
      "name": "5/2"
    }
  ],
  "night_shifts": false,
  "professional_roles": [
    {
      "id": "96",
      "name": "Программист, разработчик"
    }
  ],
  "accept_incomplete_resumes": false,
  "experience": {
    "id": "between3And6",
    "name": "От 3 до 6 лет"
  },
  "employment": {
    "id": "full",
    "name": "Полная занятость"
  },
  "employment_form": {
    "id": "FULL",
    "name": "Полная"
  },
  "internship": false,
  "adv_response_url": null,
  "is_adv_vacancy": false,
  "adv_context": null
}