{
  "id": "128034014",
  "premium": false,
  "name": "Разработчик RPA (в офис)",
  "department": null,
  "has_test": false,
  "response_letter_required": false,
  "area": {
    "id": "1",
    "name": "Москва",
    "url": "https://api.hh.ru/areas/1"
  },
  "salary": {
    "from": null,
    "to": 150000,
    "currency": "RUR",
    "gross": false
  },
  "salary_range": {
    "from": null,
    "to": 150000,
    "currency": "RUR",
    "gross": false,
    "mode": {
      "id": "MONTH",
      "name": "За месяц"
    },
    "frequency": null
  },
  "type": {
    "id": "open",
    "name": "Открытая"
  },
  "address": {
    "city": "Москва",
    "street": "улица Земляной Вал",
    "building": "9",
    "lat": 55.76169,
    "lng": 37.658536,
    "description": null,
    "raw": "Москва, улица Земляной Вал, 9",
    "metro": {
      "station_name": "Курская",
      "line_name": "Арбатско-Покровская",
      "station_id": "3.70",
      "line_id": "3",
      "lat": 55.758564,
      "lng": 37.659039
    },
    "metro_stations": [
      {
        "station_name": "Курская",
        "line_name": "Арбатско-Покровская",
        "station_id": "3.70",
        "line_id": "3",
        "lat": 55.758564,
        "lng": 37.659039
      },
      {
        "station_name": "Курская",
        "line_name": "Кольцевая",
        "station_id": "5.71",
        "line_id": "5",
        "lat": 55.758631,
        "lng": 37.661059
      },
      {
        "station_name": "Курская",
        "line_name": "МЦД-2",
        "station_id": "132.726",
        "line_id": "132",
        "lat": 55.757622,
        "lng": 37.660767
      },
      {
        "station_name": "Чкаловская",
        "line_name": "Люблинско-Дмитровская",
        "station_id": "10.72",
        "line_id": "10",
        "lat": 55.755951,
        "lng": 37.659293
      }
    ],
    "id": "20621375"
  },
  "response_url": null,
  "sort_point_distance": null,
  "published_at": "2025-11-25T12:28:32+06:00",
  "created_at": "2025-11-25T12:28:32+06:00",
  "archived": false,
  "apply_alternate_url": "https://hh.ru/applicant/vacancy_response?vacancyId=128034014",
  "show_logo_in_search": null,
  "show_contacts": true,
  "insider_interview": null,
  "url": "https://api.hh.ru/vacancies/128034014?host=hh.ru",
  "alternate_url": "https://hh.ru/vacancy/128034014",
  "relations": [],
  "employer": {
    "id": "132302",
    "name": "Alta Personnel",
    "url": "https://api.hh.ru/employers/132302",
    "alternate_url": "https://hh.ru/employer/132302",
    "logo_urls": {
      "original": "https://img.hhcdn.ru/employer-logo-original/1394345.png",
      "90": "https://img.hhcdn.ru/employer-logo/7197163.png",
      "240": "https://img.hhcdn.ru/employer-logo/7197164.png"
    },
    "vacancies_url": "https://api.hh.ru/vacancies?employer_id=132302",
    "country_id": 1,
    "accredited_it_employer": false,
    "trusted": true
  },
  "snippet": {
    "requirement": "Понимание и программирование на одном из языков (<highlighttext>C#</highlighttext>, Python). Опыт работы с Git. Способность читать и составлять техническую документацию. ",
    "responsibility": "Участие в интервью с бизнес-пользователями для сбора требований к автоматизации. Помощь в анализе бизнес-процессов на предмет целесообразности и..."
  },
  "contacts": null,
  "schedule": {
    "id": "fullDay",
    "name": "Полный день"
  },
  "working_days": [],
  "working_time_intervals": [],
  "working_time_modes": [],
  "accept_temporary": false,
  "fly_in_fly_out_duration": [],
  "work_format": [
    {
      "id": "ON_SITE",
      "name": "На месте работодателя"
    }
  ],
  "working_hours": [
    {
      "id": "HOURS_8",
      "name": "8 часов"
    }
  ],
  "work_schedule_by_days": [
    {
      "id": "FIVE_ON_TWO_OFF",
      "name": "5/2"
    }
  ],
  "night_shifts": false,
  "professional_roles": [
    {
      "id": "156",
      "name": "BI-аналитик, аналитик данных"
    }
  ],
  "accept_incomplete_resumes": false,
  "experience": {
    "id": "between1And3",
    "name": "От 1 года до 3 лет"
  },
  "employment": {
    "id": "full",
    "name": "Полная занятость"
  },
  "employment_form": {
    "id": "FULL",
    "name": "Полная"
  },
  "internship": false,
  "adv_response_url": null,
  "is_adv_vacancy": false,
  "adv_context": null
}