{
  "id": "128079676",
  "premium": false,
  "name": "Senior Unity Developer (Tech Dev)",
  "department": null,
  "has_test": false,
  "response_letter_required": true,
  "area": {
    "id": "1",
    "name": "Москва",
    "url": "https://api.hh.ru/areas/1"
  },
  "salary": null,
  "salary_range": null,
  "type": {
    "id": "open",
    "name": "Открытая"
  },
  "address": {
    "city": "Казань",
    "street": "Вахитовский район, улица Татарстан",
    "building": null,
    "lat": 55.779793,
    "lng": 49.112163,
    "description": null,
    "raw": "Казань, Вахитовский район, улица Татарстан",
    "metro": {
      "station_name": "Аметьево",
      "line_name": "Центральная",
      "station_id": "49.275",
      "line_id": "49",
      "lat": 55.765346,
      "lng": 49.165083
    },
    "metro_stations": [
      {
        "station_name": "Аметьево",
        "line_name": "Центральная",
        "station_id": "49.275",
        "line_id": "49",
        "lat": 55.765346,
        "lng": 49.165083
      },
      {
        "station_name": "Кремлевская",
        "line_name": "Центральная",
        "station_id": "49.272",
        "line_id": "49",
        "lat": 55.795206,
        "lng": 49.105426
      },
      {
        "station_name": "Площадь Тукая",
        "line_name": "Центральная",
        "station_id": "49.273",
        "line_id": "49",
        "lat": 55.787163,
        "lng": 49.122126
      },
      {
        "station_name": "Суконная слобода",
        "line_name": "Центральная",
        "station_id": "49.274",
        "line_id": "49",
        "lat": 55.777094,
        "lng": 49.142275
      }
    ],
    "id": "20522122"
  },
  "response_url": null,
  "sort_point_distance": null,
  "published_at": "2025-11-26T14:34:15+06:00",
  "created_at": "2025-11-26T14:34:15+06:00",
  "archived": false,
  "apply_alternate_url": "https://hh.ru/applicant/vacancy_response?vacancyId=128079676",
  "branding": {
    "type": "MAKEUP",
    "tariff": null
  },
  "show_logo_in_search": true,
  "show_contacts": false,
  "insider_interview": null,
  "url": "https://api.hh.ru/vacancies/128079676?host=hh.ru",
  "alternate_url": "https://hh.ru/vacancy/128079676",
  "relations": [],
  "employer": {
    "id": "10103617",
    "name": "АКСЕЛБОЛТ КАЗАХСТАН",
    "url": "https://api.hh.ru/employers/10103617",
    "alternate_url": "https://hh.ru/employer/10103617",
    "logo_urls": {
      "original": "https://img.hhcdn.ru/employer-logo-original-round/6156280.png",
      "90": "https://img.hhcdn.ru/employer-logo-round/6156281.png",
      "240": "https://img.hhcdn.ru/employer-logo-round/6156282.png"
    },
    "vacancies_url": "https://api.hh.ru/vacancies?employer_id=10103617",
    "country_id": 3,
    "accredited_it_employer": false,
    "trusted": true
  },
  "snippet": {
    "requirement": "Глубокие знания Unity и <highlighttext>C#</highlighttext>. Отличное понимание ООП, алгоритмов, структур данных. Опыт оптимизации проектов (CPU, GPU, память, архитектура). ",
    "responsibility": "Оптимизация производительности игровых проектов и внутренних инструментов. Анализ, улучшение и автоматизация процессов разработки. Разработка и поддержка CI/CD-практик, интеграция..."
  },
  "contacts": null,
  "schedule": {
    "id": "remote",
    "name": "Удаленная работа"
  },
  "working_days": [],
  "working_time_intervals": [],
  "working_time_modes": [],
  "accept_temporary": false,
  "fly_in_fly_out_duration": [],
  "work_format": [
    {
      "id": "ON_SITE",
      "name": "На месте работодателя"
    },
    {
      "id": "REMOTE",
      "name": "Удалённо"
    }
  ],
  "working_hours": [
    {
      "id": "HOURS_9",
      "name": "9 часов"
    }
  ],
  "work_schedule_by_days": [
    {
      "id": "FIVE_ON_TWO_OFF",
      "name": "5/2"
    }
  ],
  "night_shifts": false,
  "professional_roles": [
    {
      "id": "96",
      "name": "Программист, разработчик"
    }
  ],
  "accept_incomplete_resumes": false,
  "experience": {
    "id": "moreThan6",
    "name": "Более 6 лет"
  },
  "employment": {
    "id": "full",
    "name": "Полная занятость"
  },
  "employment_form": {
    "id": "FULL",
    "name": "Полная"
  },
  "internship": false,
  "adv_response_url": null,
  "is_adv_vacancy": false,
  "adv_context": null
}