{
  "id": "128068566",
  "premium": false,
  "name": "Ведущий программист-разработчик ПО",
  "department": null,
  "has_test": false,
  "response_letter_required": false,
  "area": {
    "id": "3",
    "name": "Екатеринбург",
    "url": "https://api.hh.ru/areas/3"
  },
  "salary": null,
  "salary_range": null,
  "type": {
    "id": "open",
    "name": "Открытая"
  },
  "address": {
    "city": "Екатеринбург",
    "street": "Первомайская улица",
    "building": "15",
    "lat": 56.842832,
    "lng": 60.615046,
    "description": null,
    "raw": "Екатеринбург, Первомайская улица, 15",
    "metro": {
      "station_name": "Динамо",
      "line_name": "Север-Юг",
      "station_id": "48.265",
      "line_id": "48",
      "lat": 56.847818,
      "lng": 60.599406
    },
    "metro_stations": [
      {
        "station_name": "Динамо",
        "line_name": "Север-Юг",
        "station_id": "48.265",
        "line_id": "48",
        "lat": 56.847818,
        "lng": 60.599406
      },
      {
        "station_name": "Площадь 1905 года",
        "line_name": "Север-Юг",
        "station_id": "48.266",
        "line_id": "48",
        "lat": 56.837982,
        "lng": 60.59734
      }
    ],
    "id": "15964335"
  },
  "response_url": null,
  "sort_point_distance": null,
  "published_at": "2025-12-22T10:49:39+06:00",
  "created_at": "2025-12-22T10:49:39+06:00",
  "archived": false,
  "apply_alternate_url": "https://hh.ru/applicant/vacancy_response?vacancyId=128068566",
  "branding": {
    "type": "CONSTRUCTOR",
    "tariff": "BASIC"
  },
  "show_logo_in_search": true,
  "show_contacts": false,
  "insider_interview": null,
  "url": "https://api.hh.ru/vacancies/128068566?host=hh.ru",
  "alternate_url": "https://hh.ru/vacancy/128068566",
  "relations": [],
  "employer": {
    "id": "11177848",
    "name": "Альтек Проектирование",
    "url": "https://api.hh.ru/employers/11177848",
    "alternate_url": "https://hh.ru/employer/11177848",
    "logo_urls": {
      "original": "https://img.hhcdn.ru/employer-logo-original-round/7065385.jpeg",
      "90": "https://img.hhcdn.ru/employer-logo-round/7065386.jpeg",
      "240": "https://img.hhcdn.ru/employer-logo-round/7065387.jpeg"
    },
    "vacancies_url": "https://api.hh.ru/vacancies?employer_id=11177848",
    "country_id": 1,
    "accredited_it_employer": false,
    "trusted": true
  },
  "snippet": {
    "requirement": "Знание <highlighttext>C#</highlighttext> (Python, Dynamo будет плюсом). Опыт работы с Revit API. Профильное образование в сфере программирования/ строительства.",
    "responsibility": "Исполнение поставленных задач от BIM-координаторов и Руководителя отдела ИМ. Создание, тестирование и исправление средств автоматизации проектирования (плагинов, скриптов, web..."
  },
  "contacts": null,
  "schedule": {
    "id": "fullDay",
    "name": "Полный день"
  },
  "working_days": [],
  "working_time_intervals": [],
  "working_time_modes": [],
  "accept_temporary": false,
  "fly_in_fly_out_duration": [],
  "work_format": [
    {
      "id": "ON_SITE",
      "name": "На месте работодателя"
    },
    {
      "id": "HYBRID",
      "name": "Гибрид"
    }
  ],
  "working_hours": [
    {
      "id": "HOURS_8",
      "name": "8 часов"
    }
  ],
  "work_schedule_by_days": [
    {
      "id": "FIVE_ON_TWO_OFF",
      "name": "5/2"
    }
  ],
  "night_shifts": false,
  "professional_roles": [
    {
      "id": "96",
      "name": "Программист, разработчик"
    }
  ],
  "accept_incomplete_resumes": true,
  "experience": {
    "id": "between1And3",
    "name": "От 1 года до 3 лет"
  },
  "employment": {
    "id": "full",
    "name": "Полная занятость"
  },
  "employment_form": {
    "id": "FULL",
    "name": "Полная"
  },
  "internship": false,
  "adv_response_url": null,
  "is_adv_vacancy": false,
  "adv_context": null
}