{
  "id": "128046917",
  "premium": false,
  "name": ".NET Full-stack Developer",
  "department": null,
  "has_test": false,
  "response_letter_required": false,
  "area": {
    "id": "2758",
    "name": "Тбилиси",
    "url": "https://api.hh.ru/areas/2758"
  },
  "salary": null,
  "salary_range": null,
  "type": {
    "id": "open",
    "name": "Открытая"
  },
  "address": {
    "city": "Тбилиси",
    "street": "2-й спуск Георгия Саакадзе",
    "building": "1A",
    "lat": 41.72534,
    "lng": 44.780532,
    "description": null,
    "raw": "Тбилиси, 2-й спуск Георгия Саакадзе, 1A",
    "metro": null,
    "metro_stations": [],
    "id": "20780827"
  },
  "response_url": null,
  "sort_point_distance": null,
  "published_at": "2025-11-25T15:47:54+06:00",
  "created_at": "2025-11-25T15:47:54+06:00",
  "archived": false,
  "apply_alternate_url": "https://hh.ru/applicant/vacancy_response?vacancyId=128046917",
  "show_logo_in_search": null,
  "show_contacts": false,
  "insider_interview": null,
  "url": "https://api.hh.ru/vacancies/128046917?host=hh.ru",
  "alternate_url": "https://hh.ru/vacancy/128046917",
  "relations": [],
  "employer": {
    "id": "9280477",
    "name": "Software Country (ТОО Балхаш Системс)",
    "url": "https://api.hh.ru/employers/9280477",
    "alternate_url": "https://hh.ru/employer/9280477",
    "logo_urls": {
      "original": "https://img.hhcdn.ru/employer-logo-original-round/5865836.png",
      "90": "https://img.hhcdn.ru/employer-logo-round/5865837.png",
      "240": "https://img.hhcdn.ru/employer-logo-round/5865838.png"
    },
    "vacancies_url": "https://api.hh.ru/vacancies?employer_id=9280477",
    "country_id": 3,
    "accredited_it_employer": false,
    "trusted": true
  },
  "snippet": {
    "requirement": "Will be a plus. Understanding the difference between <highlighttext>.NET</highlighttext> Framework and <highlighttext>.NET</highlighttext> Core and their limitations. A bachelor's degree...",
    "responsibility": "We have 30 years of expertise in designing and building custom software systems. We provide software development services focusing on..."
  },
  "contacts": null,
  "schedule": {
    "id": "fullDay",
    "name": "Полный день"
  },
  "working_days": [],
  "working_time_intervals": [],
  "working_time_modes": [],
  "accept_temporary": false,
  "fly_in_fly_out_duration": [],
  "work_format": [],
  "working_hours": [
    {
      "id": "HOURS_8",
      "name": "8 часов"
    }
  ],
  "work_schedule_by_days": [
    {
      "id": "FIVE_ON_TWO_OFF",
      "name": "5/2"
    }
  ],
  "night_shifts": false,
  "professional_roles": [
    {
      "id": "96",
      "name": "Программист, разработчик"
    }
  ],
  "accept_incomplete_resumes": false,
  "experience": {
    "id": "between3And6",
    "name": "От 3 до 6 лет"
  },
  "employment": {
    "id": "full",
    "name": "Полная занятость"
  },
  "employment_form": {
    "id": "FULL",
    "name": "Полная"
  },
  "internship": false,
  "adv_response_url": null,
  "is_adv_vacancy": false,
  "adv_context": null
}