{
  "id": "128073477",
  "premium": false,
  "name": "Системный аналитик",
  "department": null,
  "has_test": false,
  "response_letter_required": false,
  "area": {
    "id": "1",
    "name": "Москва",
    "url": "https://api.hh.ru/areas/1"
  },
  "salary": null,
  "salary_range": null,
  "type": {
    "id": "open",
    "name": "Открытая"
  },
  "address": {
    "city": "Москва",
    "street": null,
    "building": null,
    "lat": 55.753215,
    "lng": 37.622504,
    "description": null,
    "raw": "Москва",
    "metro": null,
    "metro_stations": [],
    "id": "5327974"
  },
  "response_url": null,
  "sort_point_distance": null,
  "published_at": "2025-11-26T12:48:26+06:00",
  "created_at": "2025-11-26T12:48:26+06:00",
  "archived": false,
  "apply_alternate_url": "https://hh.ru/applicant/vacancy_response?vacancyId=128073477",
  "show_logo_in_search": null,
  "show_contacts": false,
  "insider_interview": null,
  "url": "https://api.hh.ru/vacancies/128073477?host=hh.ru",
  "alternate_url": "https://hh.ru/vacancy/128073477",
  "relations": [],
  "employer": {
    "id": "3144945",
    "name": "Ростелеком Информационные Технологии",
    "url": "https://api.hh.ru/employers/3144945",
    "alternate_url": "https://hh.ru/employer/3144945",
    "logo_urls": {
      "original": "https://img.hhcdn.ru/employer-logo-original-round/2870679.png",
      "90": "https://img.hhcdn.ru/employer-logo-round/2870680.png",
      "240": "https://img.hhcdn.ru/employer-logo-round/2870681.png"
    },
    "vacancies_url": "https://api.hh.ru/vacancies?employer_id=3144945",
    "country_id": 1,
    "accredited_it_employer": false,
    "trusted": true
  },
  "snippet": {
    "requirement": "Знание концепции DocsAsCode и CI\\CD в документации. Опыт разработки Go, Ruby, Python, <highlighttext>C#</highlighttext> или знание другого ЯП.",
    "responsibility": "Сбор, анализ, формализация требований из разных источников - по результатам исследования метрик или неструктурированных требований стейкхолдеров. Управление требованиями в процессе разработки..."
  },
  "contacts": null,
  "schedule": {
    "id": "remote",
    "name": "Удаленная работа"
  },
  "working_days": [],
  "working_time_intervals": [],
  "working_time_modes": [],
  "accept_temporary": false,
  "fly_in_fly_out_duration": [],
  "work_format": [
    {
      "id": "ON_SITE",
      "name": "На месте работодателя"
    },
    {
      "id": "REMOTE",
      "name": "Удалённо"
    },
    {
      "id": "HYBRID",
      "name": "Гибрид"
    }
  ],
  "working_hours": [
    {
      "id": "HOURS_8",
      "name": "8 часов"
    }
  ],
  "work_schedule_by_days": [
    {
      "id": "FIVE_ON_TWO_OFF",
      "name": "5/2"
    }
  ],
  "night_shifts": false,
  "professional_roles": [
    {
      "id": "148",
      "name": "Системный аналитик"
    }
  ],
  "accept_incomplete_resumes": false,
  "experience": {
    "id": "between1And3",
    "name": "От 1 года до 3 лет"
  },
  "employment": {
    "id": "full",
    "name": "Полная занятость"
  },
  "employment_form": {
    "id": "FULL",
    "name": "Полная"
  },
  "internship": false,
  "adv_response_url": null,
  "is_adv_vacancy": false,
  "adv_context": null
}