{
  "id": "128061428",
  "premium": false,
  "name": "Middle Unity Разработчик",
  "department": null,
  "has_test": false,
  "response_letter_required": false,
  "area": {
    "id": "2",
    "name": "Санкт-Петербург",
    "url": "https://api.hh.ru/areas/2"
  },
  "salary": {
    "from": null,
    "to": 120000,
    "currency": "RUR",
    "gross": false
  },
  "salary_range": {
    "from": null,
    "to": 120000,
    "currency": "RUR",
    "gross": false,
    "mode": {
      "id": "MONTH",
      "name": "За месяц"
    },
    "frequency": {
      "id": "MONTHLY",
      "name": "Раз в месяц"
    }
  },
  "type": {
    "id": "open",
    "name": "Открытая"
  },
  "address": {
    "city": "Санкт-Петербург",
    "street": "Гаванская улица",
    "building": "41",
    "lat": 59.935858,
    "lng": 30.238667,
    "description": null,
    "raw": "Санкт-Петербург, Гаванская улица, 41",
    "metro": null,
    "metro_stations": [],
    "id": "6848745"
  },
  "response_url": null,
  "sort_point_distance": null,
  "published_at": "2025-11-25T20:16:13+06:00",
  "created_at": "2025-11-25T20:16:13+06:00",
  "archived": false,
  "apply_alternate_url": "https://hh.ru/applicant/vacancy_response?vacancyId=128061428",
  "show_logo_in_search": null,
  "show_contacts": false,
  "insider_interview": null,
  "url": "https://api.hh.ru/vacancies/128061428?host=hh.ru",
  "alternate_url": "https://hh.ru/vacancy/128061428",
  "relations": [],
  "employer": {
    "id": "4998307",
    "name": "Нот Фаунд Геймс",
    "url": "https://api.hh.ru/employers/4998307",
    "alternate_url": "https://hh.ru/employer/4998307",
    "logo_urls": {
      "original": "https://img.hhcdn.ru/employer-logo-original-round/4193786.png",
      "90": "https://img.hhcdn.ru/employer-logo-round/4193788.png",
      "240": "https://img.hhcdn.ru/employer-logo-round/4193789.png"
    },
    "vacancies_url": "https://api.hh.ru/vacancies?employer_id=4998307",
    "country_id": 1,
    "accredited_it_employer": false,
    "trusted": true
  },
  "snippet": {
    "requirement": "имеешь коммерческий опыт разработки на Unity от 1.5 лет. - владеешь навыком написания чистого кода. - знаешь и применяешь ООП, SOLID...",
    "responsibility": "уверенно используешь системы контроля версий и инструменты для автоматизации сборки. - знаком с различными SDK для разнообразных платформ. - углубленная работа со..."
  },
  "contacts": null,
  "schedule": {
    "id": "fullDay",
    "name": "Полный день"
  },
  "working_days": [],
  "working_time_intervals": [],
  "working_time_modes": [],
  "accept_temporary": false,
  "fly_in_fly_out_duration": [],
  "work_format": [
    {
      "id": "ON_SITE",
      "name": "На месте работодателя"
    }
  ],
  "working_hours": [
    {
      "id": "HOURS_8",
      "name": "8 часов"
    }
  ],
  "work_schedule_by_days": [
    {
      "id": "FIVE_ON_TWO_OFF",
      "name": "5/2"
    }
  ],
  "night_shifts": false,
  "professional_roles": [
    {
      "id": "96",
      "name": "Программист, разработчик"
    }
  ],
  "accept_incomplete_resumes": false,
  "experience": {
    "id": "between1And3",
    "name": "От 1 года до 3 лет"
  },
  "employment": {
    "id": "full",
    "name": "Полная занятость"
  },
  "employment_form": {
    "id": "FULL",
    "name": "Полная"
  },
  "internship": false,
  "adv_response_url": null,
  "is_adv_vacancy": false,
  "adv_context": null
}