{
  "id": "128017037",
  "premium": false,
  "name": "Эксперт отдела информационных систем",
  "department": null,
  "has_test": false,
  "response_letter_required": false,
  "area": {
    "id": "1",
    "name": "Москва",
    "url": "https://api.hh.ru/areas/1"
  },
  "salary": null,
  "salary_range": null,
  "type": {
    "id": "open",
    "name": "Открытая"
  },
  "address": {
    "city": "Москва",
    "street": "Херсонская улица",
    "building": "43к3",
    "lat": 55.656809,
    "lng": 37.557763,
    "description": null,
    "raw": "Москва, Херсонская улица, 43к3",
    "metro": null,
    "metro_stations": [],
    "id": "16636793"
  },
  "response_url": null,
  "sort_point_distance": null,
  "published_at": "2025-11-24T20:07:35+06:00",
  "created_at": "2025-11-24T20:07:35+06:00",
  "archived": false,
  "apply_alternate_url": "https://hh.ru/applicant/vacancy_response?vacancyId=128017037",
  "show_logo_in_search": null,
  "show_contacts": false,
  "insider_interview": null,
  "url": "https://api.hh.ru/vacancies/128017037?host=hh.ru",
  "alternate_url": "https://hh.ru/vacancy/128017037",
  "relations": [],
  "employer": {
    "id": "2095648",
    "name": "ТЭК Информ",
    "url": "https://api.hh.ru/employers/2095648",
    "alternate_url": "https://hh.ru/employer/2095648",
    "logo_urls": {
      "original": "https://img.hhcdn.ru/employer-logo-original-round/3129895.png",
      "90": "https://img.hhcdn.ru/employer-logo-round/3129896.png",
      "240": "https://img.hhcdn.ru/employer-logo-round/3129897.png"
    },
    "vacancies_url": "https://api.hh.ru/vacancies?employer_id=2095648",
    "country_id": 1,
    "accredited_it_employer": true,
    "trusted": true
  },
  "snippet": {
    "requirement": "Высшее техническое образование. Опыт работы с <highlighttext>C#</highlighttext>, ASP.NET Core MVC/Pages, EntityFramework. PostgreSQL, Oracle PL/SQL, JavaScript/jQuery, CSS, HTML.",
    "responsibility": "Поддержка текущих веб проектов (<highlighttext>C#</highlighttext>. ASP.NET Web Forms. ASP.NET MVC, ASP.NET Core, PostgreSQL/Oracle, JavaScript/jQuery, HTML, CSS ) и приложений..."
  },
  "contacts": null,
  "schedule": {
    "id": "fullDay",
    "name": "Полный день"
  },
  "working_days": [],
  "working_time_intervals": [],
  "working_time_modes": [],
  "accept_temporary": false,
  "fly_in_fly_out_duration": [],
  "work_format": [],
  "working_hours": [
    {
      "id": "HOURS_8",
      "name": "8 часов"
    }
  ],
  "work_schedule_by_days": [
    {
      "id": "FIVE_ON_TWO_OFF",
      "name": "5/2"
    }
  ],
  "night_shifts": false,
  "professional_roles": [
    {
      "id": "96",
      "name": "Программист, разработчик"
    }
  ],
  "accept_incomplete_resumes": false,
  "experience": {
    "id": "between3And6",
    "name": "От 3 до 6 лет"
  },
  "employment": {
    "id": "full",
    "name": "Полная занятость"
  },
  "employment_form": {
    "id": "FULL",
    "name": "Полная"
  },
  "internship": false,
  "adv_response_url": null,
  "is_adv_vacancy": false,
  "adv_context": null
}