{
  "id": "128057797",
  "premium": false,
  "name": "Ведущий инженер-программист микроконтроллеров отдела разработки измерительных приборов",
  "department": null,
  "has_test": false,
  "response_letter_required": false,
  "area": {
    "id": "1",
    "name": "Москва",
    "url": "https://api.hh.ru/areas/1"
  },
  "salary": {
    "from": 150000,
    "to": 220000,
    "currency": "RUR",
    "gross": false
  },
  "salary_range": {
    "from": 150000,
    "to": 220000,
    "currency": "RUR",
    "gross": false,
    "mode": {
      "id": "MONTH",
      "name": "За месяц"
    },
    "frequency": {
      "id": "TWICE_PER_MONTH",
      "name": "Два раза в месяц"
    }
  },
  "type": {
    "id": "open",
    "name": "Открытая"
  },
  "address": {
    "city": null,
    "street": null,
    "building": null,
    "lat": null,
    "lng": null,
    "description": null,
    "raw": null,
    "metro": {
      "station_name": "Мякинино",
      "line_name": "Арбатско-Покровская",
      "station_id": "3.181",
      "line_id": "3",
      "lat": 55.823342,
      "lng": 37.385214
    },
    "metro_stations": [
      {
        "station_name": "Мякинино",
        "line_name": "Арбатско-Покровская",
        "station_id": "3.181",
        "line_id": "3",
        "lat": 55.823342,
        "lng": 37.385214
      }
    ],
    "id": "18595354"
  },
  "response_url": null,
  "sort_point_distance": null,
  "published_at": "2025-11-25T19:00:34+06:00",
  "created_at": "2025-11-25T19:00:34+06:00",
  "archived": false,
  "apply_alternate_url": "https://hh.ru/applicant/vacancy_response?vacancyId=128057797",
  "show_contacts": true,
  "insider_interview": null,
  "url": "https://api.hh.ru/vacancies/128057797?host=hh.ru",
  "alternate_url": "https://hh.ru/vacancy/128057797",
  "relations": [],
  "employer": {
    "id": "3078839",
    "name": "Авантика",
    "url": "https://api.hh.ru/employers/3078839",
    "alternate_url": "https://hh.ru/employer/3078839",
    "logo_urls": null,
    "vacancies_url": "https://api.hh.ru/vacancies?employer_id=3078839",
    "country_id": 1,
    "accredited_it_employer": false,
    "trusted": true
  },
  "snippet": {
    "requirement": "Имеете высшее техническое Образование (или старшие курсы). Работали на должности со схожими обязанностями. Знаете основы аналоговой и цифровой схемотехники. ",
    "responsibility": "Разработка защиты ПО от несанкционированного копирования. Разработка сервисного ПО (Qt, <highlighttext>C#</highlighttext> и т.д.). Внедрение системы контроля версий GIT. "
  },
  "contacts": null,
  "schedule": {
    "id": "fullDay",
    "name": "Полный день"
  },
  "working_days": [],
  "working_time_intervals": [],
  "working_time_modes": [],
  "accept_temporary": false,
  "fly_in_fly_out_duration": [],
  "work_format": [
    {
      "id": "ON_SITE",
      "name": "На месте работодателя"
    },
    {
      "id": "HYBRID",
      "name": "Гибрид"
    }
  ],
  "working_hours": [
    {
      "id": "HOURS_8",
      "name": "8 часов"
    }
  ],
  "work_schedule_by_days": [
    {
      "id": "FIVE_ON_TWO_OFF",
      "name": "5/2"
    }
  ],
  "night_shifts": false,
  "professional_roles": [
    {
      "id": "96",
      "name": "Программист, разработчик"
    }
  ],
  "accept_incomplete_resumes": false,
  "experience": {
    "id": "between3And6",
    "name": "От 3 до 6 лет"
  },
  "employment": {
    "id": "full",
    "name": "Полная занятость"
  },
  "employment_form": {
    "id": "FULL",
    "name": "Полная"
  },
  "internship": false,
  "adv_response_url": null,
  "is_adv_vacancy": false,
  "adv_context": null
}