{
  "id": "128078169",
  "premium": false,
  "name": "C#/.NET-разработчик",
  "department": {
    "id": "11580-11580-it",
    "name": "Фармстандарт. ИТ"
  },
  "has_test": false,
  "response_letter_required": false,
  "area": {
    "id": "1",
    "name": "Москва",
    "url": "https://api.hh.ru/areas/1"
  },
  "salary": null,
  "salary_range": null,
  "type": {
    "id": "open",
    "name": "Открытая"
  },
  "address": null,
  "response_url": null,
  "sort_point_distance": null,
  "published_at": "2025-11-26T14:07:11+06:00",
  "created_at": "2025-11-26T14:07:11+06:00",
  "archived": false,
  "apply_alternate_url": "https://hh.ru/applicant/vacancy_response?vacancyId=128078169",
  "show_logo_in_search": null,
  "show_contacts": true,
  "insider_interview": null,
  "url": "https://api.hh.ru/vacancies/128078169?host=hh.ru",
  "alternate_url": "https://hh.ru/vacancy/128078169",
  "relations": [],
  "employer": {
    "id": "11580",
    "name": "Фармстандарт",
    "url": "https://api.hh.ru/employers/11580",
    "alternate_url": "https://hh.ru/employer/11580",
    "logo_urls": {
      "original": "https://img.hhcdn.ru/employer-logo-original/1402786.png",
      "90": "https://img.hhcdn.ru/employer-logo/7230816.png",
      "240": "https://img.hhcdn.ru/employer-logo/7230817.png"
    },
    "vacancies_url": "https://api.hh.ru/vacancies?employer_id=11580",
    "country_id": 1,
    "accredited_it_employer": false,
    "trusted": true
  },
  "snippet": {
    "requirement": "От 3 лет в коммерческой разработке. Уверенное владение <highlighttext>C#</highlighttext> и <highlighttext>.NET</highlighttext>, Delphi. Опыт работы с Firebird и PostgreSQL. ",
    "responsibility": "Разработка новых и сопровождение существующих проектов. Участие в проектировании архитектуры сервисов. Работа в команде разработки под руководством системного архитектора."
  },
  "contacts": null,
  "schedule": {
    "id": "remote",
    "name": "Удаленная работа"
  },
  "working_days": [],
  "working_time_intervals": [],
  "working_time_modes": [],
  "accept_temporary": false,
  "fly_in_fly_out_duration": [],
  "work_format": [
    {
      "id": "REMOTE",
      "name": "Удалённо"
    }
  ],
  "working_hours": [
    {
      "id": "HOURS_8",
      "name": "8 часов"
    }
  ],
  "work_schedule_by_days": [
    {
      "id": "FIVE_ON_TWO_OFF",
      "name": "5/2"
    }
  ],
  "night_shifts": false,
  "professional_roles": [
    {
      "id": "96",
      "name": "Программист, разработчик"
    }
  ],
  "accept_incomplete_resumes": false,
  "experience": {
    "id": "between1And3",
    "name": "От 1 года до 3 лет"
  },
  "employment": {
    "id": "full",
    "name": "Полная занятость"
  },
  "employment_form": {
    "id": "FULL",
    "name": "Полная"
  },
  "internship": false,
  "adv_response_url": null,
  "is_adv_vacancy": false,
  "adv_context": null
}