{
  "id": "128044808",
  "premium": false,
  "name": "Преподаватель ИТ дисциплин",
  "department": null,
  "has_test": false,
  "response_letter_required": false,
  "area": {
    "id": "1",
    "name": "Москва",
    "url": "https://api.hh.ru/areas/1"
  },
  "salary": null,
  "salary_range": null,
  "type": {
    "id": "open",
    "name": "Открытая"
  },
  "address": {
    "city": "Москва",
    "street": "Мосфильмовская улица",
    "building": "35",
    "lat": 55.712066,
    "lng": 37.51079,
    "description": null,
    "raw": "Москва, Мосфильмовская улица, 35",
    "metro": {
      "station_name": "Ломоносовский проспект",
      "line_name": "Солнцевская",
      "station_id": "133.556",
      "line_id": "133",
      "lat": 55.7055,
      "lng": 37.5225
    },
    "metro_stations": [
      {
        "station_name": "Ломоносовский проспект",
        "line_name": "Солнцевская",
        "station_id": "133.556",
        "line_id": "133",
        "lat": 55.7055,
        "lng": 37.5225
      }
    ],
    "id": "14353689"
  },
  "response_url": null,
  "sort_point_distance": null,
  "published_at": "2025-12-22T15:15:42+06:00",
  "created_at": "2025-12-22T15:15:42+06:00",
  "archived": false,
  "apply_alternate_url": "https://hh.ru/applicant/vacancy_response?vacancyId=128044808",
  "show_logo_in_search": null,
  "show_contacts": false,
  "insider_interview": null,
  "url": "https://api.hh.ru/vacancies/128044808?host=hh.ru",
  "alternate_url": "https://hh.ru/vacancy/128044808",
  "relations": [],
  "employer": {
    "id": "10267285",
    "name": "АНО ПО Колледж Мировой Экономики и Передовых Технологий (КМЭПТ)",
    "url": "https://api.hh.ru/employers/10267285",
    "alternate_url": "https://hh.ru/employer/10267285",
    "logo_urls": {
      "original": "https://img.hhcdn.ru/employer-logo-original-round/6633496.png",
      "90": "https://img.hhcdn.ru/employer-logo-round/6633497.png",
      "240": "https://img.hhcdn.ru/employer-logo-round/6633498.png"
    },
    "vacancies_url": "https://api.hh.ru/vacancies?employer_id=10267285",
    "country_id": 1,
    "accredited_it_employer": false,
    "trusted": true
  },
  "snippet": {
    "requirement": "Профессиональные навыки в одном или нескольких современных языках программирования (приоритет: Python, <highlighttext>C#</highlighttext>). Опыт в разработке приложений с формами, валидацией полей...",
    "responsibility": "Ведение теоретических, практических занятий с обучающимися, проведение промежуточной аттестации по дисциплине \"Виртуальная реальность\" или \"Язык программирования <highlighttext>C#</highlighttext>\". Подготовка так же..."
  },
  "contacts": null,
  "schedule": {
    "id": "flexible",
    "name": "Гибкий график"
  },
  "working_days": [],
  "working_time_intervals": [],
  "working_time_modes": [],
  "accept_temporary": false,
  "fly_in_fly_out_duration": [],
  "work_format": [
    {
      "id": "HYBRID",
      "name": "Гибрид"
    }
  ],
  "working_hours": [
    {
      "id": "FLEXIBLE",
      "name": "По договорённости"
    }
  ],
  "work_schedule_by_days": [
    {
      "id": "OTHER",
      "name": "Другое"
    }
  ],
  "night_shifts": false,
  "professional_roles": [
    {
      "id": "132",
      "name": "Учитель, преподаватель, педагог"
    }
  ],
  "accept_incomplete_resumes": false,
  "experience": {
    "id": "between1And3",
    "name": "От 1 года до 3 лет"
  },
  "employment": {
    "id": "part",
    "name": "Частичная занятость"
  },
  "employment_form": {
    "id": "PART",
    "name": "Частичная"
  },
  "internship": false,
  "adv_response_url": null,
  "is_adv_vacancy": false,
  "adv_context": null
}