{
  "id": "128013172",
  "premium": false,
  "name": "Senior Backend/Fullstack .NET Developer",
  "department": null,
  "has_test": false,
  "response_letter_required": false,
  "area": {
    "id": "1",
    "name": "Москва",
    "url": "https://api.hh.ru/areas/1"
  },
  "salary": {
    "from": 160000,
    "to": 220000,
    "currency": "RUR",
    "gross": false
  },
  "salary_range": {
    "from": 160000,
    "to": 220000,
    "currency": "RUR",
    "gross": false,
    "mode": {
      "id": "MONTH",
      "name": "За месяц"
    },
    "frequency": {
      "id": "MONTHLY",
      "name": "Раз в месяц"
    }
  },
  "type": {
    "id": "open",
    "name": "Открытая"
  },
  "address": null,
  "response_url": null,
  "sort_point_distance": null,
  "published_at": "2025-11-24T19:12:23+06:00",
  "created_at": "2025-11-24T19:12:23+06:00",
  "archived": false,
  "apply_alternate_url": "https://hh.ru/applicant/vacancy_response?vacancyId=128013172",
  "show_contacts": true,
  "insider_interview": null,
  "url": "https://api.hh.ru/vacancies/128013172?host=hh.ru",
  "alternate_url": "https://hh.ru/vacancy/128013172",
  "relations": [],
  "employer": {
    "id": "12111257",
    "name": "Леонова Татьяна Александровна",
    "url": "https://api.hh.ru/employers/12111257",
    "alternate_url": "https://hh.ru/employer/12111257",
    "logo_urls": null,
    "vacancies_url": "https://api.hh.ru/vacancies?employer_id=12111257",
    "country_id": 1,
    "accredited_it_employer": false,
    "trusted": true
  },
  "snippet": {
    "requirement": "Может взять техническое направление в свои руки. Самостоятельен и умеет предлагать решения. Готов работать на быстром темпе (3 месяца → MVP). ",
    "responsibility": "Разработка backend-сервисов на ASP.NET Core. Работа с базами данных (MsSQL / PostgreSQL / MySQL). Интеграции с игровыми API. Работа с брокерами..."
  },
  "contacts": null,
  "schedule": {
    "id": "remote",
    "name": "Удаленная работа"
  },
  "working_days": [],
  "working_time_intervals": [],
  "working_time_modes": [],
  "accept_temporary": true,
  "fly_in_fly_out_duration": [],
  "work_format": [
    {
      "id": "REMOTE",
      "name": "Удалённо"
    },
    {
      "id": "HYBRID",
      "name": "Гибрид"
    }
  ],
  "working_hours": [
    {
      "id": "HOURS_8",
      "name": "8 часов"
    }
  ],
  "work_schedule_by_days": [
    {
      "id": "FLEXIBLE",
      "name": "Свободный"
    }
  ],
  "night_shifts": false,
  "professional_roles": [
    {
      "id": "96",
      "name": "Программист, разработчик"
    }
  ],
  "accept_incomplete_resumes": false,
  "experience": {
    "id": "between3And6",
    "name": "От 3 до 6 лет"
  },
  "employment": {
    "id": "full",
    "name": "Полная занятость"
  },
  "employment_form": {
    "id": "FULL",
    "name": "Полная"
  },
  "internship": false,
  "adv_response_url": null,
  "is_adv_vacancy": false,
  "adv_context": null
}