{
  "id": "128042611",
  "premium": false,
  "name": "Руководитель группы разработки C#, Логистика, Учетная интеграция и претензионная работа",
  "department": {
    "id": "ozonru-2180-dev",
    "name": "Ozon Tech"
  },
  "has_test": false,
  "response_letter_required": false,
  "area": {
    "id": "1",
    "name": "Москва",
    "url": "https://api.hh.ru/areas/1"
  },
  "salary": null,
  "salary_range": null,
  "type": {
    "id": "open",
    "name": "Открытая"
  },
  "address": null,
  "response_url": null,
  "sort_point_distance": null,
  "published_at": "2025-11-25T14:42:30+06:00",
  "created_at": "2025-11-25T14:42:30+06:00",
  "archived": false,
  "apply_alternate_url": "https://hh.ru/applicant/vacancy_response?vacancyId=128042611",
  "branding": {
    "type": "MAKEUP",
    "tariff": null
  },
  "show_logo_in_search": true,
  "show_contacts": false,
  "insider_interview": null,
  "url": "https://api.hh.ru/vacancies/128042611?host=hh.ru",
  "alternate_url": "https://hh.ru/vacancy/128042611",
  "relations": [],
  "employer": {
    "id": "2180",
    "name": "Ozon",
    "url": "https://api.hh.ru/employers/2180",
    "alternate_url": "https://hh.ru/employer/2180",
    "logo_urls": {
      "original": "https://img.hhcdn.ru/employer-logo-original-round/5899116.png",
      "90": "https://img.hhcdn.ru/employer-logo-round/5899117.png",
      "240": "https://img.hhcdn.ru/employer-logo-round/5899118.png"
    },
    "vacancies_url": "https://api.hh.ru/vacancies?employer_id=2180",
    "country_id": 1,
    "accredited_it_employer": true,
    "trusted": true
  },
  "snippet": {
    "requirement": "Опыт разработки на <highlighttext>.net</highlighttext> core от 6ти лет. Опыт работы с базами данных (желательно PostgreSQL). Опыт руководства командой от...",
    "responsibility": "Управлять командой разработки, участвовать в найме и обучении, выстраивать процессы внутри команды. Общаться с заказчиками внутри компании, собирать требования. "
  },
  "contacts": null,
  "schedule": {
    "id": "fullDay",
    "name": "Полный день"
  },
  "working_days": [],
  "working_time_intervals": [],
  "working_time_modes": [],
  "accept_temporary": false,
  "fly_in_fly_out_duration": [],
  "work_format": [],
  "working_hours": [
    {
      "id": "HOURS_8",
      "name": "8 часов"
    }
  ],
  "work_schedule_by_days": [
    {
      "id": "FIVE_ON_TWO_OFF",
      "name": "5/2"
    }
  ],
  "night_shifts": false,
  "professional_roles": [
    {
      "id": "104",
      "name": "Руководитель группы разработки"
    }
  ],
  "accept_incomplete_resumes": false,
  "experience": {
    "id": "moreThan6",
    "name": "Более 6 лет"
  },
  "employment": {
    "id": "full",
    "name": "Полная занятость"
  },
  "employment_form": {
    "id": "FULL",
    "name": "Полная"
  },
  "internship": false,
  "adv_response_url": null,
  "is_adv_vacancy": false,
  "adv_context": null
}