{
  "id": "128060330",
  "premium": false,
  "name": "Fullstack Typescript разработчик",
  "department": null,
  "has_test": false,
  "response_letter_required": false,
  "area": {
    "id": "1",
    "name": "Москва",
    "url": "https://api.hh.ru/areas/1"
  },
  "salary": null,
  "salary_range": null,
  "type": {
    "id": "open",
    "name": "Открытая"
  },
  "address": {
    "city": "Москва",
    "street": "3-я Песчаная улица",
    "building": "2А",
    "lat": 55.791769,
    "lng": 37.517006,
    "description": null,
    "raw": "Москва, 3-я Песчаная улица, 2А",
    "metro": {
      "station_name": "Зорге",
      "line_name": "МЦК",
      "station_id": "95.540",
      "line_id": "95",
      "lat": 55.787778,
      "lng": 37.504444
    },
    "metro_stations": [
      {
        "station_name": "Зорге",
        "line_name": "МЦК",
        "station_id": "95.540",
        "line_id": "95",
        "lat": 55.787778,
        "lng": 37.504444
      },
      {
        "station_name": "Полежаевская",
        "line_name": "Таганско-Краснопресненская",
        "station_id": "7.114",
        "line_id": "7",
        "lat": 55.777201,
        "lng": 37.517895
      },
      {
        "station_name": "ЦСКА",
        "line_name": "Большая кольцевая линия",
        "station_id": "97.600",
        "line_id": "97",
        "lat": 55.78643,
        "lng": 37.53502
      }
    ],
    "id": "1708321"
  },
  "response_url": null,
  "sort_point_distance": null,
  "published_at": "2025-12-24T17:56:11+06:00",
  "created_at": "2025-12-24T17:56:11+06:00",
  "archived": false,
  "apply_alternate_url": "https://hh.ru/applicant/vacancy_response?vacancyId=128060330",
  "branding": {
    "type": "MAKEUP",
    "tariff": null
  },
  "show_logo_in_search": true,
  "show_contacts": false,
  "insider_interview": null,
  "url": "https://api.hh.ru/vacancies/128060330?host=hh.ru",
  "alternate_url": "https://hh.ru/vacancy/128060330",
  "relations": [],
  "employer": {
    "id": "2163044",
    "name": "Транснефть-Технологии",
    "url": "https://api.hh.ru/employers/2163044",
    "alternate_url": "https://hh.ru/employer/2163044",
    "logo_urls": {
      "original": "https://img.hhcdn.ru/employer-logo-original-round/5703883.png",
      "90": "https://img.hhcdn.ru/employer-logo-round/5703884.png",
      "240": "https://img.hhcdn.ru/employer-logo-round/5703885.png"
    },
    "vacancies_url": "https://api.hh.ru/vacancies?employer_id=2163044",
    "country_id": 1,
    "accredited_it_employer": true,
    "trusted": true
  },
  "snippet": {
    "requirement": "Опыт разработки на <highlighttext>.Net</highlighttext> (ООП, Шаблоны проектирования, алгоритмы и структуры данных) – как преимущество. Знание основных принципов DML SQL, LINQ <highlighttext>.Net</highlighttext>.. ",
    "responsibility": "Доработка существующего кода системы, исправление багов. Участие в код-ревью. Участие в разработке функциональных требований/технических заданий/требований на создание..."
  },
  "contacts": null,
  "schedule": {
    "id": "remote",
    "name": "Удаленная работа"
  },
  "working_days": [],
  "working_time_intervals": [],
  "working_time_modes": [],
  "accept_temporary": false,
  "fly_in_fly_out_duration": [],
  "work_format": [
    {
      "id": "REMOTE",
      "name": "Удалённо"
    },
    {
      "id": "HYBRID",
      "name": "Гибрид"
    }
  ],
  "working_hours": [
    {
      "id": "HOURS_8",
      "name": "8 часов"
    }
  ],
  "work_schedule_by_days": [
    {
      "id": "FIVE_ON_TWO_OFF",
      "name": "5/2"
    }
  ],
  "night_shifts": false,
  "professional_roles": [
    {
      "id": "96",
      "name": "Программист, разработчик"
    }
  ],
  "accept_incomplete_resumes": false,
  "experience": {
    "id": "between3And6",
    "name": "От 3 до 6 лет"
  },
  "employment": {
    "id": "full",
    "name": "Полная занятость"
  },
  "employment_form": {
    "id": "FULL",
    "name": "Полная"
  },
  "internship": false,
  "adv_response_url": null,
  "is_adv_vacancy": false,
  "adv_context": null
}