{
  "id": "128198970",
  "premium": false,
  "name": "Программист",
  "department": null,
  "has_test": false,
  "response_letter_required": false,
  "area": {
    "id": "2",
    "name": "Санкт-Петербург",
    "url": "https://api.hh.ru/areas/2"
  },
  "salary": {
    "from": 272000,
    "to": 302000,
    "currency": "RUR",
    "gross": true
  },
  "salary_range": {
    "from": 272000,
    "to": 302000,
    "currency": "RUR",
    "gross": true,
    "mode": {
      "id": "MONTH",
      "name": "За месяц"
    },
    "frequency": {
      "id": "TWICE_PER_MONTH",
      "name": "Два раза в месяц"
    }
  },
  "type": {
    "id": "open",
    "name": "Открытая"
  },
  "address": {
    "city": "Санкт-Петербург",
    "street": "Свердловская набережная",
    "building": "44Ю",
    "lat": 59.961224,
    "lng": 30.402052,
    "description": null,
    "raw": "Санкт-Петербург, Свердловская набережная, 44Ю",
    "metro": {
      "station_name": "Лесная",
      "line_name": "Кировско-Выборгская",
      "station_id": "14.195",
      "line_id": "14",
      "lat": 59.984947,
      "lng": 30.344259
    },
    "metro_stations": [
      {
        "station_name": "Лесная",
        "line_name": "Кировско-Выборгская",
        "station_id": "14.195",
        "line_id": "14",
        "lat": 59.984947,
        "lng": 30.344259
      },
      {
        "station_name": "Новочеркасская",
        "line_name": "Лахтинско-Правобережная",
        "station_id": "17.241",
        "line_id": "17",
        "lat": 59.929092,
        "lng": 30.411915
      },
      {
        "station_name": "Площадь Ленина",
        "line_name": "Кировско-Выборгская",
        "station_id": "14.197",
        "line_id": "14",
        "lat": 59.955611,
        "lng": 30.35605
      },
      {
        "station_name": "Чернышевская",
        "line_name": "Кировско-Выборгская",
        "station_id": "14.198",
        "line_id": "14",
        "lat": 59.94453,
        "lng": 30.359919
      }
    ],
    "id": "19590158"
  },
  "response_url": null,
  "sort_point_distance": null,
  "published_at": "2025-11-28T21:51:14+06:00",
  "created_at": "2025-11-28T21:51:14+06:00",
  "archived": false,
  "apply_alternate_url": "https://hh.ru/applicant/vacancy_response?vacancyId=128198970",
  "branding": {
    "type": "MAKEUP",
    "tariff": null
  },
  "show_logo_in_search": true,
  "show_contacts": false,
  "insider_interview": null,
  "url": "https://api.hh.ru/vacancies/128198970?host=hh.ru",
  "alternate_url": "https://hh.ru/vacancy/128198970",
  "relations": [],
  "employer": {
    "id": "61826",
    "name": "REDMOND",
    "url": "https://api.hh.ru/employers/61826",
    "alternate_url": "https://hh.ru/employer/61826",
    "logo_urls": {
      "original": "https://img.hhcdn.ru/employer-logo-original/1411653.png",
      "90": "https://img.hhcdn.ru/employer-logo/7266272.png",
      "240": "https://img.hhcdn.ru/employer-logo/7266273.png"
    },
    "vacancies_url": "https://api.hh.ru/vacancies?employer_id=61826",
    "country_id": 1,
    "accredited_it_employer": false,
    "trusted": true
  },
  "snippet": {
    "requirement": "Высшее техническое образование. Стаж программирования на языках <highlighttext>С#</highlighttext>, GoLang, JS (ESNext)/vue/react - от 1 года. Использование современной верстки (html...",
    "responsibility": "Доработка информационных систем на платформах <highlighttext>.Net</highlighttext>, Go по техническим заданиям (работа в паре с аналитиком). Предметная область системы класса: ServiceDesк..."
  },
  "contacts": null,
  "schedule": {
    "id": "fullDay",
    "name": "Полный день"
  },
  "working_days": [],
  "working_time_intervals": [],
  "working_time_modes": [],
  "accept_temporary": false,
  "fly_in_fly_out_duration": [],
  "work_format": [
    {
      "id": "ON_SITE",
      "name": "На месте работодателя"
    },
    {
      "id": "HYBRID",
      "name": "Гибрид"
    }
  ],
  "working_hours": [
    {
      "id": "HOURS_8",
      "name": "8 часов"
    }
  ],
  "work_schedule_by_days": [
    {
      "id": "FIVE_ON_TWO_OFF",
      "name": "5/2"
    }
  ],
  "night_shifts": false,
  "professional_roles": [
    {
      "id": "96",
      "name": "Программист, разработчик"
    }
  ],
  "accept_incomplete_resumes": false,
  "experience": {
    "id": "between1And3",
    "name": "От 1 года до 3 лет"
  },
  "employment": {
    "id": "full",
    "name": "Полная занятость"
  },
  "employment_form": {
    "id": "FULL",
    "name": "Полная"
  },
  "internship": false,
  "adv_response_url": null,
  "is_adv_vacancy": false,
  "adv_context": null
}