{
  "id": "128134308",
  "premium": false,
  "name": "Middle C# .Net Developer",
  "department": null,
  "has_test": false,
  "response_letter_required": false,
  "area": {
    "id": "1",
    "name": "Москва",
    "url": "https://api.hh.ru/areas/1"
  },
  "salary": {
    "from": 150000,
    "to": 210000,
    "currency": "RUR",
    "gross": false
  },
  "salary_range": {
    "from": 150000,
    "to": 210000,
    "currency": "RUR",
    "gross": false,
    "mode": {
      "id": "MONTH",
      "name": "За месяц"
    },
    "frequency": {
      "id": "TWICE_PER_MONTH",
      "name": "Два раза в месяц"
    }
  },
  "type": {
    "id": "open",
    "name": "Открытая"
  },
  "address": {
    "city": "Москва",
    "street": "Верейская улица",
    "building": "29с134",
    "lat": 55.709449,
    "lng": 37.442311,
    "description": null,
    "raw": "Москва, Верейская улица, 29с134",
    "metro": {
      "station_name": "Аминьевская",
      "line_name": "Большая кольцевая линия",
      "station_id": "97.812",
      "line_id": "97",
      "lat": 55.697222,
      "lng": 37.464167
    },
    "metro_stations": [
      {
        "station_name": "Аминьевская",
        "line_name": "Большая кольцевая линия",
        "station_id": "97.812",
        "line_id": "97",
        "lat": 55.697222,
        "lng": 37.464167
      },
      {
        "station_name": "Аминьевская",
        "line_name": "МЦД-4",
        "station_id": "136.902",
        "line_id": "136",
        "lat": 55.699444,
        "lng": 37.468056
      },
      {
        "station_name": "Давыдково",
        "line_name": "Большая кольцевая линия",
        "station_id": "97.811",
        "line_id": "97",
        "lat": 55.715278,
        "lng": 37.451667
      },
      {
        "station_name": "Кунцевская",
        "line_name": "Большая кольцевая линия",
        "station_id": "97.810",
        "line_id": "97",
        "lat": 55.730278,
        "lng": 37.445833
      }
    ],
    "id": "20820224"
  },
  "response_url": null,
  "sort_point_distance": null,
  "published_at": "2025-12-24T16:22:26+06:00",
  "created_at": "2025-12-24T16:22:26+06:00",
  "archived": false,
  "apply_alternate_url": "https://hh.ru/applicant/vacancy_response?vacancyId=128134308",
  "show_logo_in_search": null,
  "show_contacts": true,
  "insider_interview": null,
  "url": "https://api.hh.ru/vacancies/128134308?host=hh.ru",
  "alternate_url": "https://hh.ru/vacancy/128134308",
  "relations": [],
  "employer": {
    "id": "3551",
    "name": "Ювенко",
    "url": "https://api.hh.ru/employers/3551",
    "alternate_url": "https://hh.ru/employer/3551",
    "logo_urls": {
      "original": "https://img.hhcdn.ru/employer-logo-original-round/2724232.png",
      "90": "https://img.hhcdn.ru/employer-logo-round/2724233.png",
      "240": "https://img.hhcdn.ru/employer-logo-round/2724234.png"
    },
    "vacancies_url": "https://api.hh.ru/vacancies?employer_id=3551",
    "country_id": 1,
    "accredited_it_employer": false,
    "trusted": true
  },
  "snippet": {
    "requirement": "Хорошее знание <highlighttext>C#</highlighttext> (MVC, <highlighttext>.NET</highlighttext> 8.0), 3+ года опыта. ASP.NET Core 8.0 - разработка Web API и микросервисов. ",
    "responsibility": "Реализация нового проекта по телеметрии и дальнейшее поддержание системы."
  },
  "contacts": null,
  "schedule": {
    "id": "fullDay",
    "name": "Полный день"
  },
  "working_days": [],
  "working_time_intervals": [],
  "working_time_modes": [],
  "accept_temporary": false,
  "fly_in_fly_out_duration": [],
  "work_format": [
    {
      "id": "HYBRID",
      "name": "Гибрид"
    }
  ],
  "working_hours": [
    {
      "id": "HOURS_8",
      "name": "8 часов"
    }
  ],
  "work_schedule_by_days": [
    {
      "id": "FIVE_ON_TWO_OFF",
      "name": "5/2"
    }
  ],
  "night_shifts": false,
  "professional_roles": [
    {
      "id": "96",
      "name": "Программист, разработчик"
    }
  ],
  "accept_incomplete_resumes": false,
  "experience": {
    "id": "between3And6",
    "name": "От 3 до 6 лет"
  },
  "employment": {
    "id": "full",
    "name": "Полная занятость"
  },
  "employment_form": {
    "id": "FULL",
    "name": "Полная"
  },
  "internship": false,
  "adv_response_url": null,
  "is_adv_vacancy": false,
  "adv_context": null
}