{
  "id": "128150448",
  "premium": false,
  "name": "Продуктовый аналитик, Возвраты и Управление запасами Продавца FBO",
  "department": {
    "id": "ozonru-2180-dev",
    "name": "Ozon Tech"
  },
  "has_test": false,
  "response_letter_required": false,
  "area": {
    "id": "1",
    "name": "Москва",
    "url": "https://api.hh.ru/areas/1"
  },
  "salary": null,
  "salary_range": null,
  "type": {
    "id": "open",
    "name": "Открытая"
  },
  "address": {
    "city": "Москва",
    "street": "Пресненская набережная",
    "building": "10",
    "lat": 55.74723295660558,
    "lng": 37.536558290665916,
    "description": null,
    "raw": "Москва, Пресненская набережная, 10",
    "metro": {
      "station_name": "Деловой центр",
      "line_name": "Большая кольцевая линия",
      "station_id": "97.603",
      "line_id": "97",
      "lat": 55.7491,
      "lng": 37.5395
    },
    "metro_stations": [
      {
        "station_name": "Деловой центр",
        "line_name": "Большая кольцевая линия",
        "station_id": "97.603",
        "line_id": "97",
        "lat": 55.7491,
        "lng": 37.5395
      },
      {
        "station_name": "Деловой центр",
        "line_name": "Солнцевская",
        "station_id": "133.468",
        "line_id": "133",
        "lat": 55.7491,
        "lng": 37.5395
      },
      {
        "station_name": "Москва-Сити",
        "line_name": "Филевская",
        "station_id": "4.179",
        "line_id": "4",
        "lat": 55.748056,
        "lng": 37.532778
      }
    ],
    "id": "1522426"
  },
  "response_url": null,
  "sort_point_distance": null,
  "published_at": "2025-11-28T01:56:44+06:00",
  "created_at": "2025-11-28T01:56:44+06:00",
  "archived": false,
  "apply_alternate_url": "https://hh.ru/applicant/vacancy_response?vacancyId=128150448",
  "branding": {
    "type": "MAKEUP",
    "tariff": null
  },
  "show_logo_in_search": true,
  "show_contacts": true,
  "insider_interview": null,
  "url": "https://api.hh.ru/vacancies/128150448?host=hh.ru",
  "alternate_url": "https://hh.ru/vacancy/128150448",
  "relations": [],
  "employer": {
    "id": "2180",
    "name": "Ozon",
    "url": "https://api.hh.ru/employers/2180",
    "alternate_url": "https://hh.ru/employer/2180",
    "logo_urls": {
      "original": "https://img.hhcdn.ru/employer-logo-original-round/5899116.png",
      "90": "https://img.hhcdn.ru/employer-logo-round/5899117.png",
      "240": "https://img.hhcdn.ru/employer-logo-round/5899118.png"
    },
    "vacancies_url": "https://api.hh.ru/vacancies?employer_id=2180",
    "country_id": 1,
    "accredited_it_employer": true,
    "trusted": true
  },
  "snippet": {
    "requirement": "Развивать метрики и систему дэшбордов. Опыт в системной аналитике от 4х лет. Опыт работы с микросервисной архитектурой. ",
    "responsibility": "Что разрабатываем: Возвраты и управление стоком селлеров FBO — мы делаем сервисы для селлеров, которые позволяют им управлять своими товарами на..."
  },
  "contacts": null,
  "schedule": {
    "id": "remote",
    "name": "Удаленная работа"
  },
  "working_days": [],
  "working_time_intervals": [],
  "working_time_modes": [],
  "accept_temporary": false,
  "fly_in_fly_out_duration": [],
  "work_format": [
    {
      "id": "ON_SITE",
      "name": "На месте работодателя"
    },
    {
      "id": "REMOTE",
      "name": "Удалённо"
    },
    {
      "id": "HYBRID",
      "name": "Гибрид"
    }
  ],
  "working_hours": [
    {
      "id": "HOURS_8",
      "name": "8 часов"
    }
  ],
  "work_schedule_by_days": [
    {
      "id": "FIVE_ON_TWO_OFF",
      "name": "5/2"
    }
  ],
  "night_shifts": false,
  "professional_roles": [
    {
      "id": "68",
      "name": "Менеджер по маркетингу, интернет-маркетолог"
    }
  ],
  "accept_incomplete_resumes": false,
  "experience": {
    "id": "between3And6",
    "name": "От 3 до 6 лет"
  },
  "employment": {
    "id": "full",
    "name": "Полная занятость"
  },
  "employment_form": {
    "id": "FULL",
    "name": "Полная"
  },
  "internship": false,
  "adv_response_url": null,
  "is_adv_vacancy": false,
  "adv_context": null
}