{
  "id": "128178985",
  "premium": false,
  "name": "Middle Desktop QA Engineer",
  "department": null,
  "has_test": true,
  "response_letter_required": false,
  "area": {
    "id": "1",
    "name": "Москва",
    "url": "https://api.hh.ru/areas/1"
  },
  "salary": {
    "from": 120000,
    "to": 150000,
    "currency": "RUR",
    "gross": false
  },
  "salary_range": {
    "from": 120000,
    "to": 150000,
    "currency": "RUR",
    "gross": false,
    "mode": {
      "id": "MONTH",
      "name": "За месяц"
    },
    "frequency": null
  },
  "type": {
    "id": "open",
    "name": "Открытая"
  },
  "address": null,
  "response_url": null,
  "sort_point_distance": null,
  "published_at": "2025-12-24T18:17:38+06:00",
  "created_at": "2025-12-24T18:17:38+06:00",
  "archived": false,
  "apply_alternate_url": "https://hh.ru/applicant/vacancy_response?vacancyId=128178985",
  "show_logo_in_search": null,
  "show_contacts": false,
  "insider_interview": null,
  "url": "https://api.hh.ru/vacancies/128178985?host=hh.ru",
  "alternate_url": "https://hh.ru/vacancy/128178985",
  "relations": [],
  "employer": {
    "id": "2675795",
    "name": "AdGuard",
    "url": "https://api.hh.ru/employers/2675795",
    "alternate_url": "https://hh.ru/employer/2675795",
    "logo_urls": {
      "original": "https://img.hhcdn.ru/employer-logo-original/1477727.png",
      "90": "https://img.hhcdn.ru/employer-logo/10462201.png",
      "240": "https://img.hhcdn.ru/employer-logo/10462202.png"
    },
    "vacancies_url": "https://api.hh.ru/vacancies?employer_id=2675795",
    "country_id": 1,
    "accredited_it_employer": true,
    "trusted": true
  },
  "snippet": {
    "requirement": "Испытывает интерес к автоматизации тестирования и желание развиваться в этом направлении (сейчас мы пишем автотесты на Python и <highlighttext>C#</highlighttext>). ",
    "responsibility": "Вести тестовую документацию в Allure, TestOps и Notion. Проводить функциональное тестирование продукта: установка и удаление на разных ОС, проверка корректной..."
  },
  "contacts": null,
  "schedule": {
    "id": "fullDay",
    "name": "Полный день"
  },
  "working_days": [],
  "working_time_intervals": [],
  "working_time_modes": [],
  "accept_temporary": false,
  "fly_in_fly_out_duration": [],
  "work_format": [],
  "working_hours": [
    {
      "id": "HOURS_8",
      "name": "8 часов"
    }
  ],
  "work_schedule_by_days": [
    {
      "id": "FIVE_ON_TWO_OFF",
      "name": "5/2"
    },
    {
      "id": "FLEXIBLE",
      "name": "Свободный"
    }
  ],
  "night_shifts": false,
  "professional_roles": [
    {
      "id": "124",
      "name": "Тестировщик"
    }
  ],
  "accept_incomplete_resumes": false,
  "experience": {
    "id": "between1And3",
    "name": "От 1 года до 3 лет"
  },
  "employment": {
    "id": "full",
    "name": "Полная занятость"
  },
  "employment_form": {
    "id": "FULL",
    "name": "Полная"
  },
  "internship": false,
  "adv_response_url": null,
  "is_adv_vacancy": false,
  "adv_context": null
}