{
  "id": "128174226",
  "premium": false,
  "name": "IT инженер в области технологических информационных систем (Junior)",
  "department": null,
  "has_test": false,
  "response_letter_required": false,
  "area": {
    "id": "104",
    "name": "Челябинск",
    "url": "https://api.hh.ru/areas/104"
  },
  "salary": {
    "from": 40000,
    "to": 60000,
    "currency": "RUR",
    "gross": false
  },
  "salary_range": {
    "from": 40000,
    "to": 60000,
    "currency": "RUR",
    "gross": false,
    "mode": {
      "id": "MONTH",
      "name": "За месяц"
    },
    "frequency": {
      "id": "TWICE_PER_MONTH",
      "name": "Два раза в месяц"
    }
  },
  "type": {
    "id": "open",
    "name": "Открытая"
  },
  "address": {
    "city": "Челябинск",
    "street": "улица Островского",
    "building": "31",
    "lat": 55.187543,
    "lng": 61.377985,
    "description": null,
    "raw": "Челябинск, улица Островского, 31",
    "metro": null,
    "metro_stations": [],
    "id": "563910"
  },
  "response_url": null,
  "sort_point_distance": null,
  "published_at": "2025-11-28T17:20:02+06:00",
  "created_at": "2025-11-28T17:20:02+06:00",
  "archived": false,
  "apply_alternate_url": "https://hh.ru/applicant/vacancy_response?vacancyId=128174226",
  "show_logo_in_search": null,
  "show_contacts": true,
  "insider_interview": null,
  "url": "https://api.hh.ru/vacancies/128174226?host=hh.ru",
  "alternate_url": "https://hh.ru/vacancy/128174226",
  "relations": [],
  "employer": {
    "id": "1055631",
    "name": "НТЦ Комплексные Системы",
    "url": "https://api.hh.ru/employers/1055631",
    "alternate_url": "https://hh.ru/employer/1055631",
    "logo_urls": {
      "original": "https://img.hhcdn.ru/employer-logo-original/1419477.png",
      "90": "https://img.hhcdn.ru/employer-logo/7297557.png",
      "240": "https://img.hhcdn.ru/employer-logo/7297558.png"
    },
    "vacancies_url": "https://api.hh.ru/vacancies?employer_id=1055631",
    "country_id": 1,
    "accredited_it_employer": true,
    "trusted": true
  },
  "snippet": {
    "requirement": "Высшее или среднее специальное образование. Базовые навыки администрирования операционной системы Windows Server и желательно Linux. Начальные навыки программирования на языках...",
    "responsibility": "Внедрение и сопровождение программного обеспечения в области информационных технологических систем. Установка и настройка системного и прикладного программного обеспечения. "
  },
  "contacts": null,
  "schedule": {
    "id": "fullDay",
    "name": "Полный день"
  },
  "working_days": [],
  "working_time_intervals": [],
  "working_time_modes": [],
  "accept_temporary": false,
  "fly_in_fly_out_duration": [],
  "work_format": [
    {
      "id": "ON_SITE",
      "name": "На месте работодателя"
    }
  ],
  "working_hours": [
    {
      "id": "HOURS_8",
      "name": "8 часов"
    }
  ],
  "work_schedule_by_days": [
    {
      "id": "FIVE_ON_TWO_OFF",
      "name": "5/2"
    }
  ],
  "night_shifts": false,
  "professional_roles": [
    {
      "id": "160",
      "name": "DevOps-инженер"
    }
  ],
  "accept_incomplete_resumes": false,
  "experience": {
    "id": "noExperience",
    "name": "Нет опыта"
  },
  "employment": {
    "id": "full",
    "name": "Полная занятость"
  },
  "employment_form": {
    "id": "FULL",
    "name": "Полная"
  },
  "internship": false,
  "adv_response_url": null,
  "is_adv_vacancy": false,
  "adv_context": null
}