{
  "id": "128142769",
  "premium": false,
  "name": "С# (.NET) Developer (проект СУДПРОМ)",
  "department": null,
  "has_test": false,
  "response_letter_required": true,
  "area": {
    "id": "2",
    "name": "Санкт-Петербург",
    "url": "https://api.hh.ru/areas/2"
  },
  "salary": null,
  "salary_range": null,
  "type": {
    "id": "open",
    "name": "Открытая"
  },
  "address": {
    "city": "Санкт-Петербург",
    "street": "Одоевского",
    "building": "5",
    "lat": 59.952042,
    "lng": 30.262346,
    "description": null,
    "raw": "Санкт-Петербург, Одоевского, 5",
    "metro": {
      "station_name": "Василеостровская",
      "line_name": "Невско-Василеостровская",
      "station_id": "16.228",
      "line_id": "16",
      "lat": 59.942577,
      "lng": 30.278254
    },
    "metro_stations": [
      {
        "station_name": "Василеостровская",
        "line_name": "Невско-Василеостровская",
        "station_id": "16.228",
        "line_id": "16",
        "lat": 59.942577,
        "lng": 30.278254
      },
      {
        "station_name": "Приморская",
        "line_name": "Невско-Василеостровская",
        "station_id": "16.227",
        "line_id": "16",
        "lat": 59.948521,
        "lng": 30.23447
      },
      {
        "station_name": "Спортивная",
        "line_name": "Фрунзенско-Приморская",
        "station_id": "18.249",
        "line_id": "18",
        "lat": 59.952026,
        "lng": 30.291338
      }
    ],
    "id": "19914719"
  },
  "response_url": null,
  "sort_point_distance": null,
  "published_at": "2025-12-18T15:41:56+06:00",
  "created_at": "2025-12-18T15:41:56+06:00",
  "archived": false,
  "apply_alternate_url": "https://hh.ru/applicant/vacancy_response?vacancyId=128142769",
  "branding": {
    "type": "MAKEUP",
    "tariff": null
  },
  "show_logo_in_search": true,
  "show_contacts": false,
  "insider_interview": null,
  "url": "https://api.hh.ru/vacancies/128142769?host=hh.ru",
  "alternate_url": "https://hh.ru/vacancy/128142769",
  "relations": [],
  "employer": {
    "id": "41144",
    "name": "АСКОН",
    "url": "https://api.hh.ru/employers/41144",
    "alternate_url": "https://hh.ru/employer/41144",
    "logo_urls": {
      "original": "https://img.hhcdn.ru/employer-logo-original-round/3960706.png",
      "90": "https://img.hhcdn.ru/employer-logo-round/3960707.png",
      "240": "https://img.hhcdn.ru/employer-logo-round/3960708.png"
    },
    "vacancies_url": "https://api.hh.ru/vacancies?employer_id=41144",
    "country_id": 1,
    "accredited_it_employer": true,
    "trusted": true
  },
  "snippet": {
    "requirement": "2–5 лет коммерческого опыта разработки на <highlighttext>C#</highlighttext> / ASP.NET Core. Отличное знание принципов построения веб-приложений и распределённых систем. ",
    "responsibility": "Разрабатывать и поддерживать серверную часть приложений на <highlighttext>.NET</highlighttext> / ASP.NET Core. Участвовать в проектировании архитектуры сервисов и REST API, предлагать улучшения..."
  },
  "contacts": null,
  "schedule": {
    "id": "remote",
    "name": "Удаленная работа"
  },
  "working_days": [],
  "working_time_intervals": [],
  "working_time_modes": [],
  "accept_temporary": false,
  "fly_in_fly_out_duration": [],
  "work_format": [
    {
      "id": "REMOTE",
      "name": "Удалённо"
    },
    {
      "id": "HYBRID",
      "name": "Гибрид"
    }
  ],
  "working_hours": [
    {
      "id": "HOURS_8",
      "name": "8 часов"
    }
  ],
  "work_schedule_by_days": [
    {
      "id": "FIVE_ON_TWO_OFF",
      "name": "5/2"
    }
  ],
  "night_shifts": false,
  "professional_roles": [
    {
      "id": "96",
      "name": "Программист, разработчик"
    }
  ],
  "accept_incomplete_resumes": false,
  "experience": {
    "id": "between3And6",
    "name": "От 3 до 6 лет"
  },
  "employment": {
    "id": "full",
    "name": "Полная занятость"
  },
  "employment_form": {
    "id": "FULL",
    "name": "Полная"
  },
  "internship": false,
  "adv_response_url": null,
  "is_adv_vacancy": false,
  "adv_context": null
}