{
  "id": "128185933",
  "premium": false,
  "name": "C#/. NET-разработчик",
  "department": null,
  "has_test": false,
  "response_letter_required": false,
  "area": {
    "id": "1",
    "name": "Москва",
    "url": "https://api.hh.ru/areas/1"
  },
  "salary": {
    "from": null,
    "to": 250000,
    "currency": "RUR",
    "gross": false
  },
  "salary_range": {
    "from": null,
    "to": 250000,
    "currency": "RUR",
    "gross": false,
    "mode": {
      "id": "MONTH",
      "name": "За месяц"
    },
    "frequency": null
  },
  "type": {
    "id": "open",
    "name": "Открытая"
  },
  "address": null,
  "response_url": null,
  "sort_point_distance": null,
  "published_at": "2025-12-22T19:50:22+06:00",
  "created_at": "2025-12-22T19:50:22+06:00",
  "archived": false,
  "apply_alternate_url": "https://hh.ru/applicant/vacancy_response?vacancyId=128185933",
  "brand_snippet": {
    "logo": null,
    "logo_xs": null,
    "logo_scalable": {
      "default": {
        "width": 168,
        "height": 46,
        "url": "https://img.hhcdn.ru/brand-snippet-pictures/02837.png"
      },
      "xs": {
        "width": 148,
        "height": 41,
        "url": "https://img.hhcdn.ru/brand-snippet-pictures/02838.png"
      }
    },
    "picture": null,
    "picture_xs": null,
    "picture_scalable": {
      "default": {
        "width": 218,
        "height": 366,
        "url": "https://img.hhcdn.ru/brand-snippet-pictures/02839.png"
      },
      "xs": {
        "width": 178,
        "height": 180,
        "url": "https://img.hhcdn.ru/brand-snippet-pictures/02840.png"
      }
    },
    "background": {
      "color": "#DEEAFF",
      "gradient": null
    }
  },
  "show_logo_in_search": null,
  "show_contacts": false,
  "insider_interview": null,
  "url": "https://api.hh.ru/vacancies/128185933?host=hh.ru",
  "alternate_url": "https://hh.ru/vacancy/128185933",
  "relations": [],
  "employer": {
    "id": "5724503",
    "name": "Amex Development",
    "url": "https://api.hh.ru/employers/5724503",
    "alternate_url": "https://hh.ru/employer/5724503",
    "logo_urls": {
      "original": "https://img.hhcdn.ru/employer-logo-original/1401355.png",
      "90": "https://img.hhcdn.ru/employer-logo/7225191.png",
      "240": "https://img.hhcdn.ru/employer-logo/7225192.png"
    },
    "vacancies_url": "https://api.hh.ru/vacancies?employer_id=5724503",
    "country_id": 1,
    "accredited_it_employer": true,
    "trusted": true
  },
  "snippet": {
    "requirement": "Опыт работы от двух лет со стеком: <highlighttext>C#</highlighttext>/<highlighttext>.Net</highlighttext>. WPF. ASP.NET. Стек проекта: микросервисы, <highlighttext>C#</highlighttext>, ASP.NET, PostgreSQL, Docker, Kubernetes, GitLab...",
    "responsibility": "Проект: Работа в команде внедрения и развития продукта по проекту Омниканальная платформа. Обязанности: Планирование и оценка задач. Разработка нового функционала..."
  },
  "contacts": null,
  "schedule": {
    "id": "remote",
    "name": "Удаленная работа"
  },
  "working_days": [],
  "working_time_intervals": [],
  "working_time_modes": [],
  "accept_temporary": true,
  "fly_in_fly_out_duration": [],
  "work_format": [
    {
      "id": "REMOTE",
      "name": "Удалённо"
    }
  ],
  "working_hours": [
    {
      "id": "HOURS_8",
      "name": "8 часов"
    }
  ],
  "work_schedule_by_days": [
    {
      "id": "FIVE_ON_TWO_OFF",
      "name": "5/2"
    }
  ],
  "night_shifts": false,
  "professional_roles": [
    {
      "id": "96",
      "name": "Программист, разработчик"
    }
  ],
  "accept_incomplete_resumes": false,
  "experience": {
    "id": "between3And6",
    "name": "От 3 до 6 лет"
  },
  "employment": {
    "id": "full",
    "name": "Полная занятость"
  },
  "employment_form": {
    "id": "FULL",
    "name": "Полная"
  },
  "internship": false,
  "adv_response_url": null,
  "is_adv_vacancy": false,
  "adv_context": null
}