{
  "id": "128121833",
  "premium": false,
  "name": "Ведущий инженер-электроник",
  "department": null,
  "has_test": false,
  "response_letter_required": false,
  "area": {
    "id": "1002",
    "name": "Минск",
    "url": "https://api.hh.ru/areas/1002"
  },
  "salary": {
    "from": 4000,
    "to": 6500,
    "currency": "BYR",
    "gross": false
  },
  "salary_range": {
    "from": 4000,
    "to": 6500,
    "currency": "BYR",
    "gross": false,
    "mode": {
      "id": "MONTH",
      "name": "За месяц"
    },
    "frequency": null
  },
  "type": {
    "id": "open",
    "name": "Открытая"
  },
  "address": {
    "city": "Минск",
    "street": "улица Нахимова",
    "building": "20",
    "lat": 53.887348,
    "lng": 27.597845,
    "description": null,
    "raw": "Минск, улица Нахимова, 20",
    "metro": {
      "station_name": "Партизанская",
      "line_name": "Автозаводская",
      "station_id": "63.427",
      "line_id": "63",
      "lat": 53.87582,
      "lng": 27.628998
    },
    "metro_stations": [
      {
        "station_name": "Партизанская",
        "line_name": "Автозаводская",
        "station_id": "63.427",
        "line_id": "63",
        "lat": 53.87582,
        "lng": 27.628998
      },
      {
        "station_name": "Первомайская",
        "line_name": "Автозаводская",
        "station_id": "63.424",
        "line_id": "63",
        "lat": 53.893763,
        "lng": 27.570167
      },
      {
        "station_name": "Тракторный завод",
        "line_name": "Автозаводская",
        "station_id": "63.426",
        "line_id": "63",
        "lat": 53.890033,
        "lng": 27.614374
      }
    ],
    "id": "18901907"
  },
  "response_url": null,
  "sort_point_distance": null,
  "published_at": "2025-11-27T12:55:09+06:00",
  "created_at": "2025-11-27T12:55:09+06:00",
  "archived": false,
  "apply_alternate_url": "https://hh.ru/applicant/vacancy_response?vacancyId=128121833",
  "show_logo_in_search": null,
  "show_contacts": false,
  "insider_interview": null,
  "url": "https://api.hh.ru/vacancies/128121833?host=hh.ru",
  "alternate_url": "https://hh.ru/vacancy/128121833",
  "relations": [],
  "employer": {
    "id": "1043492",
    "name": "ДАТА-БАЙ",
    "url": "https://api.hh.ru/employers/1043492",
    "alternate_url": "https://hh.ru/employer/1043492",
    "logo_urls": {
      "original": "https://img.hhcdn.ru/employer-logo-original-round/3960622.jpeg",
      "90": "https://img.hhcdn.ru/employer-logo-round/3960623.jpeg",
      "240": "https://img.hhcdn.ru/employer-logo-round/3960624.jpeg"
    },
    "vacancies_url": "https://api.hh.ru/vacancies?employer_id=1043492",
    "country_id": 4,
    "accredited_it_employer": false,
    "trusted": true
  },
  "snippet": {
    "requirement": "Высшее образование в области электроники/радиоэлектроники. Опыт разработки на <highlighttext>.NET</highlighttext> 8, знания и опыт работы с SQL (в проекте используется...",
    "responsibility": "Установка, наладка, ремонт маркировочного оборудования. Пусконаладочные работы, автоматизация линий. Внедрение и сопровождение программного обеспечения. Техническое обслуживание и крупноузловой ремонт сложного..."
  },
  "contacts": null,
  "schedule": {
    "id": "fullDay",
    "name": "Полный день"
  },
  "working_days": [],
  "working_time_intervals": [],
  "working_time_modes": [],
  "accept_temporary": false,
  "fly_in_fly_out_duration": [],
  "work_format": [
    {
      "id": "ON_SITE",
      "name": "На месте работодателя"
    },
    {
      "id": "FIELD_WORK",
      "name": "Разъездной"
    }
  ],
  "working_hours": [
    {
      "id": "HOURS_8",
      "name": "8 часов"
    }
  ],
  "work_schedule_by_days": [
    {
      "id": "FIVE_ON_TWO_OFF",
      "name": "5/2"
    }
  ],
  "night_shifts": false,
  "professional_roles": [
    {
      "id": "169",
      "name": "Инженер-электроник, инженер-электронщик"
    }
  ],
  "accept_incomplete_resumes": false,
  "experience": {
    "id": "moreThan6",
    "name": "Более 6 лет"
  },
  "employment": {
    "id": "full",
    "name": "Полная занятость"
  },
  "employment_form": {
    "id": "FULL",
    "name": "Полная"
  },
  "internship": false,
  "adv_response_url": null,
  "is_adv_vacancy": false,
  "adv_context": null
}