{
  "id": "128148513",
  "premium": false,
  "name": "Backend-разработчик .NET/C# (Middle)",
  "department": null,
  "has_test": false,
  "response_letter_required": false,
  "area": {
    "id": "2",
    "name": "Санкт-Петербург",
    "url": "https://api.hh.ru/areas/2"
  },
  "salary": null,
  "salary_range": null,
  "type": {
    "id": "open",
    "name": "Открытая"
  },
  "address": {
    "city": "Санкт-Петербург",
    "street": "улица Оптиков",
    "building": "4",
    "lat": 59.9949557100125,
    "lng": 30.24788498210832,
    "description": null,
    "raw": "Санкт-Петербург, улица Оптиков, 4",
    "metro": {
      "station_name": "Старая Деревня",
      "line_name": "Фрунзенско-Приморская",
      "station_id": "18.246",
      "line_id": "18",
      "lat": 59.989433,
      "lng": 30.255163
    },
    "metro_stations": [
      {
        "station_name": "Старая Деревня",
        "line_name": "Фрунзенско-Приморская",
        "station_id": "18.246",
        "line_id": "18",
        "lat": 59.989433,
        "lng": 30.255163
      }
    ],
    "id": "3070708"
  },
  "response_url": null,
  "sort_point_distance": null,
  "published_at": "2025-12-01T19:36:54+06:00",
  "created_at": "2025-12-01T19:36:54+06:00",
  "archived": false,
  "apply_alternate_url": "https://hh.ru/applicant/vacancy_response?vacancyId=128148513",
  "show_logo_in_search": null,
  "show_contacts": false,
  "insider_interview": null,
  "url": "https://api.hh.ru/vacancies/128148513?host=hh.ru",
  "alternate_url": "https://hh.ru/vacancy/128148513",
  "relations": [],
  "employer": {
    "id": "4249678",
    "name": "SKAI",
    "url": "https://api.hh.ru/employers/4249678",
    "alternate_url": "https://hh.ru/employer/4249678",
    "logo_urls": {
      "original": "https://img.hhcdn.ru/employer-logo-original/1474529.png",
      "90": "https://img.hhcdn.ru/employer-logo/7823674.png",
      "240": "https://img.hhcdn.ru/employer-logo/7823675.png"
    },
    "vacancies_url": "https://api.hh.ru/vacancies?employer_id=4249678",
    "country_id": 1,
    "accredited_it_employer": false,
    "trusted": true
  },
  "snippet": {
    "requirement": "Analytics, observability: Superset, Prometheus, Grafana, Elastic. Опыт коммерческой разработки на <highlighttext>C#</highlighttext> и <highlighttext>.NET</highlighttext>. Понимание принципов построения микросервисных и распределенных систем. ",
    "responsibility": "Разрабатывать и оптимизировать высоконагруженный бэкенд на <highlighttext>C#</highlighttext> и <highlighttext>.NET</highlighttext>. Проектировать и развивать микросервисную архитектуру платформы. Поддерживать и развивать существующие решения. "
  },
  "contacts": null,
  "schedule": {
    "id": "remote",
    "name": "Удаленная работа"
  },
  "working_days": [],
  "working_time_intervals": [],
  "working_time_modes": [],
  "accept_temporary": true,
  "fly_in_fly_out_duration": [],
  "work_format": [
    {
      "id": "REMOTE",
      "name": "Удалённо"
    },
    {
      "id": "HYBRID",
      "name": "Гибрид"
    }
  ],
  "working_hours": [
    {
      "id": "HOURS_8",
      "name": "8 часов"
    }
  ],
  "work_schedule_by_days": [
    {
      "id": "FIVE_ON_TWO_OFF",
      "name": "5/2"
    }
  ],
  "night_shifts": false,
  "professional_roles": [
    {
      "id": "96",
      "name": "Программист, разработчик"
    }
  ],
  "accept_incomplete_resumes": false,
  "experience": {
    "id": "between1And3",
    "name": "От 1 года до 3 лет"
  },
  "employment": {
    "id": "full",
    "name": "Полная занятость"
  },
  "employment_form": {
    "id": "FULL",
    "name": "Полная"
  },
  "internship": false,
  "adv_response_url": null,
  "is_adv_vacancy": false,
  "adv_context": null
}