{
  "id": "128180391",
  "premium": false,
  "name": "AQA C#",
  "department": null,
  "has_test": true,
  "response_letter_required": false,
  "area": {
    "id": "1006",
    "name": "Гродно",
    "url": "https://api.hh.ru/areas/1006"
  },
  "salary": null,
  "salary_range": null,
  "type": {
    "id": "open",
    "name": "Открытая"
  },
  "address": null,
  "response_url": null,
  "sort_point_distance": null,
  "published_at": "2025-12-22T18:59:06+06:00",
  "created_at": "2025-12-22T18:59:06+06:00",
  "archived": false,
  "apply_alternate_url": "https://hh.ru/applicant/vacancy_response?vacancyId=128180391",
  "show_logo_in_search": null,
  "show_contacts": false,
  "insider_interview": null,
  "url": "https://api.hh.ru/vacancies/128180391?host=hh.ru",
  "alternate_url": "https://hh.ru/vacancy/128180391",
  "relations": [],
  "employer": {
    "id": "1074015",
    "name": "Бэлл Интегратор",
    "url": "https://api.hh.ru/employers/1074015",
    "alternate_url": "https://hh.ru/employer/1074015",
    "logo_urls": {
      "original": "https://img.hhcdn.ru/employer-logo-original-round/3852758.png",
      "90": "https://img.hhcdn.ru/employer-logo-round/3852759.png",
      "240": "https://img.hhcdn.ru/employer-logo-round/3852760.png"
    },
    "vacancies_url": "https://api.hh.ru/vacancies?employer_id=1074015",
    "country_id": 4,
    "accredited_it_employer": false,
    "trusted": true
  },
  "snippet": {
    "requirement": "Опыт ручного тестирования от 2 лет. Опыт автоматизации тестирования на <highlighttext>C#</highlighttext> от года. Опыт тестирования API. Практический опыт применения практик...",
    "responsibility": null
  },
  "contacts": null,
  "schedule": {
    "id": "remote",
    "name": "Удаленная работа"
  },
  "working_days": [],
  "working_time_intervals": [],
  "working_time_modes": [],
  "accept_temporary": false,
  "fly_in_fly_out_duration": [],
  "work_format": [
    {
      "id": "ON_SITE",
      "name": "На месте работодателя"
    },
    {
      "id": "REMOTE",
      "name": "Удалённо"
    },
    {
      "id": "HYBRID",
      "name": "Гибрид"
    }
  ],
  "working_hours": [
    {
      "id": "HOURS_8",
      "name": "8 часов"
    }
  ],
  "work_schedule_by_days": [
    {
      "id": "FIVE_ON_TWO_OFF",
      "name": "5/2"
    }
  ],
  "night_shifts": false,
  "professional_roles": [
    {
      "id": "96",
      "name": "Программист, разработчик"
    }
  ],
  "accept_incomplete_resumes": false,
  "experience": {
    "id": "between1And3",
    "name": "От 1 года до 3 лет"
  },
  "employment": {
    "id": "full",
    "name": "Полная занятость"
  },
  "employment_form": {
    "id": "FULL",
    "name": "Полная"
  },
  "internship": false,
  "adv_response_url": null,
  "is_adv_vacancy": false,
  "adv_context": null
}