{
  "id": "128190536",
  "premium": false,
  "name": "C#/.NET-разработчик",
  "department": null,
  "has_test": false,
  "response_letter_required": false,
  "area": {
    "id": "1",
    "name": "Москва",
    "url": "https://api.hh.ru/areas/1"
  },
  "salary": {
    "from": 240000,
    "to": null,
    "currency": "RUR",
    "gross": false
  },
  "salary_range": {
    "from": 240000,
    "to": null,
    "currency": "RUR",
    "gross": false,
    "mode": {
      "id": "MONTH",
      "name": "За месяц"
    },
    "frequency": null
  },
  "type": {
    "id": "open",
    "name": "Открытая"
  },
  "address": null,
  "response_url": null,
  "sort_point_distance": null,
  "published_at": "2025-11-28T20:30:38+06:00",
  "created_at": "2025-11-28T20:30:38+06:00",
  "archived": false,
  "apply_alternate_url": "https://hh.ru/applicant/vacancy_response?vacancyId=128190536",
  "show_logo_in_search": null,
  "show_contacts": false,
  "insider_interview": null,
  "url": "https://api.hh.ru/vacancies/128190536?host=hh.ru",
  "alternate_url": "https://hh.ru/vacancy/128190536",
  "relations": [],
  "employer": {
    "id": "3054781",
    "name": "АБП",
    "url": "https://api.hh.ru/employers/3054781",
    "alternate_url": "https://hh.ru/employer/3054781",
    "logo_urls": {
      "original": "https://img.hhcdn.ru/employer-logo-original-round/3742334.png",
      "90": "https://img.hhcdn.ru/employer-logo-round/3742335.png",
      "240": "https://img.hhcdn.ru/employer-logo-round/3742336.png"
    },
    "vacancies_url": "https://api.hh.ru/vacancies?employer_id=3054781",
    "country_id": 1,
    "accredited_it_employer": false,
    "trusted": true
  },
  "snippet": {
    "requirement": "Знание платформы и опыт работы с <highlighttext>.Net</highlighttext>6 (+3.1), ASP <highlighttext>.Net</highlighttext> MVC. Опыт работы с любым одним инструментом...",
    "responsibility": "Работа с требованиями: документирование, процесс управления, декомпозиция, тестирование."
  },
  "contacts": null,
  "schedule": {
    "id": "remote",
    "name": "Удаленная работа"
  },
  "working_days": [],
  "working_time_intervals": [],
  "working_time_modes": [],
  "accept_temporary": false,
  "fly_in_fly_out_duration": [],
  "work_format": [
    {
      "id": "REMOTE",
      "name": "Удалённо"
    }
  ],
  "working_hours": [
    {
      "id": "HOURS_8",
      "name": "8 часов"
    }
  ],
  "work_schedule_by_days": [
    {
      "id": "FIVE_ON_TWO_OFF",
      "name": "5/2"
    }
  ],
  "night_shifts": false,
  "professional_roles": [
    {
      "id": "96",
      "name": "Программист, разработчик"
    }
  ],
  "accept_incomplete_resumes": false,
  "experience": {
    "id": "moreThan6",
    "name": "Более 6 лет"
  },
  "employment": {
    "id": "full",
    "name": "Полная занятость"
  },
  "employment_form": {
    "id": "FULL",
    "name": "Полная"
  },
  "internship": false,
  "adv_response_url": null,
  "is_adv_vacancy": false,
  "adv_context": null
}