{
  "id": "128171277",
  "premium": false,
  "name": "Тестировщик (QA автоматизация на C#)",
  "department": {
    "id": "80-80-it",
    "name": "Альфа-Банк. ИТ-специалисты"
  },
  "has_test": false,
  "response_letter_required": false,
  "area": {
    "id": "1",
    "name": "Москва",
    "url": "https://api.hh.ru/areas/1"
  },
  "salary": null,
  "salary_range": null,
  "type": {
    "id": "open",
    "name": "Открытая"
  },
  "address": null,
  "response_url": null,
  "sort_point_distance": null,
  "published_at": "2025-11-28T16:24:18+06:00",
  "created_at": "2025-11-28T16:24:18+06:00",
  "archived": false,
  "apply_alternate_url": "https://hh.ru/applicant/vacancy_response?vacancyId=128171277",
  "branding": {
    "type": "MAKEUP",
    "tariff": null
  },
  "show_logo_in_search": true,
  "show_contacts": true,
  "insider_interview": {
    "id": "32631",
    "url": "https://hh.ru/interview/32631?employerId=80"
  },
  "url": "https://api.hh.ru/vacancies/128171277?host=hh.ru",
  "alternate_url": "https://hh.ru/vacancy/128171277",
  "relations": [],
  "employer": {
    "id": "80",
    "name": "Альфа-Банк",
    "url": "https://api.hh.ru/employers/80",
    "alternate_url": "https://hh.ru/employer/80",
    "logo_urls": {
      "original": "https://img.hhcdn.ru/employer-logo-original-round/3096623.png",
      "90": "https://img.hhcdn.ru/employer-logo-round/3096624.png",
      "240": "https://img.hhcdn.ru/employer-logo-round/3096625.png"
    },
    "vacancies_url": "https://api.hh.ru/vacancies?employer_id=80",
    "country_id": 1,
    "accredited_it_employer": false,
    "trusted": true
  },
  "snippet": {
    "requirement": "Опыт автоматизации тестирования на <highlighttext>C#</highlighttext> от 6 месяцев. Желание развиваться в автоматизации на <highlighttext>C#</highlighttext> с применением BDD подхода. ",
    "responsibility": "Заказчик - внутреннее Казначейство Банка. Окружение - несколько продуктовых ИТ команд, каждая из которых реализует свой модуль-продукт в общей информационной платформе..."
  },
  "contacts": null,
  "schedule": {
    "id": "remote",
    "name": "Удаленная работа"
  },
  "working_days": [],
  "working_time_intervals": [],
  "working_time_modes": [],
  "accept_temporary": false,
  "fly_in_fly_out_duration": [],
  "work_format": [
    {
      "id": "ON_SITE",
      "name": "На месте работодателя"
    },
    {
      "id": "REMOTE",
      "name": "Удалённо"
    }
  ],
  "working_hours": [
    {
      "id": "HOURS_8",
      "name": "8 часов"
    }
  ],
  "work_schedule_by_days": [
    {
      "id": "FIVE_ON_TWO_OFF",
      "name": "5/2"
    }
  ],
  "night_shifts": false,
  "professional_roles": [
    {
      "id": "124",
      "name": "Тестировщик"
    }
  ],
  "accept_incomplete_resumes": false,
  "experience": {
    "id": "between3And6",
    "name": "От 3 до 6 лет"
  },
  "employment": {
    "id": "full",
    "name": "Полная занятость"
  },
  "employment_form": {
    "id": "FULL",
    "name": "Полная"
  },
  "internship": false,
  "adv_response_url": null,
  "is_adv_vacancy": false,
  "adv_context": null
}