{
  "id": "128101581",
  "premium": false,
  "name": "Middle Unity Developer",
  "department": null,
  "has_test": false,
  "response_letter_required": false,
  "area": {
    "id": "1",
    "name": "Москва",
    "url": "https://api.hh.ru/areas/1"
  },
  "salary": null,
  "salary_range": null,
  "type": {
    "id": "open",
    "name": "Открытая"
  },
  "address": null,
  "response_url": null,
  "sort_point_distance": null,
  "published_at": "2025-11-26T21:31:19+06:00",
  "created_at": "2025-11-26T21:31:19+06:00",
  "archived": false,
  "apply_alternate_url": "https://hh.ru/applicant/vacancy_response?vacancyId=128101581",
  "show_logo_in_search": null,
  "show_contacts": false,
  "insider_interview": null,
  "url": "https://api.hh.ru/vacancies/128101581?host=hh.ru",
  "alternate_url": "https://hh.ru/vacancy/128101581",
  "relations": [],
  "employer": {
    "id": "703862",
    "name": "Alawar",
    "url": "https://api.hh.ru/employers/703862",
    "alternate_url": "https://hh.ru/employer/703862",
    "logo_urls": {
      "original": "https://img.hhcdn.ru/employer-logo-original-round/4267251.png",
      "90": "https://img.hhcdn.ru/employer-logo-round/4267252.png",
      "240": "https://img.hhcdn.ru/employer-logo-round/4267253.png"
    },
    "vacancies_url": "https://api.hh.ru/vacancies?employer_id=703862",
    "country_id": 1,
    "accredited_it_employer": true,
    "trusted": true
  },
  "snippet": {
    "requirement": "Хорошее знание Unity (2D или 3D), понимание физики, принципов рендера и оптимизации. Уверенное владение <highlighttext>C#</highlighttext> и хорошее понимание...",
    "responsibility": "Быстрое прототипирование игровых механик и идей для внутренних плейтестов. Разработка игровых механик продакшн-уровня и построение устойчивых, расширяемых систем. "
  },
  "contacts": null,
  "schedule": {
    "id": "remote",
    "name": "Удаленная работа"
  },
  "working_days": [],
  "working_time_intervals": [],
  "working_time_modes": [],
  "accept_temporary": false,
  "fly_in_fly_out_duration": [],
  "work_format": [
    {
      "id": "REMOTE",
      "name": "Удалённо"
    }
  ],
  "working_hours": [
    {
      "id": "HOURS_8",
      "name": "8 часов"
    }
  ],
  "work_schedule_by_days": [
    {
      "id": "FIVE_ON_TWO_OFF",
      "name": "5/2"
    }
  ],
  "night_shifts": false,
  "professional_roles": [
    {
      "id": "96",
      "name": "Программист, разработчик"
    }
  ],
  "accept_incomplete_resumes": false,
  "experience": {
    "id": "between3And6",
    "name": "От 3 до 6 лет"
  },
  "employment": {
    "id": "full",
    "name": "Полная занятость"
  },
  "employment_form": {
    "id": "FULL",
    "name": "Полная"
  },
  "internship": false,
  "adv_response_url": null,
  "is_adv_vacancy": false,
  "adv_context": null
}