{
  "id": "128123899",
  "premium": false,
  "name": "Разработчик C#/.NET",
  "department": null,
  "has_test": true,
  "response_letter_required": false,
  "area": {
    "id": "77",
    "name": "Рязань",
    "url": "https://api.hh.ru/areas/77"
  },
  "salary": {
    "from": 190000,
    "to": 240000,
    "currency": "RUR",
    "gross": false
  },
  "salary_range": {
    "from": 190000,
    "to": 240000,
    "currency": "RUR",
    "gross": false,
    "mode": {
      "id": "MONTH",
      "name": "За месяц"
    },
    "frequency": {
      "id": "MONTHLY",
      "name": "Раз в месяц"
    }
  },
  "type": {
    "id": "open",
    "name": "Открытая"
  },
  "address": {
    "city": "Рязань",
    "street": "Николодворянская улица",
    "building": "18",
    "lat": 54.629779,
    "lng": 39.746589,
    "description": null,
    "raw": "Рязань, Николодворянская улица, 18",
    "metro": null,
    "metro_stations": [],
    "id": "10675830"
  },
  "response_url": null,
  "sort_point_distance": null,
  "published_at": "2025-11-27T13:23:57+06:00",
  "created_at": "2025-11-27T13:23:57+06:00",
  "archived": false,
  "apply_alternate_url": "https://hh.ru/applicant/vacancy_response?vacancyId=128123899",
  "show_logo_in_search": null,
  "show_contacts": true,
  "insider_interview": null,
  "url": "https://api.hh.ru/vacancies/128123899?host=hh.ru",
  "alternate_url": "https://hh.ru/vacancy/128123899",
  "relations": [],
  "employer": {
    "id": "5704326",
    "name": "Синьор Софт",
    "url": "https://api.hh.ru/employers/5704326",
    "alternate_url": "https://hh.ru/employer/5704326",
    "logo_urls": {
      "original": "https://img.hhcdn.ru/employer-logo-original/1388960.png",
      "90": "https://img.hhcdn.ru/employer-logo/7175627.png",
      "240": "https://img.hhcdn.ru/employer-logo/7175628.png"
    },
    "vacancies_url": "https://api.hh.ru/vacancies?employer_id=5704326",
    "country_id": 1,
    "accredited_it_employer": true,
    "trusted": true
  },
  "snippet": {
    "requirement": "Опыт коммерческой разработки на <highlighttext>C#</highlighttext> (<highlighttext>.NET</highlighttext> / <highlighttext>.NET</highlighttext> Core) от 3 лет. Опыт работы с ASP.NET от 3 лет. ",
    "responsibility": "Язык и платформа: <highlighttext>C#</highlighttext>, <highlighttext>.NET</highlighttext> / <highlighttext>.NET</highlighttext> Core, ASP.NET. ORM: Entity Framework Core. Базы данных: PostgreSQL. Контейнеризация: Docker. Системы контроля версий..."
  },
  "contacts": null,
  "schedule": {
    "id": "remote",
    "name": "Удаленная работа"
  },
  "working_days": [],
  "working_time_intervals": [],
  "working_time_modes": [],
  "accept_temporary": false,
  "fly_in_fly_out_duration": [],
  "work_format": [
    {
      "id": "REMOTE",
      "name": "Удалённо"
    }
  ],
  "working_hours": [
    {
      "id": "HOURS_8",
      "name": "8 часов"
    }
  ],
  "work_schedule_by_days": [
    {
      "id": "FIVE_ON_TWO_OFF",
      "name": "5/2"
    }
  ],
  "night_shifts": false,
  "professional_roles": [
    {
      "id": "96",
      "name": "Программист, разработчик"
    }
  ],
  "accept_incomplete_resumes": false,
  "experience": {
    "id": "between3And6",
    "name": "От 3 до 6 лет"
  },
  "employment": {
    "id": "full",
    "name": "Полная занятость"
  },
  "employment_form": {
    "id": "FULL",
    "name": "Полная"
  },
  "internship": false,
  "adv_response_url": null,
  "is_adv_vacancy": false,
  "adv_context": null
}