{
  "id": "128132175",
  "premium": false,
  "name": "Разработчик C# (Revit API)",
  "department": null,
  "has_test": false,
  "response_letter_required": false,
  "area": {
    "id": "160",
    "name": "Алматы",
    "url": "https://api.hh.ru/areas/160"
  },
  "salary": null,
  "salary_range": null,
  "type": {
    "id": "open",
    "name": "Открытая"
  },
  "address": {
    "city": "Алматы",
    "street": "микрорайон Жетысу-3",
    "building": "23А",
    "lat": 43.218494,
    "lng": 76.844495,
    "description": null,
    "raw": "Алматы, микрорайон Жетысу-3, 23А",
    "metro": {
      "station_name": "Бауыржан Момышулы",
      "line_name": "Первая",
      "station_id": "64.820",
      "line_id": "64",
      "lat": 43.216389,
      "lng": 76.838056
    },
    "metro_stations": [
      {
        "station_name": "Бауыржан Момышулы",
        "line_name": "Первая",
        "station_id": "64.820",
        "line_id": "64",
        "lat": 43.216389,
        "lng": 76.838056
      },
      {
        "station_name": "Москва",
        "line_name": "Первая",
        "station_id": "64.511",
        "line_id": "64",
        "lat": 43.23,
        "lng": 76.867
      },
      {
        "station_name": "Сайран",
        "line_name": "Первая",
        "station_id": "64.510",
        "line_id": "64",
        "lat": 43.2362,
        "lng": 76.8764
      },
      {
        "station_name": "Сары-Арка",
        "line_name": "Первая",
        "station_id": "64.819",
        "line_id": "64",
        "lat": 43.22,
        "lng": 76.851111
      }
    ],
    "id": "19036057"
  },
  "response_url": null,
  "sort_point_distance": null,
  "published_at": "2025-11-27T15:37:41+06:00",
  "created_at": "2025-11-27T15:37:41+06:00",
  "archived": false,
  "apply_alternate_url": "https://hh.ru/applicant/vacancy_response?vacancyId=128132175",
  "show_logo_in_search": null,
  "show_contacts": true,
  "insider_interview": null,
  "url": "https://api.hh.ru/vacancies/128132175?host=hh.ru",
  "alternate_url": "https://hh.ru/vacancy/128132175",
  "relations": [],
  "employer": {
    "id": "4547583",
    "name": "RAS Group Project",
    "url": "https://api.hh.ru/employers/4547583",
    "alternate_url": "https://hh.ru/employer/4547583",
    "logo_urls": {
      "original": "https://img.hhcdn.ru/employer-logo-original/1375984.png",
      "90": "https://img.hhcdn.ru/employer-logo/7123834.png",
      "240": "https://img.hhcdn.ru/employer-logo/7123835.png"
    },
    "vacancies_url": "https://api.hh.ru/vacancies?employer_id=4547583",
    "country_id": 3,
    "accredited_it_employer": false,
    "trusted": true
  },
  "snippet": {
    "requirement": "Знание <highlighttext>C#</highlighttext> и платформы <highlighttext>.NET</highlighttext> (<highlighttext>.NET</highlighttext> Framework 4.7.2, 4.8, и <highlighttext>.NET</highlighttext> 8). Понимание принципов ООП, алгоритмов и...",
    "responsibility": "Создание новых инструментов (плагинов) для автоматизации рутинных задач Revit с использованием <highlighttext>C#</highlighttext> и Revit API. Улучшение и расширение функционала существующих..."
  },
  "contacts": null,
  "schedule": {
    "id": "fullDay",
    "name": "Полный день"
  },
  "working_days": [],
  "working_time_intervals": [],
  "working_time_modes": [],
  "accept_temporary": false,
  "fly_in_fly_out_duration": [],
  "work_format": [
    {
      "id": "ON_SITE",
      "name": "На месте работодателя"
    }
  ],
  "working_hours": [
    {
      "id": "HOURS_8",
      "name": "8 часов"
    }
  ],
  "work_schedule_by_days": [
    {
      "id": "FIVE_ON_TWO_OFF",
      "name": "5/2"
    }
  ],
  "night_shifts": false,
  "professional_roles": [
    {
      "id": "96",
      "name": "Программист, разработчик"
    }
  ],
  "accept_incomplete_resumes": false,
  "experience": {
    "id": "between1And3",
    "name": "От 1 года до 3 лет"
  },
  "employment": {
    "id": "full",
    "name": "Полная занятость"
  },
  "employment_form": {
    "id": "FULL",
    "name": "Полная"
  },
  "internship": false,
  "adv_response_url": null,
  "is_adv_vacancy": false,
  "adv_context": null
}