{
  "id": "128162701",
  "premium": false,
  "name": "Инженер-программист (.Net)",
  "department": null,
  "has_test": false,
  "response_letter_required": false,
  "area": {
    "id": "1002",
    "name": "Минск",
    "url": "https://api.hh.ru/areas/1002"
  },
  "salary": {
    "from": 3500,
    "to": null,
    "currency": "BYR",
    "gross": false
  },
  "salary_range": {
    "from": 3500,
    "to": null,
    "currency": "BYR",
    "gross": false,
    "mode": {
      "id": "MONTH",
      "name": "За месяц"
    },
    "frequency": {
      "id": "TWICE_PER_MONTH",
      "name": "Два раза в месяц"
    }
  },
  "type": {
    "id": "open",
    "name": "Открытая"
  },
  "address": {
    "city": "Минск",
    "street": "улица Скрыганова",
    "building": "14",
    "lat": 53.909339,
    "lng": 27.522817,
    "description": null,
    "raw": "Минск, улица Скрыганова, 14",
    "metro": {
      "station_name": "Молодежная",
      "line_name": "Автозаводская",
      "station_id": "63.420",
      "line_id": "63",
      "lat": 53.906527,
      "lng": 27.521308
    },
    "metro_stations": [
      {
        "station_name": "Молодежная",
        "line_name": "Автозаводская",
        "station_id": "63.420",
        "line_id": "63",
        "lat": 53.906527,
        "lng": 27.521308
      },
      {
        "station_name": "Площадь Франтишка Богушевича",
        "line_name": "Зеленолужская",
        "station_id": "134.798",
        "line_id": "134",
        "lat": 53.896667,
        "lng": 27.538333
      },
      {
        "station_name": "Фрунзенская",
        "line_name": "Автозаводская",
        "station_id": "63.421",
        "line_id": "63",
        "lat": 53.905286,
        "lng": 27.539328
      },
      {
        "station_name": "Юбилейная площадь",
        "line_name": "Зеленолужская",
        "station_id": "134.797",
        "line_id": "134",
        "lat": 53.904406,
        "lng": 27.539975
      }
    ],
    "id": "20832067"
  },
  "response_url": null,
  "sort_point_distance": null,
  "published_at": "2025-12-22T14:46:08+06:00",
  "created_at": "2025-12-22T14:46:08+06:00",
  "archived": false,
  "apply_alternate_url": "https://hh.ru/applicant/vacancy_response?vacancyId=128162701",
  "show_logo_in_search": null,
  "show_contacts": false,
  "insider_interview": null,
  "url": "https://api.hh.ru/vacancies/128162701?host=hh.ru",
  "alternate_url": "https://hh.ru/vacancy/128162701",
  "relations": [],
  "employer": {
    "id": "794970",
    "name": "ИВЦ Минфина",
    "url": "https://api.hh.ru/employers/794970",
    "alternate_url": "https://hh.ru/employer/794970",
    "logo_urls": {
      "original": "https://img.hhcdn.ru/employer-logo-original/1385392.png",
      "90": "https://img.hhcdn.ru/employer-logo/7161355.png",
      "240": "https://img.hhcdn.ru/employer-logo/7161356.png"
    },
    "vacancies_url": "https://api.hh.ru/vacancies?employer_id=794970",
    "country_id": 4,
    "accredited_it_employer": false,
    "trusted": true
  },
  "snippet": {
    "requirement": "Практический опыт работы от 3 лет. Хорошие знания <highlighttext>.NET</highlighttext> 8+, REST API, OIDC, OAUTH 2.0, EF Core, PostgreSQL...",
    "responsibility": "Разработка программного обеспечения. Участие в проектировании архитектуры программного обеспечения. Проведение модульного и интеграционного тестирования. Устранение ошибок и багов в программном..."
  },
  "contacts": null,
  "schedule": {
    "id": "fullDay",
    "name": "Полный день"
  },
  "working_days": [],
  "working_time_intervals": [],
  "working_time_modes": [],
  "accept_temporary": false,
  "fly_in_fly_out_duration": [],
  "work_format": [
    {
      "id": "ON_SITE",
      "name": "На месте работодателя"
    }
  ],
  "working_hours": [
    {
      "id": "HOURS_8",
      "name": "8 часов"
    }
  ],
  "work_schedule_by_days": [
    {
      "id": "FIVE_ON_TWO_OFF",
      "name": "5/2"
    }
  ],
  "night_shifts": false,
  "professional_roles": [
    {
      "id": "96",
      "name": "Программист, разработчик"
    }
  ],
  "accept_incomplete_resumes": false,
  "experience": {
    "id": "between3And6",
    "name": "От 3 до 6 лет"
  },
  "employment": {
    "id": "full",
    "name": "Полная занятость"
  },
  "employment_form": {
    "id": "FULL",
    "name": "Полная"
  },
  "internship": false,
  "adv_response_url": null,
  "is_adv_vacancy": false,
  "adv_context": null
}