{
  "id": "128141440",
  "premium": false,
  "name": "Teamlead команды разработки",
  "department": null,
  "has_test": false,
  "response_letter_required": false,
  "area": {
    "id": "160",
    "name": "Алматы",
    "url": "https://api.hh.ru/areas/160"
  },
  "salary": {
    "from": 1700000,
    "to": 1900000,
    "currency": "KZT",
    "gross": false
  },
  "salary_range": {
    "from": 1700000,
    "to": 1900000,
    "currency": "KZT",
    "gross": false,
    "mode": {
      "id": "MONTH",
      "name": "За месяц"
    },
    "frequency": {
      "id": "MONTHLY",
      "name": "Раз в месяц"
    }
  },
  "type": {
    "id": "open",
    "name": "Открытая"
  },
  "address": null,
  "response_url": null,
  "sort_point_distance": null,
  "published_at": "2025-11-27T18:20:22+06:00",
  "created_at": "2025-11-27T18:20:22+06:00",
  "archived": false,
  "apply_alternate_url": "https://hh.ru/applicant/vacancy_response?vacancyId=128141440",
  "show_logo_in_search": null,
  "show_contacts": false,
  "insider_interview": null,
  "url": "https://api.hh.ru/vacancies/128141440?host=hh.ru",
  "alternate_url": "https://hh.ru/vacancy/128141440",
  "relations": [],
  "employer": {
    "id": "10780378",
    "name": "Teez",
    "url": "https://api.hh.ru/employers/10780378",
    "alternate_url": "https://hh.ru/employer/10780378",
    "logo_urls": {
      "original": "https://img.hhcdn.ru/employer-logo-original-round/6731961.jpeg",
      "90": "https://img.hhcdn.ru/employer-logo-round/6731962.jpeg",
      "240": "https://img.hhcdn.ru/employer-logo-round/6731963.jpeg"
    },
    "vacancies_url": "https://api.hh.ru/vacancies?employer_id=10780378",
    "country_id": 3,
    "accredited_it_employer": false,
    "trusted": true
  },
  "snippet": {
    "requirement": "Опыт backend-разработки на <highlighttext>C#</highlighttext>/<highlighttext>.NET</highlighttext> Core от 3 лет. Опыт работы с PostgreSQL, понимание индексов и оптимизации запросов. ",
    "responsibility": "Hands-on разработка на <highlighttext>C#</highlighttext>/<highlighttext>.NET</highlighttext> Core. Проектирование и развитие архитектуры сервиса. Код-ревью и менторинг разработчиков. Внедрение технических практик..."
  },
  "contacts": null,
  "schedule": {
    "id": "remote",
    "name": "Удаленная работа"
  },
  "working_days": [],
  "working_time_intervals": [],
  "working_time_modes": [],
  "accept_temporary": false,
  "fly_in_fly_out_duration": [],
  "work_format": [
    {
      "id": "REMOTE",
      "name": "Удалённо"
    },
    {
      "id": "HYBRID",
      "name": "Гибрид"
    }
  ],
  "working_hours": [
    {
      "id": "HOURS_8",
      "name": "8 часов"
    }
  ],
  "work_schedule_by_days": [
    {
      "id": "FIVE_ON_TWO_OFF",
      "name": "5/2"
    }
  ],
  "night_shifts": false,
  "professional_roles": [
    {
      "id": "104",
      "name": "Руководитель группы разработки"
    }
  ],
  "accept_incomplete_resumes": false,
  "experience": {
    "id": "between3And6",
    "name": "От 3 до 6 лет"
  },
  "employment": {
    "id": "full",
    "name": "Полная занятость"
  },
  "employment_form": {
    "id": "FULL",
    "name": "Полная"
  },
  "internship": false,
  "adv_response_url": null,
  "is_adv_vacancy": false,
  "adv_context": null
}