{
  "id": "128159052",
  "premium": false,
  "name": "Инженер-разработчик информационных систем (MES)",
  "department": null,
  "has_test": false,
  "response_letter_required": false,
  "area": {
    "id": "24",
    "name": "Волгоград",
    "url": "https://api.hh.ru/areas/24"
  },
  "salary": null,
  "salary_range": null,
  "type": {
    "id": "open",
    "name": "Открытая"
  },
  "address": {
    "city": "Волгоград",
    "street": "проспект имени В.И. Ленина",
    "building": "50А",
    "lat": 48.723527,
    "lng": 44.536747,
    "description": null,
    "raw": "Волгоград, проспект имени В.И. Ленина, 50А",
    "metro": null,
    "metro_stations": [],
    "id": "20830592"
  },
  "response_url": null,
  "sort_point_distance": null,
  "published_at": "2025-11-28T13:33:16+06:00",
  "created_at": "2025-11-28T13:33:16+06:00",
  "archived": false,
  "apply_alternate_url": "https://hh.ru/applicant/vacancy_response?vacancyId=128159052",
  "show_logo_in_search": null,
  "show_contacts": true,
  "insider_interview": null,
  "url": "https://api.hh.ru/vacancies/128159052?host=hh.ru",
  "alternate_url": "https://hh.ru/vacancy/128159052",
  "relations": [],
  "employer": {
    "id": "9249",
    "name": "ИндаСофт",
    "url": "https://api.hh.ru/employers/9249",
    "alternate_url": "https://hh.ru/employer/9249",
    "logo_urls": {
      "original": "https://img.hhcdn.ru/employer-logo-original/1404580.png",
      "90": "https://img.hhcdn.ru/employer-logo/7237988.png",
      "240": "https://img.hhcdn.ru/employer-logo/7237989.png"
    },
    "vacancies_url": "https://api.hh.ru/vacancies?employer_id=9249",
    "country_id": 1,
    "accredited_it_employer": true,
    "trusted": true
  },
  "snippet": {
    "requirement": "Знания и опыт работы в области АСУТП, ПЛК, SCADA. Навыки программирования – MS SQL, PostgreSQL, <highlighttext>С#</highlighttext>, JavaScript. Основы администрирования – Linux, PostgreSQL. ",
    "responsibility": "Диспетчерское управление. Производственный учёт. Управление качеством. Учет энергоресурсов. Моделирование и оптимизация производственных и технологических процессов. Участие в проектах по внедрению..."
  },
  "contacts": null,
  "schedule": {
    "id": "fullDay",
    "name": "Полный день"
  },
  "working_days": [],
  "working_time_intervals": [],
  "working_time_modes": [],
  "accept_temporary": false,
  "fly_in_fly_out_duration": [],
  "work_format": [
    {
      "id": "ON_SITE",
      "name": "На месте работодателя"
    }
  ],
  "working_hours": [
    {
      "id": "HOURS_8",
      "name": "8 часов"
    }
  ],
  "work_schedule_by_days": [
    {
      "id": "FIVE_ON_TWO_OFF",
      "name": "5/2"
    }
  ],
  "night_shifts": false,
  "professional_roles": [
    {
      "id": "96",
      "name": "Программист, разработчик"
    }
  ],
  "accept_incomplete_resumes": false,
  "experience": {
    "id": "between1And3",
    "name": "От 1 года до 3 лет"
  },
  "employment": {
    "id": "full",
    "name": "Полная занятость"
  },
  "employment_form": {
    "id": "FULL",
    "name": "Полная"
  },
  "internship": false,
  "adv_response_url": null,
  "is_adv_vacancy": false,
  "adv_context": null
}