{
  "id": "128123589",
  "premium": false,
  "name": "Middle .NET Developer",
  "department": null,
  "has_test": false,
  "response_letter_required": false,
  "area": {
    "id": "1002",
    "name": "Минск",
    "url": "https://api.hh.ru/areas/1002"
  },
  "salary": null,
  "salary_range": null,
  "type": {
    "id": "open",
    "name": "Открытая"
  },
  "address": {
    "city": "Минск",
    "street": "Ленинский район, микрорайон Лошица, улица Прушинских",
    "building": "31А",
    "lat": 53.834208,
    "lng": 27.580363,
    "description": null,
    "raw": "Минск, Ленинский район, микрорайон Лошица, улица Прушинских, 31А",
    "metro": null,
    "metro_stations": [],
    "id": "15265788"
  },
  "response_url": null,
  "sort_point_distance": null,
  "published_at": "2025-11-27T13:19:01+06:00",
  "created_at": "2025-11-27T13:19:01+06:00",
  "archived": false,
  "apply_alternate_url": "https://hh.ru/applicant/vacancy_response?vacancyId=128123589",
  "show_logo_in_search": null,
  "show_contacts": false,
  "insider_interview": null,
  "url": "https://api.hh.ru/vacancies/128123589?host=hh.ru",
  "alternate_url": "https://hh.ru/vacancy/128123589",
  "relations": [],
  "employer": {
    "id": "10607180",
    "name": "Немика софт, ЧП",
    "url": "https://api.hh.ru/employers/10607180",
    "alternate_url": "https://hh.ru/employer/10607180",
    "logo_urls": {
      "original": "https://img.hhcdn.ru/employer-logo-original-round/6589708.png",
      "90": "https://img.hhcdn.ru/employer-logo-round/6589709.png",
      "240": "https://img.hhcdn.ru/employer-logo-round/6589710.png"
    },
    "vacancies_url": "https://api.hh.ru/vacancies?employer_id=10607180",
    "country_id": 4,
    "accredited_it_employer": false,
    "trusted": true
  },
  "snippet": {
    "requirement": "Опыт коммерческой разработки на платформе <highlighttext>.NET</highlighttext> (ASP.NET, WEB API) от <highlighttext>.NET</highlighttext> Core 3.1 и выше. Опыт применения ORM (EntityFramework...",
    "responsibility": null
  },
  "contacts": null,
  "schedule": {
    "id": "fullDay",
    "name": "Полный день"
  },
  "working_days": [],
  "working_time_intervals": [],
  "working_time_modes": [],
  "accept_temporary": false,
  "fly_in_fly_out_duration": [],
  "work_format": [
    {
      "id": "ON_SITE",
      "name": "На месте работодателя"
    }
  ],
  "working_hours": [
    {
      "id": "HOURS_8",
      "name": "8 часов"
    }
  ],
  "work_schedule_by_days": [
    {
      "id": "FIVE_ON_TWO_OFF",
      "name": "5/2"
    }
  ],
  "night_shifts": false,
  "professional_roles": [
    {
      "id": "96",
      "name": "Программист, разработчик"
    }
  ],
  "accept_incomplete_resumes": false,
  "experience": {
    "id": "between1And3",
    "name": "От 1 года до 3 лет"
  },
  "employment": {
    "id": "full",
    "name": "Полная занятость"
  },
  "employment_form": {
    "id": "FULL",
    "name": "Полная"
  },
  "internship": false,
  "adv_response_url": null,
  "is_adv_vacancy": false,
  "adv_context": null
}