{
  "id": "128153357",
  "premium": false,
  "name": "Инженер-разработчик ПО на С#",
  "department": null,
  "has_test": false,
  "response_letter_required": false,
  "area": {
    "id": "11",
    "name": "Барнаул",
    "url": "https://api.hh.ru/areas/11"
  },
  "salary": {
    "from": 80000,
    "to": 120000,
    "currency": "RUR",
    "gross": false
  },
  "salary_range": {
    "from": 80000,
    "to": 120000,
    "currency": "RUR",
    "gross": false,
    "mode": {
      "id": "MONTH",
      "name": "За месяц"
    },
    "frequency": {
      "id": "TWICE_PER_MONTH",
      "name": "Два раза в месяц"
    }
  },
  "type": {
    "id": "open",
    "name": "Открытая"
  },
  "address": {
    "city": "Барнаул",
    "street": "Павловский тракт",
    "building": "63А",
    "lat": 53.340167,
    "lng": 83.723281,
    "description": null,
    "raw": "Барнаул, Павловский тракт, 63А",
    "metro": null,
    "metro_stations": [],
    "id": "18832916"
  },
  "response_url": null,
  "sort_point_distance": null,
  "published_at": "2025-11-28T11:09:32+06:00",
  "created_at": "2025-11-28T11:09:32+06:00",
  "archived": false,
  "apply_alternate_url": "https://hh.ru/applicant/vacancy_response?vacancyId=128153357",
  "show_logo_in_search": null,
  "show_contacts": true,
  "insider_interview": null,
  "url": "https://api.hh.ru/vacancies/128153357?host=hh.ru",
  "alternate_url": "https://hh.ru/vacancy/128153357",
  "relations": [],
  "employer": {
    "id": "3900736",
    "name": "Комплексная Интеграция",
    "url": "https://api.hh.ru/employers/3900736",
    "alternate_url": "https://hh.ru/employer/3900736",
    "logo_urls": {
      "original": "https://img.hhcdn.ru/employer-logo-original/1410744.png",
      "90": "https://img.hhcdn.ru/employer-logo/7262636.png",
      "240": "https://img.hhcdn.ru/employer-logo/7262637.png"
    },
    "vacancies_url": "https://api.hh.ru/vacancies?employer_id=3900736",
    "country_id": 1,
    "accredited_it_employer": false,
    "trusted": true
  },
  "snippet": {
    "requirement": "Уверенное владение <highlighttext>C#</highlighttext> и опыт работы с Git для управления версиями кода. - Умение быстро осваивать новые инструменты и оборудование. - ",
    "responsibility": "Разработка и поддержка модульного программного комплекса для управления оборудованием на производственных предприятиях, включая роботизированные манипуляторы и системы машинного зрения. - "
  },
  "contacts": null,
  "schedule": {
    "id": "fullDay",
    "name": "Полный день"
  },
  "working_days": [],
  "working_time_intervals": [],
  "working_time_modes": [],
  "accept_temporary": false,
  "fly_in_fly_out_duration": [],
  "work_format": [
    {
      "id": "ON_SITE",
      "name": "На месте работодателя"
    }
  ],
  "working_hours": [
    {
      "id": "HOURS_8",
      "name": "8 часов"
    }
  ],
  "work_schedule_by_days": [
    {
      "id": "FIVE_ON_TWO_OFF",
      "name": "5/2"
    }
  ],
  "night_shifts": false,
  "professional_roles": [
    {
      "id": "96",
      "name": "Программист, разработчик"
    }
  ],
  "accept_incomplete_resumes": false,
  "experience": {
    "id": "between1And3",
    "name": "От 1 года до 3 лет"
  },
  "employment": {
    "id": "full",
    "name": "Полная занятость"
  },
  "employment_form": {
    "id": "FULL",
    "name": "Полная"
  },
  "internship": false,
  "adv_response_url": null,
  "is_adv_vacancy": false,
  "adv_context": null
}