{
  "id": "128104844",
  "premium": false,
  "name": "QA Engineer (Manual, Automation)",
  "department": null,
  "has_test": false,
  "response_letter_required": false,
  "area": {
    "id": "1",
    "name": "Москва",
    "url": "https://api.hh.ru/areas/1"
  },
  "salary": null,
  "salary_range": null,
  "type": {
    "id": "open",
    "name": "Открытая"
  },
  "address": {
    "city": "Москва",
    "street": "Михайловский проезд",
    "building": "1с1",
    "lat": 55.731754,
    "lng": 37.686437,
    "description": null,
    "raw": "Москва, Михайловский проезд, 1с1",
    "metro": {
      "station_name": "Волгоградский проспект",
      "line_name": "Таганско-Краснопресненская",
      "station_id": "7.31",
      "line_id": "7",
      "lat": 55.725546,
      "lng": 37.685197
    },
    "metro_stations": [
      {
        "station_name": "Волгоградский проспект",
        "line_name": "Таганско-Краснопресненская",
        "station_id": "7.31",
        "line_id": "7",
        "lat": 55.725546,
        "lng": 37.685197
      }
    ],
    "id": "3291386"
  },
  "response_url": null,
  "sort_point_distance": null,
  "published_at": "2025-12-23T23:51:24+06:00",
  "created_at": "2025-12-23T23:51:24+06:00",
  "archived": false,
  "apply_alternate_url": "https://hh.ru/applicant/vacancy_response?vacancyId=128104844",
  "show_logo_in_search": null,
  "show_contacts": false,
  "insider_interview": null,
  "url": "https://api.hh.ru/vacancies/128104844?host=hh.ru",
  "alternate_url": "https://hh.ru/vacancy/128104844",
  "relations": [],
  "employer": {
    "id": "4380296",
    "name": "Нью ривер",
    "url": "https://api.hh.ru/employers/4380296",
    "alternate_url": "https://hh.ru/employer/4380296",
    "logo_urls": {
      "original": "https://img.hhcdn.ru/employer-logo-original-round/4024630.jpeg",
      "90": "https://img.hhcdn.ru/employer-logo-round/4024631.jpeg",
      "240": "https://img.hhcdn.ru/employer-logo-round/4024632.jpeg"
    },
    "vacancies_url": "https://api.hh.ru/vacancies?employer_id=4380296",
    "country_id": 1,
    "accredited_it_employer": true,
    "trusted": true
  },
  "snippet": {
    "requirement": "Опыт в тестирования от 3+ лет. Базовое понимания написания автотестов API на <highlighttext>C#</highlighttext>/Python/JS. Понимание принципов CI/CD. ",
    "responsibility": "IT компания, имеющая аккредитацию в Минцифры. Управляем ценами крупнейших компаний и селлеров на маркетплейсах (в связи с NDA данные о..."
  },
  "contacts": null,
  "schedule": {
    "id": "remote",
    "name": "Удаленная работа"
  },
  "working_days": [],
  "working_time_intervals": [],
  "working_time_modes": [],
  "accept_temporary": false,
  "fly_in_fly_out_duration": [],
  "work_format": [
    {
      "id": "REMOTE",
      "name": "Удалённо"
    },
    {
      "id": "HYBRID",
      "name": "Гибрид"
    }
  ],
  "working_hours": [
    {
      "id": "HOURS_8",
      "name": "8 часов"
    }
  ],
  "work_schedule_by_days": [
    {
      "id": "FIVE_ON_TWO_OFF",
      "name": "5/2"
    }
  ],
  "night_shifts": false,
  "professional_roles": [
    {
      "id": "124",
      "name": "Тестировщик"
    }
  ],
  "accept_incomplete_resumes": false,
  "experience": {
    "id": "between3And6",
    "name": "От 3 до 6 лет"
  },
  "employment": {
    "id": "full",
    "name": "Полная занятость"
  },
  "employment_form": {
    "id": "FULL",
    "name": "Полная"
  },
  "internship": false,
  "adv_response_url": null,
  "is_adv_vacancy": false,
  "adv_context": null
}