{
  "id": "128180902",
  "premium": false,
  "name": "Инженер-монтажник РЭА",
  "department": null,
  "has_test": false,
  "response_letter_required": false,
  "area": {
    "id": "1",
    "name": "Москва",
    "url": "https://api.hh.ru/areas/1"
  },
  "salary": {
    "from": 120000,
    "to": 160000,
    "currency": "RUR",
    "gross": false
  },
  "salary_range": {
    "from": 120000,
    "to": 160000,
    "currency": "RUR",
    "gross": false,
    "mode": {
      "id": "MONTH",
      "name": "За месяц"
    },
    "frequency": {
      "id": "TWICE_PER_MONTH",
      "name": "Два раза в месяц"
    }
  },
  "type": {
    "id": "open",
    "name": "Открытая"
  },
  "address": {
    "city": "Москва",
    "street": "Электрозаводская улица",
    "building": "52с4",
    "lat": 55.793045,
    "lng": 37.708751,
    "description": null,
    "raw": "Москва, Электрозаводская улица, 52с4",
    "metro": {
      "station_name": "Преображенская площадь",
      "line_name": "Сокольническая",
      "station_id": "1.117",
      "line_id": "1",
      "lat": 55.796322,
      "lng": 37.713582
    },
    "metro_stations": [
      {
        "station_name": "Преображенская площадь",
        "line_name": "Сокольническая",
        "station_id": "1.117",
        "line_id": "1",
        "lat": 55.796322,
        "lng": 37.713582
      },
      {
        "station_name": "Электрозаводская",
        "line_name": "Арбатско-Покровская",
        "station_id": "3.161",
        "line_id": "3",
        "lat": 55.782057,
        "lng": 37.7053
      },
      {
        "station_name": "Электрозаводская",
        "line_name": "Большая кольцевая линия",
        "station_id": "97.803",
        "line_id": "97",
        "lat": 55.782057,
        "lng": 37.7053
      },
      {
        "station_name": "Электрозаводская",
        "line_name": "Некрасовская",
        "station_id": "98.802",
        "line_id": "98",
        "lat": 55.782057,
        "lng": 37.7053
      }
    ],
    "id": "18467279"
  },
  "response_url": null,
  "sort_point_distance": null,
  "published_at": "2025-11-28T19:03:28+06:00",
  "created_at": "2025-11-28T19:03:28+06:00",
  "archived": false,
  "apply_alternate_url": "https://hh.ru/applicant/vacancy_response?vacancyId=128180902",
  "show_logo_in_search": null,
  "show_contacts": true,
  "insider_interview": null,
  "url": "https://api.hh.ru/vacancies/128180902?host=hh.ru",
  "alternate_url": "https://hh.ru/vacancy/128180902",
  "relations": [],
  "employer": {
    "id": "11603755",
    "name": "ОКБ Нефтегаздиагностика",
    "url": "https://api.hh.ru/employers/11603755",
    "alternate_url": "https://hh.ru/employer/11603755",
    "logo_urls": {
      "original": "https://img.hhcdn.ru/employer-logo-original-round/7063608.png",
      "90": "https://img.hhcdn.ru/employer-logo-round/7063610.png",
      "240": "https://img.hhcdn.ru/employer-logo-round/7063611.png"
    },
    "vacancies_url": "https://api.hh.ru/vacancies?employer_id=11603755",
    "country_id": 1,
    "accredited_it_employer": false,
    "trusted": true
  },
  "snippet": {
    "requirement": "...нефтегазовых объектах (добыча, переработка, транспортировка). Умение разводить печатные платы. Умение программировать МК. Знание языков высокого уровня (Delphi, <highlighttext>C#</highlighttext> и тп.).",
    "responsibility": "Ручной монтаж / демонтаж SMD и DIP компонентов размером от 0402 на печатные платы с использованием паяльной станции с термофеном и..."
  },
  "contacts": null,
  "schedule": {
    "id": "fullDay",
    "name": "Полный день"
  },
  "working_days": [],
  "working_time_intervals": [],
  "working_time_modes": [],
  "accept_temporary": false,
  "fly_in_fly_out_duration": [],
  "work_format": [
    {
      "id": "HYBRID",
      "name": "Гибрид"
    }
  ],
  "working_hours": [
    {
      "id": "HOURS_8",
      "name": "8 часов"
    }
  ],
  "work_schedule_by_days": [
    {
      "id": "FIVE_ON_TWO_OFF",
      "name": "5/2"
    }
  ],
  "night_shifts": false,
  "professional_roles": [
    {
      "id": "169",
      "name": "Инженер-электроник, инженер-электронщик"
    }
  ],
  "accept_incomplete_resumes": false,
  "experience": {
    "id": "between3And6",
    "name": "От 3 до 6 лет"
  },
  "employment": {
    "id": "full",
    "name": "Полная занятость"
  },
  "employment_form": {
    "id": "FULL",
    "name": "Полная"
  },
  "internship": false,
  "adv_response_url": null,
  "is_adv_vacancy": false,
  "adv_context": null
}