{
  "id": "128101081",
  "premium": false,
  "name": "Unity-разработчик (GameDev)",
  "department": null,
  "has_test": false,
  "response_letter_required": false,
  "area": {
    "id": "1",
    "name": "Москва",
    "url": "https://api.hh.ru/areas/1"
  },
  "salary": null,
  "salary_range": null,
  "type": {
    "id": "open",
    "name": "Открытая"
  },
  "address": {
    "city": "Москва",
    "street": "Московское центральное кольцо",
    "building": "станция Автозаводская",
    "lat": 55.705488,
    "lng": 37.661626,
    "description": null,
    "raw": "Москва, Московское центральное кольцо, станция Автозаводская",
    "metro": {
      "station_name": "Автозаводская",
      "line_name": "Замоскворецкая",
      "station_id": "2.2",
      "line_id": "2",
      "lat": 55.706634,
      "lng": 37.657008
    },
    "metro_stations": [
      {
        "station_name": "Автозаводская",
        "line_name": "Замоскворецкая",
        "station_id": "2.2",
        "line_id": "2",
        "lat": 55.706634,
        "lng": 37.657008
      },
      {
        "station_name": "Автозаводская",
        "line_name": "МЦК",
        "station_id": "95.530",
        "line_id": "95",
        "lat": 55.70631,
        "lng": 37.66314
      }
    ],
    "id": "6501129"
  },
  "response_url": null,
  "sort_point_distance": null,
  "published_at": "2025-11-26T21:15:53+06:00",
  "created_at": "2025-11-26T21:15:53+06:00",
  "archived": false,
  "apply_alternate_url": "https://hh.ru/applicant/vacancy_response?vacancyId=128101081",
  "show_logo_in_search": null,
  "show_contacts": false,
  "insider_interview": null,
  "url": "https://api.hh.ru/vacancies/128101081?host=hh.ru",
  "alternate_url": "https://hh.ru/vacancy/128101081",
  "relations": [],
  "employer": {
    "id": "5739932",
    "name": "Mad Pixel",
    "url": "https://api.hh.ru/employers/5739932",
    "alternate_url": "https://hh.ru/employer/5739932",
    "logo_urls": {
      "original": "https://img.hhcdn.ru/employer-logo-original-round/4015518.png",
      "90": "https://img.hhcdn.ru/employer-logo-round/4015519.png",
      "240": "https://img.hhcdn.ru/employer-logo-round/4015520.png"
    },
    "vacancies_url": "https://api.hh.ru/vacancies?employer_id=5739932",
    "country_id": 1,
    "accredited_it_employer": false,
    "trusted": true
  },
  "snippet": {
    "requirement": "Хорошее знание инструментов Unity и <highlighttext>C#</highlighttext>. Знакомство с паттернами программирования и принципами ООП. Умение работать в команде. Знание английского для...",
    "responsibility": "Участие в разработке мобильных игр на Unity (iOS, Android). Поддержка уже выпущенных проектов. Реализация различных игровых механик. Верстка игровых интерфейсов..."
  },
  "contacts": null,
  "schedule": {
    "id": "fullDay",
    "name": "Полный день"
  },
  "working_days": [],
  "working_time_intervals": [],
  "working_time_modes": [],
  "accept_temporary": true,
  "fly_in_fly_out_duration": [],
  "work_format": [
    {
      "id": "ON_SITE",
      "name": "На месте работодателя"
    }
  ],
  "working_hours": [
    {
      "id": "HOURS_8",
      "name": "8 часов"
    }
  ],
  "work_schedule_by_days": [
    {
      "id": "FIVE_ON_TWO_OFF",
      "name": "5/2"
    }
  ],
  "night_shifts": false,
  "professional_roles": [
    {
      "id": "96",
      "name": "Программист, разработчик"
    }
  ],
  "accept_incomplete_resumes": false,
  "experience": {
    "id": "between3And6",
    "name": "От 3 до 6 лет"
  },
  "employment": {
    "id": "full",
    "name": "Полная занятость"
  },
  "employment_form": {
    "id": "FULL",
    "name": "Полная"
  },
  "internship": false,
  "adv_response_url": null,
  "is_adv_vacancy": false,
  "adv_context": null
}