{
  "id": "128172598",
  "premium": false,
  "name": "BIM-менеджер",
  "department": null,
  "has_test": false,
  "response_letter_required": false,
  "area": {
    "id": "1002",
    "name": "Минск",
    "url": "https://api.hh.ru/areas/1002"
  },
  "salary": {
    "from": 4000,
    "to": null,
    "currency": "BYR",
    "gross": true
  },
  "salary_range": {
    "from": 4000,
    "to": null,
    "currency": "BYR",
    "gross": true,
    "mode": {
      "id": "MONTH",
      "name": "За месяц"
    },
    "frequency": {
      "id": "TWICE_PER_MONTH",
      "name": "Два раза в месяц"
    }
  },
  "type": {
    "id": "open",
    "name": "Открытая"
  },
  "address": {
    "city": "Минск",
    "street": "улица Тимирязева",
    "building": "72к1",
    "lat": 53.925635,
    "lng": 27.512244,
    "description": null,
    "raw": "Минск, улица Тимирязева, 72к1",
    "metro": null,
    "metro_stations": [],
    "id": "14601347"
  },
  "response_url": null,
  "sort_point_distance": null,
  "published_at": "2025-11-28T16:49:22+06:00",
  "created_at": "2025-11-28T16:49:22+06:00",
  "archived": false,
  "apply_alternate_url": "https://hh.ru/applicant/vacancy_response?vacancyId=128172598",
  "show_logo_in_search": null,
  "show_contacts": true,
  "insider_interview": null,
  "url": "https://api.hh.ru/vacancies/128172598?host=hh.ru",
  "alternate_url": "https://hh.ru/vacancy/128172598",
  "relations": [],
  "employer": {
    "id": "9898651",
    "name": "Эркер групп",
    "url": "https://api.hh.ru/employers/9898651",
    "alternate_url": "https://hh.ru/employer/9898651",
    "logo_urls": {
      "original": "https://img.hhcdn.ru/employer-logo-original/1404781.png",
      "90": "https://img.hhcdn.ru/employer-logo/7238792.png",
      "240": "https://img.hhcdn.ru/employer-logo/7238793.png"
    },
    "vacancies_url": "https://api.hh.ru/vacancies?employer_id=9898651",
    "country_id": 4,
    "accredited_it_employer": false,
    "trusted": true
  },
  "snippet": {
    "requirement": "Наличие профильного высшего образования. Знание AutoCad, Revit. Знание основ программирования (Python, <highlighttext>C#</highlighttext>) для глубокой кастомизации Revit (желательно). Базовые знания в...",
    "responsibility": "Решение всех вопросов, связанных с применением BIM – технологий в проектировании, обеспечения симбиоза (Revit-AutoCAD) всех смежных разделов и различного BIM..."
  },
  "contacts": null,
  "schedule": {
    "id": "fullDay",
    "name": "Полный день"
  },
  "working_days": [],
  "working_time_intervals": [],
  "working_time_modes": [],
  "accept_temporary": false,
  "fly_in_fly_out_duration": [],
  "work_format": [
    {
      "id": "ON_SITE",
      "name": "На месте работодателя"
    }
  ],
  "working_hours": [
    {
      "id": "HOURS_8",
      "name": "8 часов"
    }
  ],
  "work_schedule_by_days": [
    {
      "id": "FIVE_ON_TWO_OFF",
      "name": "5/2"
    }
  ],
  "night_shifts": false,
  "professional_roles": [
    {
      "id": "14",
      "name": "Архитектор"
    }
  ],
  "accept_incomplete_resumes": false,
  "experience": {
    "id": "between3And6",
    "name": "От 3 до 6 лет"
  },
  "employment": {
    "id": "full",
    "name": "Полная занятость"
  },
  "employment_form": {
    "id": "FULL",
    "name": "Полная"
  },
  "internship": false,
  "adv_response_url": null,
  "is_adv_vacancy": false,
  "adv_context": null
}