{
  "id": "128128209",
  "premium": false,
  "name": "Middle Full Stack Developer (.NET + Vue)",
  "department": null,
  "has_test": true,
  "response_letter_required": false,
  "area": {
    "id": "2",
    "name": "Санкт-Петербург",
    "url": "https://api.hh.ru/areas/2"
  },
  "salary": null,
  "salary_range": null,
  "type": {
    "id": "open",
    "name": "Открытая"
  },
  "address": null,
  "response_url": null,
  "sort_point_distance": null,
  "published_at": "2025-12-19T16:25:43+06:00",
  "created_at": "2025-12-19T16:25:43+06:00",
  "archived": false,
  "apply_alternate_url": "https://hh.ru/applicant/vacancy_response?vacancyId=128128209",
  "show_logo_in_search": null,
  "show_contacts": false,
  "insider_interview": null,
  "url": "https://api.hh.ru/vacancies/128128209?host=hh.ru",
  "alternate_url": "https://hh.ru/vacancy/128128209",
  "relations": [],
  "employer": {
    "id": "971023",
    "name": "ProSpace",
    "url": "https://api.hh.ru/employers/971023",
    "alternate_url": "https://hh.ru/employer/971023",
    "logo_urls": {
      "original": "https://img.hhcdn.ru/employer-logo-original-round/6924773.png",
      "90": "https://img.hhcdn.ru/employer-logo-round/6924774.png",
      "240": "https://img.hhcdn.ru/employer-logo-round/6924775.png"
    },
    "vacancies_url": "https://api.hh.ru/vacancies?employer_id=971023",
    "country_id": 1,
    "accredited_it_employer": true,
    "trusted": true
  },
  "snippet": {
    "requirement": "3+ лет коммерческой разработки на <highlighttext>.NET</highlighttext>. Опыт работы на JS/TS, желание работать с Vue 3. Опыт работы с...",
    "responsibility": "Разработка и развитие функциональности на <highlighttext>.NET</highlighttext> 8 и Vue 3 (соотношение backend/frontend ~ 80/20). Работа с данными: моделирование, оптимизация..."
  },
  "contacts": null,
  "schedule": {
    "id": "remote",
    "name": "Удаленная работа"
  },
  "working_days": [],
  "working_time_intervals": [],
  "working_time_modes": [],
  "accept_temporary": false,
  "fly_in_fly_out_duration": [],
  "work_format": [
    {
      "id": "REMOTE",
      "name": "Удалённо"
    }
  ],
  "working_hours": [
    {
      "id": "HOURS_8",
      "name": "8 часов"
    }
  ],
  "work_schedule_by_days": [
    {
      "id": "FIVE_ON_TWO_OFF",
      "name": "5/2"
    }
  ],
  "night_shifts": false,
  "professional_roles": [
    {
      "id": "96",
      "name": "Программист, разработчик"
    }
  ],
  "accept_incomplete_resumes": true,
  "experience": {
    "id": "between3And6",
    "name": "От 3 до 6 лет"
  },
  "employment": {
    "id": "full",
    "name": "Полная занятость"
  },
  "employment_form": {
    "id": "FULL",
    "name": "Полная"
  },
  "internship": false,
  "adv_response_url": null,
  "is_adv_vacancy": false,
  "adv_context": null
}