{
  "id": "128158944",
  "premium": false,
  "name": "Системный аналитик WCS",
  "department": null,
  "has_test": false,
  "response_letter_required": false,
  "area": {
    "id": "1",
    "name": "Москва",
    "url": "https://api.hh.ru/areas/1"
  },
  "salary": null,
  "salary_range": null,
  "type": {
    "id": "open",
    "name": "Открытая"
  },
  "address": {
    "city": "Москва",
    "street": "улица Докукина",
    "building": "16с3",
    "lat": 55.84121,
    "lng": 37.64957,
    "description": null,
    "raw": "Москва, улица Докукина, 16с3",
    "metro": {
      "station_name": "Ботанический сад",
      "line_name": "Калужско-Рижская",
      "station_id": "6.24",
      "line_id": "6",
      "lat": 55.844597,
      "lng": 37.637811
    },
    "metro_stations": [
      {
        "station_name": "Ботанический сад",
        "line_name": "Калужско-Рижская",
        "station_id": "6.24",
        "line_id": "6",
        "lat": 55.844597,
        "lng": 37.637811
      },
      {
        "station_name": "Ботанический сад",
        "line_name": "МЦК",
        "station_id": "95.517",
        "line_id": "95",
        "lat": 55.845556,
        "lng": 37.640278
      },
      {
        "station_name": "Ростокино",
        "line_name": "МЦК",
        "station_id": "95.518",
        "line_id": "95",
        "lat": 55.839444,
        "lng": 37.667778
      }
    ],
    "id": "20822310"
  },
  "response_url": null,
  "sort_point_distance": null,
  "published_at": "2025-11-28T13:30:39+06:00",
  "created_at": "2025-11-28T13:30:39+06:00",
  "archived": false,
  "apply_alternate_url": "https://hh.ru/applicant/vacancy_response?vacancyId=128158944",
  "branding": {
    "type": "MAKEUP",
    "tariff": null
  },
  "show_logo_in_search": true,
  "show_contacts": false,
  "insider_interview": null,
  "url": "https://api.hh.ru/vacancies/128158944?host=hh.ru",
  "alternate_url": "https://hh.ru/vacancy/128158944",
  "relations": [],
  "employer": {
    "id": "5588",
    "name": "TKV Group",
    "url": "https://api.hh.ru/employers/5588",
    "alternate_url": "https://hh.ru/employer/5588",
    "logo_urls": {
      "original": "https://img.hhcdn.ru/employer-logo-original-round/6522156.png",
      "90": "https://img.hhcdn.ru/employer-logo-round/6522157.png",
      "240": "https://img.hhcdn.ru/employer-logo-round/6522158.png"
    },
    "vacancies_url": "https://api.hh.ru/vacancies?employer_id=5588",
    "country_id": 1,
    "accredited_it_employer": true,
    "trusted": true
  },
  "snippet": {
    "requirement": "Уверенное владение MS Office. Базовые знания MS SQL, PostgreSQL, <highlighttext>C#</highlighttext>, TCP IP, Архитектура REST и протокол SOAP. Умение работать в...",
    "responsibility": "Разбираться в текущих складских/производственных процессах и искать что можно улучшить. Анализировать как работает роботизированное оборудование и предлагать как сделать..."
  },
  "contacts": null,
  "schedule": {
    "id": "fullDay",
    "name": "Полный день"
  },
  "working_days": [],
  "working_time_intervals": [],
  "working_time_modes": [],
  "accept_temporary": false,
  "fly_in_fly_out_duration": [],
  "work_format": [
    {
      "id": "ON_SITE",
      "name": "На месте работодателя"
    }
  ],
  "working_hours": [
    {
      "id": "HOURS_8",
      "name": "8 часов"
    }
  ],
  "work_schedule_by_days": [
    {
      "id": "FIVE_ON_TWO_OFF",
      "name": "5/2"
    }
  ],
  "night_shifts": false,
  "professional_roles": [
    {
      "id": "148",
      "name": "Системный аналитик"
    }
  ],
  "accept_incomplete_resumes": false,
  "experience": {
    "id": "between1And3",
    "name": "От 1 года до 3 лет"
  },
  "employment": {
    "id": "full",
    "name": "Полная занятость"
  },
  "employment_form": {
    "id": "FULL",
    "name": "Полная"
  },
  "internship": false,
  "adv_response_url": null,
  "is_adv_vacancy": false,
  "adv_context": null
}