{
  "id": "128164097",
  "premium": false,
  "name": "Senior C# developer (Team Lead)",
  "department": null,
  "has_test": false,
  "response_letter_required": false,
  "area": {
    "id": "1",
    "name": "Москва",
    "url": "https://api.hh.ru/areas/1"
  },
  "salary": null,
  "salary_range": null,
  "type": {
    "id": "open",
    "name": "Открытая"
  },
  "address": null,
  "response_url": null,
  "sort_point_distance": null,
  "published_at": "2025-11-28T15:11:34+06:00",
  "created_at": "2025-11-28T15:11:34+06:00",
  "archived": false,
  "apply_alternate_url": "https://hh.ru/applicant/vacancy_response?vacancyId=128164097",
  "show_logo_in_search": null,
  "show_contacts": true,
  "insider_interview": null,
  "url": "https://api.hh.ru/vacancies/128164097?host=hh.ru",
  "alternate_url": "https://hh.ru/vacancy/128164097",
  "relations": [],
  "employer": {
    "id": "2918424",
    "name": "ROGII",
    "url": "https://api.hh.ru/employers/2918424",
    "alternate_url": "https://hh.ru/employer/2918424",
    "logo_urls": {
      "original": "https://img.hhcdn.ru/employer-logo-original-round/3404860.png",
      "90": "https://img.hhcdn.ru/employer-logo-round/3404861.png",
      "240": "https://img.hhcdn.ru/employer-logo-round/3404862.png"
    },
    "vacancies_url": "https://api.hh.ru/vacancies?employer_id=2918424",
    "country_id": 1,
    "accredited_it_employer": true,
    "trusted": true
  },
  "snippet": {
    "requirement": "Опыт работы на позиции <highlighttext>C#</highlighttext> разработчика от 5 лет. Глубокое знание языка <highlighttext>C#</highlighttext> и платформы <highlighttext>.NET</highlighttext>. Опыт работы с базами...",
    "responsibility": "Разработка и поддержка программного обеспечения на <highlighttext>C#</highlighttext>. Реализация web-сервера для агрегации и управления данными. Проектирование, разработка, интеграция разработанных решений..."
  },
  "contacts": null,
  "schedule": {
    "id": "remote",
    "name": "Удаленная работа"
  },
  "working_days": [],
  "working_time_intervals": [],
  "working_time_modes": [],
  "accept_temporary": false,
  "fly_in_fly_out_duration": [],
  "work_format": [
    {
      "id": "REMOTE",
      "name": "Удалённо"
    }
  ],
  "working_hours": [
    {
      "id": "HOURS_8",
      "name": "8 часов"
    }
  ],
  "work_schedule_by_days": [
    {
      "id": "FIVE_ON_TWO_OFF",
      "name": "5/2"
    }
  ],
  "night_shifts": false,
  "professional_roles": [
    {
      "id": "96",
      "name": "Программист, разработчик"
    }
  ],
  "accept_incomplete_resumes": false,
  "experience": {
    "id": "moreThan6",
    "name": "Более 6 лет"
  },
  "employment": {
    "id": "full",
    "name": "Полная занятость"
  },
  "employment_form": {
    "id": "FULL",
    "name": "Полная"
  },
  "internship": false,
  "adv_response_url": null,
  "is_adv_vacancy": false,
  "adv_context": null
}