{
  "id": "128126121",
  "premium": false,
  "name": "Fullstack-разработчик",
  "department": null,
  "has_test": false,
  "response_letter_required": false,
  "area": {
    "id": "159",
    "name": "Астана",
    "url": "https://api.hh.ru/areas/159"
  },
  "salary": null,
  "salary_range": null,
  "type": {
    "id": "open",
    "name": "Открытая"
  },
  "address": {
    "city": "Астана",
    "street": "Коргалжынское шоссе",
    "building": "3Б",
    "lat": 51.145365,
    "lng": 71.40622,
    "description": null,
    "raw": "Астана, Коргалжынское шоссе, 3Б",
    "metro": null,
    "metro_stations": [],
    "id": "19684486"
  },
  "response_url": null,
  "sort_point_distance": null,
  "published_at": "2025-12-24T13:55:00+06:00",
  "created_at": "2025-12-24T13:55:00+06:00",
  "archived": false,
  "apply_alternate_url": "https://hh.ru/applicant/vacancy_response?vacancyId=128126121",
  "show_logo_in_search": null,
  "show_contacts": true,
  "insider_interview": null,
  "url": "https://api.hh.ru/vacancies/128126121?host=hh.ru",
  "alternate_url": "https://hh.ru/vacancy/128126121",
  "relations": [],
  "employer": {
    "id": "1439319",
    "name": "АстанаЭлектроСтройСервис",
    "url": "https://api.hh.ru/employers/1439319",
    "alternate_url": "https://hh.ru/employer/1439319",
    "logo_urls": {
      "original": "https://img.hhcdn.ru/employer-logo-original/1478908.png",
      "90": "https://img.hhcdn.ru/employer-logo/10466925.png",
      "240": "https://img.hhcdn.ru/employer-logo/10466926.png"
    },
    "vacancies_url": "https://api.hh.ru/vacancies?employer_id=1439319",
    "country_id": 3,
    "accredited_it_employer": false,
    "trusted": true
  },
  "snippet": {
    "requirement": "уверенный опыт разработки на одном из языков: Golang / Python / <highlighttext>C#</highlighttext> (обязателен хотя бы один из них). — опыт web-разработки: JavaScript...",
    "responsibility": "Разработчик SCADA-системы (Backend + Web). — участвовать в проектировании архитектуры сервисов: опрос устройств, хранение данных, API, веб-панель. — "
  },
  "contacts": null,
  "schedule": {
    "id": "fullDay",
    "name": "Полный день"
  },
  "working_days": [],
  "working_time_intervals": [],
  "working_time_modes": [],
  "accept_temporary": false,
  "fly_in_fly_out_duration": [],
  "work_format": [
    {
      "id": "ON_SITE",
      "name": "На месте работодателя"
    }
  ],
  "working_hours": [
    {
      "id": "HOURS_8",
      "name": "8 часов"
    }
  ],
  "work_schedule_by_days": [
    {
      "id": "FIVE_ON_TWO_OFF",
      "name": "5/2"
    },
    {
      "id": "FLEXIBLE",
      "name": "Свободный"
    }
  ],
  "night_shifts": false,
  "professional_roles": [
    {
      "id": "96",
      "name": "Программист, разработчик"
    }
  ],
  "accept_incomplete_resumes": false,
  "experience": {
    "id": "between1And3",
    "name": "От 1 года до 3 лет"
  },
  "employment": {
    "id": "full",
    "name": "Полная занятость"
  },
  "employment_form": {
    "id": "FULL",
    "name": "Полная"
  },
  "internship": false,
  "adv_response_url": null,
  "is_adv_vacancy": false,
  "adv_context": null
}