{
  "id": "128194709",
  "premium": false,
  "name": "Системный аналитик",
  "department": null,
  "has_test": false,
  "response_letter_required": false,
  "area": {
    "id": "1",
    "name": "Москва",
    "url": "https://api.hh.ru/areas/1"
  },
  "salary": null,
  "salary_range": null,
  "type": {
    "id": "open",
    "name": "Открытая"
  },
  "address": {
    "city": "Москва",
    "street": "Пресненская набережная",
    "building": "12",
    "lat": 55.749633,
    "lng": 37.537434,
    "description": null,
    "raw": "Москва, Пресненская набережная, 12",
    "metro": {
      "station_name": "Деловой центр",
      "line_name": "Большая кольцевая линия",
      "station_id": "97.603",
      "line_id": "97",
      "lat": 55.7491,
      "lng": 37.5395
    },
    "metro_stations": [
      {
        "station_name": "Деловой центр",
        "line_name": "Большая кольцевая линия",
        "station_id": "97.603",
        "line_id": "97",
        "lat": 55.7491,
        "lng": 37.5395
      },
      {
        "station_name": "Деловой центр",
        "line_name": "Солнцевская",
        "station_id": "133.468",
        "line_id": "133",
        "lat": 55.7491,
        "lng": 37.5395
      },
      {
        "station_name": "Деловой центр (Выставочная)",
        "line_name": "Филевская",
        "station_id": "4.172",
        "line_id": "4",
        "lat": 55.750243,
        "lng": 37.542641
      },
      {
        "station_name": "Москва-Сити",
        "line_name": "Филевская",
        "station_id": "4.179",
        "line_id": "4",
        "lat": 55.748056,
        "lng": 37.532778
      }
    ],
    "id": "20837656"
  },
  "response_url": null,
  "sort_point_distance": null,
  "published_at": "2025-11-28T21:10:06+06:00",
  "created_at": "2025-11-28T21:10:06+06:00",
  "archived": false,
  "apply_alternate_url": "https://hh.ru/applicant/vacancy_response?vacancyId=128194709",
  "branding": {
    "type": "CONSTRUCTOR",
    "tariff": "BASIC"
  },
  "show_logo_in_search": true,
  "show_contacts": false,
  "insider_interview": null,
  "url": "https://api.hh.ru/vacancies/128194709?host=hh.ru",
  "alternate_url": "https://hh.ru/vacancy/128194709",
  "relations": [],
  "employer": {
    "id": "1454",
    "name": "АКБ Национальный Резервный Банк",
    "url": "https://api.hh.ru/employers/1454",
    "alternate_url": "https://hh.ru/employer/1454",
    "logo_urls": {
      "original": "https://img.hhcdn.ru/employer-logo-original-round/6769637.jpeg",
      "90": "https://img.hhcdn.ru/employer-logo-round/6769638.jpeg",
      "240": "https://img.hhcdn.ru/employer-logo-round/6769639.jpeg"
    },
    "vacancies_url": "https://api.hh.ru/vacancies?employer_id=1454",
    "country_id": 1,
    "accredited_it_employer": false,
    "trusted": true
  },
  "snippet": {
    "requirement": "Опыт работы системным аналитиком не менее 3 лет. Умение читать код, понимать архитектуру <highlighttext>.NET</highlighttext> приложений и SQL-запросы. ",
    "responsibility": "Работа над продуктом для корпоративного-инвестиционного бизнеса. Сбор, анализ и формализация требований заказчика, описание бизнес-процессов с использованием нотаций (BPMN..."
  },
  "contacts": null,
  "schedule": {
    "id": "fullDay",
    "name": "Полный день"
  },
  "working_days": [],
  "working_time_intervals": [],
  "working_time_modes": [],
  "accept_temporary": false,
  "fly_in_fly_out_duration": [],
  "work_format": [
    {
      "id": "HYBRID",
      "name": "Гибрид"
    }
  ],
  "working_hours": [
    {
      "id": "HOURS_8",
      "name": "8 часов"
    }
  ],
  "work_schedule_by_days": [
    {
      "id": "FIVE_ON_TWO_OFF",
      "name": "5/2"
    }
  ],
  "night_shifts": false,
  "professional_roles": [
    {
      "id": "148",
      "name": "Системный аналитик"
    }
  ],
  "accept_incomplete_resumes": false,
  "experience": {
    "id": "between3And6",
    "name": "От 3 до 6 лет"
  },
  "employment": {
    "id": "full",
    "name": "Полная занятость"
  },
  "employment_form": {
    "id": "FULL",
    "name": "Полная"
  },
  "internship": false,
  "adv_response_url": null,
  "is_adv_vacancy": false,
  "adv_context": null
}