{
  "id": "128167087",
  "premium": false,
  "name": ".NET разработчик",
  "department": null,
  "has_test": false,
  "response_letter_required": false,
  "area": {
    "id": "1550",
    "name": "Таганрог",
    "url": "https://api.hh.ru/areas/1550"
  },
  "salary": {
    "from": 130000,
    "to": 250000,
    "currency": "RUR",
    "gross": false
  },
  "salary_range": {
    "from": 130000,
    "to": 250000,
    "currency": "RUR",
    "gross": false,
    "mode": {
      "id": "MONTH",
      "name": "За месяц"
    },
    "frequency": null
  },
  "type": {
    "id": "open",
    "name": "Открытая"
  },
  "address": {
    "city": "Таганрог",
    "street": "Петровская улица",
    "building": "65",
    "lat": 47.213962,
    "lng": 38.930999,
    "description": null,
    "raw": "Таганрог, Петровская улица, 65",
    "metro": null,
    "metro_stations": [],
    "id": "6285197"
  },
  "response_url": null,
  "sort_point_distance": null,
  "published_at": "2025-11-28T15:57:31+06:00",
  "created_at": "2025-11-28T15:57:31+06:00",
  "archived": false,
  "apply_alternate_url": "https://hh.ru/applicant/vacancy_response?vacancyId=128167087",
  "show_logo_in_search": null,
  "show_contacts": false,
  "insider_interview": null,
  "url": "https://api.hh.ru/vacancies/128167087?host=hh.ru",
  "alternate_url": "https://hh.ru/vacancy/128167087",
  "relations": [],
  "employer": {
    "id": "4925834",
    "name": "A2SEVEN",
    "url": "https://api.hh.ru/employers/4925834",
    "alternate_url": "https://hh.ru/employer/4925834",
    "logo_urls": {
      "original": "https://img.hhcdn.ru/employer-logo-original-round/5516018.png",
      "90": "https://img.hhcdn.ru/employer-logo-round/5516020.png",
      "240": "https://img.hhcdn.ru/employer-logo-round/5516021.png"
    },
    "vacancies_url": "https://api.hh.ru/vacancies?employer_id=4925834",
    "country_id": 1,
    "accredited_it_employer": false,
    "trusted": true
  },
  "snippet": {
    "requirement": "...и страхового бизнеса на платформах <highlighttext>.NET</highlighttext> и <highlighttext>.NET</highlighttext> Core. Опыт работы с современным стеком технологий: <highlighttext>C#</highlighttext>, CLR, EF Core, многопоточность...",
    "responsibility": "Участие в построении архитектуры приложений, баз данных и разработке решений. Создавать новую функциональность и оптимизировать работу имеющейся. Предоставление оценки трудоемкости..."
  },
  "contacts": null,
  "schedule": {
    "id": "remote",
    "name": "Удаленная работа"
  },
  "working_days": [],
  "working_time_intervals": [],
  "working_time_modes": [],
  "accept_temporary": true,
  "fly_in_fly_out_duration": [],
  "work_format": [
    {
      "id": "REMOTE",
      "name": "Удалённо"
    }
  ],
  "working_hours": [
    {
      "id": "HOURS_8",
      "name": "8 часов"
    }
  ],
  "work_schedule_by_days": [
    {
      "id": "FIVE_ON_TWO_OFF",
      "name": "5/2"
    },
    {
      "id": "FLEXIBLE",
      "name": "Свободный"
    }
  ],
  "night_shifts": false,
  "professional_roles": [
    {
      "id": "96",
      "name": "Программист, разработчик"
    }
  ],
  "accept_incomplete_resumes": false,
  "experience": {
    "id": "between3And6",
    "name": "От 3 до 6 лет"
  },
  "employment": {
    "id": "full",
    "name": "Полная занятость"
  },
  "employment_form": {
    "id": "FULL",
    "name": "Полная"
  },
  "internship": false,
  "adv_response_url": null,
  "is_adv_vacancy": false,
  "adv_context": null
}