{
  "id": "128134456",
  "premium": false,
  "name": "QA-инженер",
  "department": null,
  "has_test": false,
  "response_letter_required": false,
  "area": {
    "id": "1",
    "name": "Москва",
    "url": "https://api.hh.ru/areas/1"
  },
  "salary": null,
  "salary_range": null,
  "type": {
    "id": "open",
    "name": "Открытая"
  },
  "address": {
    "city": "Москва",
    "street": "Алтуфьевское шоссе",
    "building": "35с1",
    "lat": 55.864924,
    "lng": 37.582763,
    "description": null,
    "raw": "Москва, Алтуфьевское шоссе, 35с1",
    "metro": {
      "station_name": "Верхние Лихоборы",
      "line_name": "Люблинско-Дмитровская",
      "station_id": "10.598",
      "line_id": "10",
      "lat": 55.85566,
      "lng": 37.56282
    },
    "metro_stations": [
      {
        "station_name": "Верхние Лихоборы",
        "line_name": "Люблинско-Дмитровская",
        "station_id": "10.598",
        "line_id": "10",
        "lat": 55.85566,
        "lng": 37.56282
      },
      {
        "station_name": "Владыкино",
        "line_name": "Серпуховско-Тимирязевская",
        "station_id": "9.28",
        "line_id": "9",
        "lat": 55.848236,
        "lng": 37.590451
      },
      {
        "station_name": "Дегунино",
        "line_name": "МЦД-1",
        "station_id": "131.696",
        "line_id": "131",
        "lat": 55.86586,
        "lng": 37.573235
      },
      {
        "station_name": "Отрадное",
        "line_name": "Серпуховско-Тимирязевская",
        "station_id": "9.97",
        "line_id": "9",
        "lat": 55.864273,
        "lng": 37.605066
      }
    ],
    "id": "20802957"
  },
  "response_url": null,
  "sort_point_distance": null,
  "published_at": "2025-11-27T16:25:39+06:00",
  "created_at": "2025-11-27T16:25:39+06:00",
  "archived": false,
  "apply_alternate_url": "https://hh.ru/applicant/vacancy_response?vacancyId=128134456",
  "show_contacts": true,
  "insider_interview": null,
  "url": "https://api.hh.ru/vacancies/128134456?host=hh.ru",
  "alternate_url": "https://hh.ru/vacancy/128134456",
  "relations": [],
  "employer": {
    "id": "12456584",
    "name": "ТРАССА-Фин Тех",
    "url": "https://api.hh.ru/employers/12456584",
    "alternate_url": "https://hh.ru/employer/12456584",
    "logo_urls": null,
    "vacancies_url": "https://api.hh.ru/vacancies?employer_id=12456584",
    "country_id": 1,
    "accredited_it_employer": true,
    "trusted": true
  },
  "snippet": {
    "requirement": "Опыт тестирования API. Практический опыт применения практик тест-дизайна. Рабочие знания клиент-серверной архитектуры. Умение проектировать тест-кейсы и готовить...",
    "responsibility": "Написание интеграционных тестов для бэкэнда на <highlighttext>C#</highlighttext> и фронтэнда на Dart/Flutter. Контрактное тестирование взаимодействия между бэкэндом и фронтэндом. "
  },
  "contacts": null,
  "schedule": {
    "id": "fullDay",
    "name": "Полный день"
  },
  "working_days": [],
  "working_time_intervals": [],
  "working_time_modes": [],
  "accept_temporary": false,
  "fly_in_fly_out_duration": [],
  "work_format": [
    {
      "id": "ON_SITE",
      "name": "На месте работодателя"
    }
  ],
  "working_hours": [
    {
      "id": "HOURS_8",
      "name": "8 часов"
    }
  ],
  "work_schedule_by_days": [
    {
      "id": "FIVE_ON_TWO_OFF",
      "name": "5/2"
    }
  ],
  "night_shifts": false,
  "professional_roles": [
    {
      "id": "124",
      "name": "Тестировщик"
    }
  ],
  "accept_incomplete_resumes": false,
  "experience": {
    "id": "between3And6",
    "name": "От 3 до 6 лет"
  },
  "employment": {
    "id": "full",
    "name": "Полная занятость"
  },
  "employment_form": {
    "id": "FULL",
    "name": "Полная"
  },
  "internship": false,
  "adv_response_url": null,
  "is_adv_vacancy": false,
  "adv_context": null
}