{
  "id": "128141801",
  "premium": false,
  "name": "C#/.NET-разработчик",
  "department": null,
  "has_test": false,
  "response_letter_required": false,
  "area": {
    "id": "1",
    "name": "Москва",
    "url": "https://api.hh.ru/areas/1"
  },
  "salary": null,
  "salary_range": null,
  "type": {
    "id": "open",
    "name": "Открытая"
  },
  "address": {
    "city": "Москва",
    "street": "Автозаводская улица",
    "building": "23Ак2",
    "lat": 55.702952,
    "lng": 37.648519,
    "description": null,
    "raw": "Москва, Автозаводская улица, 23Ак2",
    "metro": {
      "station_name": "Автозаводская",
      "line_name": "Замоскворецкая",
      "station_id": "2.2",
      "line_id": "2",
      "lat": 55.706634,
      "lng": 37.657008
    },
    "metro_stations": [
      {
        "station_name": "Автозаводская",
        "line_name": "Замоскворецкая",
        "station_id": "2.2",
        "line_id": "2",
        "lat": 55.706634,
        "lng": 37.657008
      },
      {
        "station_name": "Автозаводская",
        "line_name": "МЦК",
        "station_id": "95.530",
        "line_id": "95",
        "lat": 55.70631,
        "lng": 37.66314
      },
      {
        "station_name": "ЗИЛ",
        "line_name": "МЦК",
        "station_id": "95.531",
        "line_id": "95",
        "lat": 55.698333,
        "lng": 37.648333
      }
    ],
    "id": "1712764"
  },
  "response_url": null,
  "sort_point_distance": null,
  "published_at": "2025-11-27T18:26:33+06:00",
  "created_at": "2025-11-27T18:26:33+06:00",
  "archived": false,
  "apply_alternate_url": "https://hh.ru/applicant/vacancy_response?vacancyId=128141801",
  "show_logo_in_search": null,
  "show_contacts": false,
  "insider_interview": null,
  "url": "https://api.hh.ru/vacancies/128141801?host=hh.ru",
  "alternate_url": "https://hh.ru/vacancy/128141801",
  "relations": [],
  "employer": {
    "id": "1000925",
    "name": "ГК Олимпроект",
    "url": "https://api.hh.ru/employers/1000925",
    "alternate_url": "https://hh.ru/employer/1000925",
    "logo_urls": {
      "original": "https://img.hhcdn.ru/employer-logo-original-round/6902817.png",
      "90": "https://img.hhcdn.ru/employer-logo-round/6902818.png",
      "240": "https://img.hhcdn.ru/employer-logo-round/6902819.png"
    },
    "vacancies_url": "https://api.hh.ru/vacancies?employer_id=1000925",
    "country_id": 1,
    "accredited_it_employer": false,
    "trusted": true
  },
  "snippet": {
    "requirement": "Строительное образовани. Уверенное знание <highlighttext>.NET</highlighttext>, <highlighttext>C#</highlighttext> от 3х лет. Понимание ООП/GoF/SOLID/MVVM/MVC. Опыт написания коммерческих приложений. ",
    "responsibility": "Разрабатывать приложения по автоматизации процессов в области проектирования. Проведение Code Review. Оценка и декомпозиция задач. Активно участвовать в проработке архитектурных..."
  },
  "contacts": null,
  "schedule": {
    "id": "fullDay",
    "name": "Полный день"
  },
  "working_days": [],
  "working_time_intervals": [],
  "working_time_modes": [],
  "accept_temporary": false,
  "fly_in_fly_out_duration": [],
  "work_format": [],
  "working_hours": [
    {
      "id": "HOURS_8",
      "name": "8 часов"
    }
  ],
  "work_schedule_by_days": [
    {
      "id": "FIVE_ON_TWO_OFF",
      "name": "5/2"
    }
  ],
  "night_shifts": false,
  "professional_roles": [
    {
      "id": "96",
      "name": "Программист, разработчик"
    }
  ],
  "accept_incomplete_resumes": false,
  "experience": {
    "id": "between3And6",
    "name": "От 3 до 6 лет"
  },
  "employment": {
    "id": "full",
    "name": "Полная занятость"
  },
  "employment_form": {
    "id": "FULL",
    "name": "Полная"
  },
  "internship": false,
  "adv_response_url": null,
  "is_adv_vacancy": false,
  "adv_context": null
}