{
  "id": "128132477",
  "premium": false,
  "name": "Middle Backend-разработчик",
  "department": null,
  "has_test": true,
  "response_letter_required": false,
  "area": {
    "id": "1",
    "name": "Москва",
    "url": "https://api.hh.ru/areas/1"
  },
  "salary": null,
  "salary_range": null,
  "type": {
    "id": "open",
    "name": "Открытая"
  },
  "address": {
    "city": "Москва",
    "street": "Ленинградский проспект",
    "building": "35с1",
    "lat": 55.789461,
    "lng": 37.551735,
    "description": null,
    "raw": "Москва, Ленинградский проспект, 35с1",
    "metro": {
      "station_name": "Динамо",
      "line_name": "Замоскворецкая",
      "station_id": "2.34",
      "line_id": "2",
      "lat": 55.789704,
      "lng": 37.558212
    },
    "metro_stations": [
      {
        "station_name": "Динамо",
        "line_name": "Замоскворецкая",
        "station_id": "2.34",
        "line_id": "2",
        "lat": 55.789704,
        "lng": 37.558212
      },
      {
        "station_name": "Петровский парк",
        "line_name": "Большая кольцевая линия",
        "station_id": "97.599",
        "line_id": "97",
        "lat": 55.79233,
        "lng": 37.55952
      }
    ],
    "id": "6601432"
  },
  "response_url": null,
  "sort_point_distance": null,
  "published_at": "2025-11-27T15:42:43+06:00",
  "created_at": "2025-11-27T15:42:43+06:00",
  "archived": false,
  "apply_alternate_url": "https://hh.ru/applicant/vacancy_response?vacancyId=128132477",
  "branding": {
    "type": "MAKEUP",
    "tariff": null
  },
  "show_logo_in_search": true,
  "show_contacts": false,
  "insider_interview": null,
  "url": "https://api.hh.ru/vacancies/128132477?host=hh.ru",
  "alternate_url": "https://hh.ru/vacancy/128132477",
  "relations": [],
  "employer": {
    "id": "852361",
    "name": "РТК-ЦОД",
    "url": "https://api.hh.ru/employers/852361",
    "alternate_url": "https://hh.ru/employer/852361",
    "logo_urls": {
      "original": "https://img.hhcdn.ru/employer-logo-original-round/7244603.png",
      "90": "https://img.hhcdn.ru/employer-logo-round/7244604.png",
      "240": "https://img.hhcdn.ru/employer-logo-round/7244605.png"
    },
    "vacancies_url": "https://api.hh.ru/vacancies?employer_id=852361",
    "country_id": 1,
    "accredited_it_employer": true,
    "trusted": true
  },
  "snippet": {
    "requirement": "Опыт коммерческой разработки на ASP.NET Core с применением чистой архитектуры. Глубокое знание OOP, SOLID и основных паттернов проектирования. ",
    "responsibility": "Разрабатывать решения для автоматизации процессов компании. Создавать и развивать внутренние продукты. Интегрировать корпоративные системы и сервисы. Поддерживать и улучшать существующие..."
  },
  "contacts": null,
  "schedule": {
    "id": "fullDay",
    "name": "Полный день"
  },
  "working_days": [],
  "working_time_intervals": [],
  "working_time_modes": [],
  "accept_temporary": false,
  "fly_in_fly_out_duration": [],
  "work_format": [
    {
      "id": "HYBRID",
      "name": "Гибрид"
    }
  ],
  "working_hours": [
    {
      "id": "HOURS_8",
      "name": "8 часов"
    }
  ],
  "work_schedule_by_days": [
    {
      "id": "FIVE_ON_TWO_OFF",
      "name": "5/2"
    }
  ],
  "night_shifts": false,
  "professional_roles": [
    {
      "id": "96",
      "name": "Программист, разработчик"
    }
  ],
  "accept_incomplete_resumes": false,
  "experience": {
    "id": "between1And3",
    "name": "От 1 года до 3 лет"
  },
  "employment": {
    "id": "full",
    "name": "Полная занятость"
  },
  "employment_form": {
    "id": "FULL",
    "name": "Полная"
  },
  "internship": false,
  "adv_response_url": null,
  "is_adv_vacancy": false,
  "adv_context": null
}