{
  "id": "128128131",
  "premium": false,
  "name": "Главный специалист (Отдел аналитики и разработки)",
  "department": null,
  "has_test": false,
  "response_letter_required": false,
  "area": {
    "id": "1",
    "name": "Москва",
    "url": "https://api.hh.ru/areas/1"
  },
  "salary": null,
  "salary_range": null,
  "type": {
    "id": "open",
    "name": "Открытая"
  },
  "address": {
    "city": "Химки",
    "street": "улица Бурденко",
    "building": "1",
    "lat": 55.902035,
    "lng": 37.448725,
    "description": null,
    "raw": "Химки, улица Бурденко, 1",
    "metro": {
      "station_name": "Левобережная",
      "line_name": "МЦД-3",
      "station_id": "135.844",
      "line_id": "135",
      "lat": 55.886944,
      "lng": 37.468611
    },
    "metro_stations": [
      {
        "station_name": "Левобережная",
        "line_name": "МЦД-3",
        "station_id": "135.844",
        "line_id": "135",
        "lat": 55.886944,
        "lng": 37.468611
      },
      {
        "station_name": "Химки",
        "line_name": "МЦД-3",
        "station_id": "135.843",
        "line_id": "135",
        "lat": 55.894444,
        "lng": 37.450833
      },
      {
        "station_name": "Ховрино",
        "line_name": "Замоскворецкая",
        "station_id": "2.558",
        "line_id": "2",
        "lat": 55.8777,
        "lng": 37.4877
      },
      {
        "station_name": "Ховрино",
        "line_name": "МЦД-3",
        "station_id": "135.845",
        "line_id": "135",
        "lat": 55.879444,
        "lng": 37.486667
      }
    ],
    "id": "19037065"
  },
  "response_url": null,
  "sort_point_distance": null,
  "published_at": "2025-11-27T14:27:19+06:00",
  "created_at": "2025-11-27T14:27:19+06:00",
  "archived": false,
  "apply_alternate_url": "https://hh.ru/applicant/vacancy_response?vacancyId=128128131",
  "branding": {
    "type": "MAKEUP",
    "tariff": null
  },
  "show_logo_in_search": true,
  "show_contacts": true,
  "insider_interview": null,
  "url": "https://api.hh.ru/vacancies/128128131?host=hh.ru",
  "alternate_url": "https://hh.ru/vacancy/128128131",
  "relations": [],
  "employer": {
    "id": "228933",
    "name": "Энергомаш имени академика В.П.Глушко",
    "url": "https://api.hh.ru/employers/228933",
    "alternate_url": "https://hh.ru/employer/228933",
    "logo_urls": {
      "original": "https://img.hhcdn.ru/employer-logo-original-round/5477427.png",
      "90": "https://img.hhcdn.ru/employer-logo-round/5477428.png",
      "240": "https://img.hhcdn.ru/employer-logo-round/5477429.png"
    },
    "vacancies_url": "https://api.hh.ru/vacancies?employer_id=228933",
    "country_id": 1,
    "accredited_it_employer": false,
    "trusted": true
  },
  "snippet": {
    "requirement": "Высшее техническое образование (информационные технологии). Знание <highlighttext>C#</highlighttext>, Viper, MS Visual Studio, MS SQL. Плюсом будет наличие опыта разработки системы Галактика...",
    "responsibility": "Сопровождение существующего функционала системы Галактика ERP. Разработка, администрирование и поддержка модулей системы Галактика ERP. Анализ и решение возникающих инцидентов в..."
  },
  "contacts": null,
  "schedule": {
    "id": "fullDay",
    "name": "Полный день"
  },
  "working_days": [],
  "working_time_intervals": [],
  "working_time_modes": [],
  "accept_temporary": false,
  "fly_in_fly_out_duration": [],
  "work_format": [
    {
      "id": "ON_SITE",
      "name": "На месте работодателя"
    }
  ],
  "working_hours": [
    {
      "id": "HOURS_8",
      "name": "8 часов"
    }
  ],
  "work_schedule_by_days": [
    {
      "id": "FIVE_ON_TWO_OFF",
      "name": "5/2"
    }
  ],
  "night_shifts": false,
  "professional_roles": [
    {
      "id": "156",
      "name": "BI-аналитик, аналитик данных"
    }
  ],
  "accept_incomplete_resumes": false,
  "experience": {
    "id": "between3And6",
    "name": "От 3 до 6 лет"
  },
  "employment": {
    "id": "full",
    "name": "Полная занятость"
  },
  "employment_form": {
    "id": "FULL",
    "name": "Полная"
  },
  "internship": false,
  "adv_response_url": null,
  "is_adv_vacancy": false,
  "adv_context": null
}