{
  "id": "128162674",
  "premium": false,
  "name": "Fullstack-разработчик",
  "department": {
    "id": "12550-12550-komback",
    "name": "ПИК-Комфорт. Бэк-офис"
  },
  "has_test": false,
  "response_letter_required": false,
  "area": {
    "id": "1",
    "name": "Москва",
    "url": "https://api.hh.ru/areas/1"
  },
  "salary": null,
  "salary_range": null,
  "type": {
    "id": "open",
    "name": "Открытая"
  },
  "address": null,
  "response_url": null,
  "sort_point_distance": null,
  "published_at": "2025-12-24T13:20:31+06:00",
  "created_at": "2025-12-24T13:20:31+06:00",
  "archived": false,
  "apply_alternate_url": "https://hh.ru/applicant/vacancy_response?vacancyId=128162674",
  "branding": {
    "type": "MAKEUP",
    "tariff": null
  },
  "show_logo_in_search": true,
  "show_contacts": false,
  "insider_interview": {
    "id": "33455",
    "url": "https://hh.ru/interview/33455?employerId=12550"
  },
  "url": "https://api.hh.ru/vacancies/128162674?host=hh.ru",
  "alternate_url": "https://hh.ru/vacancy/128162674",
  "relations": [],
  "employer": {
    "id": "12550",
    "name": "ПИК-специализированный застройщик",
    "url": "https://api.hh.ru/employers/12550",
    "alternate_url": "https://hh.ru/employer/12550",
    "logo_urls": {
      "90": "https://img.hhcdn.ru/ichameleon/502541.png",
      "240": "https://img.hhcdn.ru/ichameleon/502541.png",
      "original": "https://img.hhcdn.ru/ichameleon/502541.png"
    },
    "vacancies_url": "https://api.hh.ru/vacancies?employer_id=12550",
    "country_id": 1,
    "accredited_it_employer": false,
    "trusted": true
  },
  "snippet": {
    "requirement": "Знание языка программирования SQL и особенностей его применения в MS SQL и PostgreSQL. Знание <highlighttext>.NET</highlighttext> и LINQ, структуры данных. ",
    "responsibility": "Разработка и поддержка серверной части биллинговой системы с использованием языков программирования <highlighttext>C#</highlighttext> и Python. Проектирование и оптимизация баз данных на..."
  },
  "contacts": null,
  "schedule": {
    "id": "remote",
    "name": "Удаленная работа"
  },
  "working_days": [],
  "working_time_intervals": [],
  "working_time_modes": [],
  "accept_temporary": false,
  "fly_in_fly_out_duration": [],
  "work_format": [
    {
      "id": "REMOTE",
      "name": "Удалённо"
    }
  ],
  "working_hours": [
    {
      "id": "HOURS_8",
      "name": "8 часов"
    }
  ],
  "work_schedule_by_days": [
    {
      "id": "FIVE_ON_TWO_OFF",
      "name": "5/2"
    }
  ],
  "night_shifts": false,
  "professional_roles": [
    {
      "id": "96",
      "name": "Программист, разработчик"
    }
  ],
  "accept_incomplete_resumes": false,
  "experience": {
    "id": "between1And3",
    "name": "От 1 года до 3 лет"
  },
  "employment": {
    "id": "full",
    "name": "Полная занятость"
  },
  "employment_form": {
    "id": "FULL",
    "name": "Полная"
  },
  "internship": false,
  "adv_response_url": null,
  "is_adv_vacancy": false,
  "adv_context": null
}