{
  "id": "128117973",
  "premium": false,
  "name": "Trainee .NET developer",
  "department": null,
  "has_test": false,
  "response_letter_required": false,
  "area": {
    "id": "1002",
    "name": "Минск",
    "url": "https://api.hh.ru/areas/1002"
  },
  "salary": null,
  "salary_range": null,
  "type": {
    "id": "open",
    "name": "Открытая"
  },
  "address": {
    "city": "Минск",
    "street": "Каховская улица",
    "building": "70А",
    "lat": 53.928641,
    "lng": 27.562388,
    "description": null,
    "raw": "Минск, Каховская улица, 70А",
    "metro": null,
    "metro_stations": [],
    "id": "13130283"
  },
  "response_url": null,
  "sort_point_distance": null,
  "published_at": "2025-11-27T11:53:41+06:00",
  "created_at": "2025-11-27T11:53:41+06:00",
  "archived": false,
  "apply_alternate_url": "https://hh.ru/applicant/vacancy_response?vacancyId=128117973",
  "show_logo_in_search": null,
  "show_contacts": true,
  "insider_interview": null,
  "url": "https://api.hh.ru/vacancies/128117973?host=hh.ru",
  "alternate_url": "https://hh.ru/vacancy/128117973",
  "relations": [],
  "employer": {
    "id": "3059488",
    "name": "Клевер Системс",
    "url": "https://api.hh.ru/employers/3059488",
    "alternate_url": "https://hh.ru/employer/3059488",
    "logo_urls": {
      "original": "https://img.hhcdn.ru/employer-logo-original/1399544.png",
      "90": "https://img.hhcdn.ru/employer-logo/7217947.png",
      "240": "https://img.hhcdn.ru/employer-logo/7217948.png"
    },
    "vacancies_url": "https://api.hh.ru/vacancies?employer_id=3059488",
    "country_id": 4,
    "accredited_it_employer": false,
    "trusted": true
  },
  "snippet": {
    "requirement": "Знание и опыт применения шаблонов проектирования. Понимание принципов асинхронного программирования в <highlighttext>C#</highlighttext> и применение на практике. Опыт работы с ASP.NET...",
    "responsibility": "Реализация процесса миграции приложений на платформу <highlighttext>.NET</highlighttext> Framework, <highlighttext>.NET</highlighttext> Core или другие современные технологии. Оптимизация производительности и улучшение архитектуры приложений. "
  },
  "contacts": null,
  "schedule": {
    "id": "fullDay",
    "name": "Полный день"
  },
  "working_days": [],
  "working_time_intervals": [],
  "working_time_modes": [],
  "accept_temporary": false,
  "fly_in_fly_out_duration": [],
  "work_format": [],
  "working_hours": [
    {
      "id": "FLEXIBLE",
      "name": "По договорённости"
    }
  ],
  "work_schedule_by_days": [
    {
      "id": "FIVE_ON_TWO_OFF",
      "name": "5/2"
    }
  ],
  "night_shifts": false,
  "professional_roles": [
    {
      "id": "40",
      "name": "Другое"
    }
  ],
  "accept_incomplete_resumes": false,
  "experience": {
    "id": "between1And3",
    "name": "От 1 года до 3 лет"
  },
  "employment": {
    "id": "full",
    "name": "Полная занятость"
  },
  "employment_form": {
    "id": "FULL",
    "name": "Полная"
  },
  "internship": true,
  "adv_response_url": null,
  "is_adv_vacancy": false,
  "adv_context": null
}