{
  "id": "128103175",
  "premium": false,
  "name": "CTO / CIO / IT Director (Fintech), Almaty",
  "department": null,
  "has_test": false,
  "response_letter_required": false,
  "area": {
    "id": "159",
    "name": "Астана",
    "url": "https://api.hh.ru/areas/159"
  },
  "salary": {
    "from": 5000,
    "to": null,
    "currency": "USD",
    "gross": false
  },
  "salary_range": {
    "from": 5000,
    "to": null,
    "currency": "USD",
    "gross": false,
    "mode": {
      "id": "MONTH",
      "name": "За месяц"
    },
    "frequency": null
  },
  "type": {
    "id": "open",
    "name": "Открытая"
  },
  "address": {
    "city": "Алматы",
    "street": null,
    "building": null,
    "lat": 43.222719,
    "lng": 76.907044,
    "description": null,
    "raw": "Алматы",
    "metro": {
      "station_name": "Алатау",
      "line_name": "Первая",
      "station_id": "64.436",
      "line_id": "64",
      "lat": 43.239041,
      "lng": 76.897612
    },
    "metro_stations": [
      {
        "station_name": "Алатау",
        "line_name": "Первая",
        "station_id": "64.436",
        "line_id": "64",
        "lat": 43.239041,
        "lng": 76.897612
      },
      {
        "station_name": "Байконур",
        "line_name": "Первая",
        "station_id": "64.434",
        "line_id": "64",
        "lat": 43.240401,
        "lng": 76.927696
      },
      {
        "station_name": "Сайран",
        "line_name": "Первая",
        "station_id": "64.510",
        "line_id": "64",
        "lat": 43.2362,
        "lng": 76.8764
      },
      {
        "station_name": "Театр имени Ауэзова",
        "line_name": "Первая",
        "station_id": "64.435",
        "line_id": "64",
        "lat": 43.240362,
        "lng": 76.917519
      }
    ],
    "id": "20809178"
  },
  "response_url": null,
  "sort_point_distance": null,
  "published_at": "2025-11-26T22:22:48+06:00",
  "created_at": "2025-11-26T22:22:48+06:00",
  "archived": false,
  "apply_alternate_url": "https://hh.ru/applicant/vacancy_response?vacancyId=128103175",
  "show_logo_in_search": null,
  "show_contacts": false,
  "insider_interview": null,
  "url": "https://api.hh.ru/vacancies/128103175?host=hh.ru",
  "alternate_url": "https://hh.ru/vacancy/128103175",
  "relations": [],
  "employer": {
    "id": "10605189",
    "name": "Рекрутинговое агентство CHANGE (ИП Куприянова)",
    "url": "https://api.hh.ru/employers/10605189",
    "alternate_url": "https://hh.ru/employer/10605189",
    "logo_urls": {
      "original": "https://img.hhcdn.ru/employer-logo-original/1403607.png",
      "90": "https://img.hhcdn.ru/employer-logo/7234096.png",
      "240": "https://img.hhcdn.ru/employer-logo/7234097.png"
    },
    "vacancies_url": "https://api.hh.ru/vacancies?employer_id=10605189",
    "country_id": 3,
    "accredited_it_employer": false,
    "trusted": true
  },
  "snippet": {
    "requirement": "3+ лет опыта CTO / Head of IT / Техническим директором в финтехе, банках или платёжных сервисах. Глубокая экспертиза в построении...",
    "responsibility": "Проектирование и развитие сложной распределённой инфраструктуры. Руководство проектом по полной замене устаревшего <highlighttext>.NET</highlighttext>-процессинга на новое современное решение. "
  },
  "contacts": null,
  "schedule": {
    "id": "fullDay",
    "name": "Полный день"
  },
  "working_days": [],
  "working_time_intervals": [],
  "working_time_modes": [],
  "accept_temporary": false,
  "fly_in_fly_out_duration": [],
  "work_format": [
    {
      "id": "ON_SITE",
      "name": "На месте работодателя"
    }
  ],
  "working_hours": [
    {
      "id": "HOURS_8",
      "name": "8 часов"
    }
  ],
  "work_schedule_by_days": [
    {
      "id": "FIVE_ON_TWO_OFF",
      "name": "5/2"
    }
  ],
  "night_shifts": false,
  "professional_roles": [
    {
      "id": "36",
      "name": "Директор по информационным технологиям (CIO)"
    }
  ],
  "accept_incomplete_resumes": false,
  "experience": {
    "id": "moreThan6",
    "name": "Более 6 лет"
  },
  "employment": {
    "id": "full",
    "name": "Полная занятость"
  },
  "employment_form": {
    "id": "FULL",
    "name": "Полная"
  },
  "internship": false,
  "adv_response_url": null,
  "is_adv_vacancy": false,
  "adv_context": null
}