{
  "id": "128127285",
  "premium": false,
  "name": ".Net developer middle",
  "department": null,
  "has_test": false,
  "response_letter_required": false,
  "area": {
    "id": "1",
    "name": "Москва",
    "url": "https://api.hh.ru/areas/1"
  },
  "salary": null,
  "salary_range": null,
  "type": {
    "id": "open",
    "name": "Открытая"
  },
  "address": null,
  "response_url": null,
  "sort_point_distance": null,
  "published_at": "2025-11-27T14:12:17+06:00",
  "created_at": "2025-11-27T14:12:17+06:00",
  "archived": false,
  "apply_alternate_url": "https://hh.ru/applicant/vacancy_response?vacancyId=128127285",
  "branding": {
    "type": "MAKEUP",
    "tariff": null
  },
  "show_logo_in_search": true,
  "show_contacts": false,
  "insider_interview": null,
  "url": "https://api.hh.ru/vacancies/128127285?host=hh.ru",
  "alternate_url": "https://hh.ru/vacancy/128127285",
  "relations": [],
  "employer": {
    "id": "2794926",
    "name": "Страховые Партнеры",
    "url": "https://api.hh.ru/employers/2794926",
    "alternate_url": "https://hh.ru/employer/2794926",
    "logo_urls": {
      "original": "https://img.hhcdn.ru/employer-logo-original/1466390.png",
      "90": "https://img.hhcdn.ru/employer-logo/7485162.png",
      "240": "https://img.hhcdn.ru/employer-logo/7485163.png"
    },
    "vacancies_url": "https://api.hh.ru/vacancies?employer_id=2794926",
    "country_id": 1,
    "accredited_it_employer": true,
    "trusted": true
  },
  "snippet": {
    "requirement": "Наличие профильного высшего образования-обязательно! Опыт в разработке веб приложений от 3 лет. Умение работать с асинхронностью, многопоточностью. ",
    "responsibility": "Участие в командной разработке от бизнес идеи до продакшена. Участие в SCRUM процессе: планирование задач, оценка времени, митинги. "
  },
  "contacts": null,
  "schedule": {
    "id": "remote",
    "name": "Удаленная работа"
  },
  "working_days": [],
  "working_time_intervals": [],
  "working_time_modes": [],
  "accept_temporary": false,
  "fly_in_fly_out_duration": [],
  "work_format": [
    {
      "id": "REMOTE",
      "name": "Удалённо"
    }
  ],
  "working_hours": [
    {
      "id": "HOURS_8",
      "name": "8 часов"
    }
  ],
  "work_schedule_by_days": [
    {
      "id": "FIVE_ON_TWO_OFF",
      "name": "5/2"
    }
  ],
  "night_shifts": false,
  "professional_roles": [
    {
      "id": "96",
      "name": "Программист, разработчик"
    }
  ],
  "accept_incomplete_resumes": false,
  "experience": {
    "id": "between3And6",
    "name": "От 3 до 6 лет"
  },
  "employment": {
    "id": "full",
    "name": "Полная занятость"
  },
  "employment_form": {
    "id": "FULL",
    "name": "Полная"
  },
  "internship": false,
  "adv_response_url": null,
  "is_adv_vacancy": false,
  "adv_context": null
}