{
  "id": "128281994",
  "premium": false,
  "name": "Инженер по автоматизации процессов проектирования биотехнологического оборудования",
  "department": null,
  "has_test": false,
  "response_letter_required": false,
  "area": {
    "id": "1",
    "name": "Москва",
    "url": "https://api.hh.ru/areas/1"
  },
  "salary": {
    "from": 129800,
    "to": null,
    "currency": "RUR",
    "gross": true
  },
  "salary_range": {
    "from": 129800,
    "to": null,
    "currency": "RUR",
    "gross": true,
    "mode": {
      "id": "MONTH",
      "name": "За месяц"
    },
    "frequency": {
      "id": "TWICE_PER_MONTH",
      "name": "Два раза в месяц"
    }
  },
  "type": {
    "id": "open",
    "name": "Открытая"
  },
  "address": {
    "city": "Москва",
    "street": "Днепропетровская улица",
    "building": "2",
    "lat": 55.623112,
    "lng": 37.603981,
    "description": null,
    "raw": "Москва, Днепропетровская улица, 2",
    "metro": {
      "station_name": "Южная",
      "line_name": "Серпуховско-Тимирязевская",
      "station_id": "9.163",
      "line_id": "9",
      "lat": 55.622436,
      "lng": 37.609047
    },
    "metro_stations": [
      {
        "station_name": "Южная",
        "line_name": "Серпуховско-Тимирязевская",
        "station_id": "9.163",
        "line_id": "9",
        "lat": 55.622436,
        "lng": 37.609047
      }
    ],
    "id": "1913180"
  },
  "response_url": null,
  "sort_point_distance": null,
  "published_at": "2025-12-22T21:18:33+06:00",
  "created_at": "2025-12-22T21:18:33+06:00",
  "archived": false,
  "apply_alternate_url": "https://hh.ru/applicant/vacancy_response?vacancyId=128281994",
  "show_logo_in_search": null,
  "show_contacts": true,
  "insider_interview": null,
  "url": "https://api.hh.ru/vacancies/128281994?host=hh.ru",
  "alternate_url": "https://hh.ru/vacancy/128281994",
  "relations": [],
  "employer": {
    "id": "107051",
    "name": "БИОТЕХНО",
    "url": "https://api.hh.ru/employers/107051",
    "alternate_url": "https://hh.ru/employer/107051",
    "logo_urls": {
      "original": "https://img.hhcdn.ru/employer-logo-original-round/3387755.jpg",
      "90": "https://img.hhcdn.ru/employer-logo-round/3387757.jpeg",
      "240": "https://img.hhcdn.ru/employer-logo-round/3387758.jpeg"
    },
    "vacancies_url": "https://api.hh.ru/vacancies?employer_id=107051",
    "country_id": 1,
    "accredited_it_employer": false,
    "trusted": true
  },
  "snippet": {
    "requirement": "Навыки программирования макросов, скриптов (VBA, Python, <highlighttext>C#</highlighttext> или аналогичные). Понимание принципов оформления конструкторской документации. Опыт оптимизации или автоматизации инженерных процессов...",
    "responsibility": "Автоматизация процессов разработки 3D моделей деталей, сборочных единиц, комплектов и комплексов биотехнологического оборудования. Создание и внедрение скриптов, макросов и..."
  },
  "contacts": null,
  "schedule": {
    "id": "fullDay",
    "name": "Полный день"
  },
  "working_days": [],
  "working_time_intervals": [],
  "working_time_modes": [],
  "accept_temporary": false,
  "fly_in_fly_out_duration": [],
  "work_format": [
    {
      "id": "ON_SITE",
      "name": "На месте работодателя"
    }
  ],
  "working_hours": [
    {
      "id": "HOURS_8",
      "name": "8 часов"
    }
  ],
  "work_schedule_by_days": [
    {
      "id": "FIVE_ON_TWO_OFF",
      "name": "5/2"
    }
  ],
  "night_shifts": false,
  "professional_roles": [
    {
      "id": "48",
      "name": "Инженер-конструктор, инженер-проектировщик"
    }
  ],
  "accept_incomplete_resumes": true,
  "experience": {
    "id": "between1And3",
    "name": "От 1 года до 3 лет"
  },
  "employment": {
    "id": "full",
    "name": "Полная занятость"
  },
  "employment_form": {
    "id": "FULL",
    "name": "Полная"
  },
  "internship": false,
  "adv_response_url": null,
  "is_adv_vacancy": false,
  "adv_context": null
}