{
  "id": "128255864",
  "premium": false,
  "name": "Руководитель группы разработки",
  "department": null,
  "has_test": false,
  "response_letter_required": true,
  "area": {
    "id": "159",
    "name": "Астана",
    "url": "https://api.hh.ru/areas/159"
  },
  "salary": null,
  "salary_range": null,
  "type": {
    "id": "open",
    "name": "Открытая"
  },
  "address": {
    "city": "Астана",
    "street": "улица Сакена Сейфуллина",
    "building": "8",
    "lat": 51.16798307057072,
    "lng": 71.4046123275428,
    "description": null,
    "raw": "Астана, улица Сакена Сейфуллина, 8",
    "metro": null,
    "metro_stations": [],
    "id": "16784118"
  },
  "response_url": null,
  "sort_point_distance": null,
  "published_at": "2025-12-01T15:15:52+06:00",
  "created_at": "2025-12-01T15:15:52+06:00",
  "archived": false,
  "apply_alternate_url": "https://hh.ru/applicant/vacancy_response?vacancyId=128255864",
  "show_contacts": true,
  "insider_interview": null,
  "url": "https://api.hh.ru/vacancies/128255864?host=hh.ru",
  "alternate_url": "https://hh.ru/vacancy/128255864",
  "relations": [],
  "employer": {
    "id": "5312180",
    "name": "IPrav (АйПрав)",
    "url": "https://api.hh.ru/employers/5312180",
    "alternate_url": "https://hh.ru/employer/5312180",
    "logo_urls": null,
    "vacancies_url": "https://api.hh.ru/vacancies?employer_id=5312180",
    "country_id": 3,
    "accredited_it_employer": false,
    "trusted": true
  },
  "snippet": {
    "requirement": "Языки: Глубокое знание Go (Golang) — основной стек нового проекта. Желательно понимание <highlighttext>C#</highlighttext>/<highlighttext>.NET</highlighttext> (для поддержки существующего проекта) или готовность быстро...",
    "responsibility": "Управление командой и процессами: Руководство кросс-функциональной командой (Backend Go/<highlighttext>.NET</highlighttext>, Frontend React/RN, Flutter, QA, DevOps, Аналитики,). "
  },
  "contacts": null,
  "schedule": {
    "id": "fullDay",
    "name": "Полный день"
  },
  "working_days": [],
  "working_time_intervals": [],
  "working_time_modes": [],
  "accept_temporary": false,
  "fly_in_fly_out_duration": [],
  "work_format": [
    {
      "id": "ON_SITE",
      "name": "На месте работодателя"
    }
  ],
  "working_hours": [
    {
      "id": "HOURS_8",
      "name": "8 часов"
    }
  ],
  "work_schedule_by_days": [
    {
      "id": "FIVE_ON_TWO_OFF",
      "name": "5/2"
    }
  ],
  "night_shifts": false,
  "professional_roles": [
    {
      "id": "104",
      "name": "Руководитель группы разработки"
    }
  ],
  "accept_incomplete_resumes": false,
  "experience": {
    "id": "between3And6",
    "name": "От 3 до 6 лет"
  },
  "employment": {
    "id": "full",
    "name": "Полная занятость"
  },
  "employment_form": {
    "id": "FULL",
    "name": "Полная"
  },
  "internship": false,
  "adv_response_url": null,
  "is_adv_vacancy": false,
  "adv_context": null
}