{
  "id": "128242527",
  "premium": false,
  "name": "Ведущий разработчик .NET / С#",
  "department": null,
  "has_test": false,
  "response_letter_required": false,
  "area": {
    "id": "1",
    "name": "Москва",
    "url": "https://api.hh.ru/areas/1"
  },
  "salary": {
    "from": 250000,
    "to": null,
    "currency": "RUR",
    "gross": true
  },
  "salary_range": {
    "from": 250000,
    "to": null,
    "currency": "RUR",
    "gross": true,
    "mode": {
      "id": "MONTH",
      "name": "За месяц"
    },
    "frequency": {
      "id": "TWICE_PER_MONTH",
      "name": "Два раза в месяц"
    }
  },
  "type": {
    "id": "open",
    "name": "Открытая"
  },
  "address": {
    "city": "деревня Михалково",
    "street": null,
    "building": "1Б",
    "lat": 55.789821,
    "lng": 37.25176,
    "description": null,
    "raw": "деревня Михалково, 1Б",
    "metro": null,
    "metro_stations": [],
    "id": "15192498"
  },
  "response_url": null,
  "sort_point_distance": null,
  "published_at": "2025-12-11T13:26:20+06:00",
  "created_at": "2025-12-11T13:26:20+06:00",
  "archived": false,
  "apply_alternate_url": "https://hh.ru/applicant/vacancy_response?vacancyId=128242527",
  "branding": {
    "type": "MAKEUP",
    "tariff": null
  },
  "show_logo_in_search": true,
  "show_contacts": true,
  "insider_interview": null,
  "url": "https://api.hh.ru/vacancies/128242527?host=hh.ru",
  "alternate_url": "https://hh.ru/vacancy/128242527",
  "relations": [],
  "employer": {
    "id": "2644166",
    "name": "Мэйджор Терминал",
    "url": "https://api.hh.ru/employers/2644166",
    "alternate_url": "https://hh.ru/employer/2644166",
    "logo_urls": {
      "original": "https://img.hhcdn.ru/employer-logo-original/1451352.png",
      "90": "https://img.hhcdn.ru/employer-logo/7425029.png",
      "240": "https://img.hhcdn.ru/employer-logo/7425030.png"
    },
    "vacancies_url": "https://api.hh.ru/vacancies?employer_id=2644166",
    "country_id": 1,
    "accredited_it_employer": false,
    "trusted": true
  },
  "snippet": {
    "requirement": "Уверенные знания <highlighttext>C#</highlighttext> и платформы <highlighttext>.NET</highlighttext> Core. Уверенные знания SQL (MS SQL/PostgeSQL). Опыт разработки микросервисов. Опыт с брокерами сообщений...",
    "responsibility": "Backend разработкой на <highlighttext>.NET</highlighttext> Core. Участием в проектах по разработке мобильного приложения для работы склада (ТСД), а также системами управления..."
  },
  "contacts": null,
  "schedule": {
    "id": "remote",
    "name": "Удаленная работа"
  },
  "working_days": [],
  "working_time_intervals": [],
  "working_time_modes": [],
  "accept_temporary": false,
  "fly_in_fly_out_duration": [],
  "work_format": [
    {
      "id": "REMOTE",
      "name": "Удалённо"
    }
  ],
  "working_hours": [
    {
      "id": "HOURS_8",
      "name": "8 часов"
    }
  ],
  "work_schedule_by_days": [
    {
      "id": "FIVE_ON_TWO_OFF",
      "name": "5/2"
    }
  ],
  "night_shifts": false,
  "professional_roles": [
    {
      "id": "96",
      "name": "Программист, разработчик"
    }
  ],
  "accept_incomplete_resumes": false,
  "experience": {
    "id": "between3And6",
    "name": "От 3 до 6 лет"
  },
  "employment": {
    "id": "full",
    "name": "Полная занятость"
  },
  "employment_form": {
    "id": "FULL",
    "name": "Полная"
  },
  "internship": false,
  "adv_response_url": null,
  "is_adv_vacancy": false,
  "adv_context": null
}