{
  "id": "128280826",
  "premium": false,
  "name": "Frontend-developer (Javascript, Angular)",
  "department": null,
  "has_test": false,
  "response_letter_required": false,
  "area": {
    "id": "1",
    "name": "Москва",
    "url": "https://api.hh.ru/areas/1"
  },
  "salary": {
    "from": 250000,
    "to": null,
    "currency": "RUR",
    "gross": false
  },
  "salary_range": {
    "from": 250000,
    "to": null,
    "currency": "RUR",
    "gross": false,
    "mode": {
      "id": "MONTH",
      "name": "За месяц"
    },
    "frequency": null
  },
  "type": {
    "id": "open",
    "name": "Открытая"
  },
  "address": {
    "city": "Москва",
    "street": "Большая Серпуховская улица",
    "building": "7",
    "lat": 55.728672,
    "lng": 37.626466,
    "description": null,
    "raw": "Москва, Большая Серпуховская улица, 7",
    "metro": {
      "station_name": "Добрынинская",
      "line_name": "Кольцевая",
      "station_id": "5.36",
      "line_id": "5",
      "lat": 55.728994,
      "lng": 37.622533
    },
    "metro_stations": [
      {
        "station_name": "Добрынинская",
        "line_name": "Кольцевая",
        "station_id": "5.36",
        "line_id": "5",
        "lat": 55.728994,
        "lng": 37.622533
      },
      {
        "station_name": "Павелецкая",
        "line_name": "Замоскворецкая",
        "station_id": "2.101",
        "line_id": "2",
        "lat": 55.729741,
        "lng": 37.638693
      },
      {
        "station_name": "Павелецкая",
        "line_name": "Кольцевая",
        "station_id": "5.102",
        "line_id": "5",
        "lat": 55.731414,
        "lng": 37.636294
      },
      {
        "station_name": "Серпуховская",
        "line_name": "Серпуховско-Тимирязевская",
        "station_id": "9.37",
        "line_id": "9",
        "lat": 55.726548,
        "lng": 37.624792
      }
    ],
    "id": "19610368"
  },
  "response_url": null,
  "sort_point_distance": null,
  "published_at": "2025-12-22T20:59:23+06:00",
  "created_at": "2025-12-22T20:59:23+06:00",
  "archived": false,
  "apply_alternate_url": "https://hh.ru/applicant/vacancy_response?vacancyId=128280826",
  "show_logo_in_search": null,
  "show_contacts": false,
  "insider_interview": null,
  "url": "https://api.hh.ru/vacancies/128280826?host=hh.ru",
  "alternate_url": "https://hh.ru/vacancy/128280826",
  "relations": [],
  "employer": {
    "id": "2060114",
    "name": "Брисмани",
    "url": "https://api.hh.ru/employers/2060114",
    "alternate_url": "https://hh.ru/employer/2060114",
    "logo_urls": {
      "original": "https://img.hhcdn.ru/employer-logo-original-round/1631808.png",
      "90": "https://img.hhcdn.ru/employer-logo-round/1631810.png",
      "240": "https://img.hhcdn.ru/employer-logo-round/1631811.png"
    },
    "vacancies_url": "https://api.hh.ru/vacancies?employer_id=2060114",
    "country_id": 1,
    "accredited_it_employer": false,
    "trusted": true
  },
  "snippet": {
    "requirement": "Опыт коммерческой разработки на Frontend не менее 5 лет. Опыт работы на позиции Tech Lead / Team Lead или роль старшего...",
    "responsibility": "Разработка и поддержка веб-приложений на основе Angular. Работа в офисе. (В меньшей степени) Разработка и поддержка корпоративного сайта на..."
  },
  "contacts": null,
  "schedule": {
    "id": "fullDay",
    "name": "Полный день"
  },
  "working_days": [],
  "working_time_intervals": [],
  "working_time_modes": [],
  "accept_temporary": true,
  "fly_in_fly_out_duration": [],
  "work_format": [
    {
      "id": "ON_SITE",
      "name": "На месте работодателя"
    }
  ],
  "working_hours": [
    {
      "id": "HOURS_8",
      "name": "8 часов"
    }
  ],
  "work_schedule_by_days": [
    {
      "id": "FIVE_ON_TWO_OFF",
      "name": "5/2"
    }
  ],
  "night_shifts": false,
  "professional_roles": [
    {
      "id": "96",
      "name": "Программист, разработчик"
    }
  ],
  "accept_incomplete_resumes": false,
  "experience": {
    "id": "between1And3",
    "name": "От 1 года до 3 лет"
  },
  "employment": {
    "id": "full",
    "name": "Полная занятость"
  },
  "employment_form": {
    "id": "FULL",
    "name": "Полная"
  },
  "internship": false,
  "adv_response_url": null,
  "is_adv_vacancy": false,
  "adv_context": null
}