{
  "id": "128276744",
  "premium": false,
  "name": "Middle Fullstack-разработчик (.NET/Angular) в команду Guest Management",
  "department": null,
  "has_test": false,
  "response_letter_required": false,
  "area": {
    "id": "2",
    "name": "Санкт-Петербург",
    "url": "https://api.hh.ru/areas/2"
  },
  "salary": {
    "from": 200000,
    "to": null,
    "currency": "RUR",
    "gross": false
  },
  "salary_range": {
    "from": 200000,
    "to": null,
    "currency": "RUR",
    "gross": false,
    "mode": {
      "id": "MONTH",
      "name": "За месяц"
    },
    "frequency": {
      "id": "TWICE_PER_MONTH",
      "name": "Два раза в месяц"
    }
  },
  "type": {
    "id": "open",
    "name": "Открытая"
  },
  "address": null,
  "response_url": null,
  "sort_point_distance": null,
  "published_at": "2025-12-01T19:55:32+06:00",
  "created_at": "2025-12-01T19:55:32+06:00",
  "archived": false,
  "apply_alternate_url": "https://hh.ru/applicant/vacancy_response?vacancyId=128276744",
  "show_logo_in_search": null,
  "show_contacts": false,
  "insider_interview": null,
  "url": "https://api.hh.ru/vacancies/128276744?host=hh.ru",
  "alternate_url": "https://hh.ru/vacancy/128276744",
  "relations": [],
  "employer": {
    "id": "1136961",
    "name": "TravelLine",
    "url": "https://api.hh.ru/employers/1136961",
    "alternate_url": "https://hh.ru/employer/1136961",
    "logo_urls": {
      "original": "https://img.hhcdn.ru/employer-logo-original-round/7102017.png",
      "90": "https://img.hhcdn.ru/employer-logo-round/7102018.png",
      "240": "https://img.hhcdn.ru/employer-logo-round/7102019.png"
    },
    "vacancies_url": "https://api.hh.ru/vacancies?employer_id=1136961",
    "country_id": 1,
    "accredited_it_employer": true,
    "trusted": true
  },
  "snippet": {
    "requirement": "Опыт коммерческой разработки <highlighttext>.NET</highlighttext> <highlighttext>C#</highlighttext> от 4-х лет. Опыт работы с web-технологиями. Понимание подходов к работе с микросервисной...",
    "responsibility": "Проектированием и разработкой новых backend-компонентов, а также доработкой существующих, для реализации новых бизнес-требований. Frontend-разработкой новых страниц экстранета..."
  },
  "contacts": null,
  "schedule": {
    "id": "remote",
    "name": "Удаленная работа"
  },
  "working_days": [],
  "working_time_intervals": [],
  "working_time_modes": [],
  "accept_temporary": false,
  "fly_in_fly_out_duration": [],
  "work_format": [
    {
      "id": "REMOTE",
      "name": "Удалённо"
    }
  ],
  "working_hours": [
    {
      "id": "HOURS_8",
      "name": "8 часов"
    }
  ],
  "work_schedule_by_days": [
    {
      "id": "FIVE_ON_TWO_OFF",
      "name": "5/2"
    }
  ],
  "night_shifts": false,
  "professional_roles": [
    {
      "id": "96",
      "name": "Программист, разработчик"
    }
  ],
  "accept_incomplete_resumes": false,
  "experience": {
    "id": "between3And6",
    "name": "От 3 до 6 лет"
  },
  "employment": {
    "id": "full",
    "name": "Полная занятость"
  },
  "employment_form": {
    "id": "FULL",
    "name": "Полная"
  },
  "internship": false,
  "adv_response_url": null,
  "is_adv_vacancy": false,
  "adv_context": null
}