{
  "id": "128245641",
  "premium": false,
  "name": "Ведущий инженер-программист в разработке программных продуктов",
  "department": null,
  "has_test": false,
  "response_letter_required": false,
  "area": {
    "id": "2",
    "name": "Санкт-Петербург",
    "url": "https://api.hh.ru/areas/2"
  },
  "salary": null,
  "salary_range": null,
  "type": {
    "id": "open",
    "name": "Открытая"
  },
  "address": {
    "city": "Санкт-Петербург",
    "street": "Средний пр.",
    "building": "86",
    "lat": 59.934619,
    "lng": 30.254639,
    "description": null,
    "raw": "Санкт-Петербург, Средний пр., 86",
    "metro": {
      "station_name": "Василеостровская",
      "line_name": "Невско-Василеостровская",
      "station_id": "16.228",
      "line_id": "16",
      "lat": 59.942577,
      "lng": 30.278254
    },
    "metro_stations": [
      {
        "station_name": "Василеостровская",
        "line_name": "Невско-Василеостровская",
        "station_id": "16.228",
        "line_id": "16",
        "lat": 59.942577,
        "lng": 30.278254
      }
    ],
    "id": "6007451"
  },
  "response_url": null,
  "sort_point_distance": null,
  "published_at": "2025-12-02T15:46:27+06:00",
  "created_at": "2025-12-02T15:46:27+06:00",
  "archived": false,
  "apply_alternate_url": "https://hh.ru/applicant/vacancy_response?vacancyId=128245641",
  "branding": {
    "type": "MAKEUP",
    "tariff": null
  },
  "show_logo_in_search": true,
  "show_contacts": true,
  "insider_interview": null,
  "url": "https://api.hh.ru/vacancies/128245641?host=hh.ru",
  "alternate_url": "https://hh.ru/vacancy/128245641",
  "relations": [],
  "employer": {
    "id": "4029257",
    "name": "РУСАЛ",
    "url": "https://api.hh.ru/employers/4029257",
    "alternate_url": "https://hh.ru/employer/4029257",
    "logo_urls": {
      "original": "https://img.hhcdn.ru/employer-logo-original-round/3040103.png",
      "90": "https://img.hhcdn.ru/employer-logo-round/3040104.png",
      "240": "https://img.hhcdn.ru/employer-logo-round/3040105.png"
    },
    "vacancies_url": "https://api.hh.ru/vacancies?employer_id=4029257",
    "country_id": 1,
    "accredited_it_employer": false,
    "trusted": true
  },
  "snippet": {
    "requirement": "Знание иностранного языка – не ниже уровня B2, технический английский. Backend: <highlighttext>С#</highlighttext> / Python. Frontend: React/Angular + TypeScript. ",
    "responsibility": "Техническое управление разрабатываемыми системами. Подготовка и экспертиза документации (подготовка технических заданий, схем взаимодействия системы, спецификаций и т.д). "
  },
  "contacts": null,
  "schedule": {
    "id": "fullDay",
    "name": "Полный день"
  },
  "working_days": [],
  "working_time_intervals": [],
  "working_time_modes": [],
  "accept_temporary": false,
  "fly_in_fly_out_duration": [],
  "work_format": [
    {
      "id": "ON_SITE",
      "name": "На месте работодателя"
    }
  ],
  "working_hours": [
    {
      "id": "HOURS_8",
      "name": "8 часов"
    }
  ],
  "work_schedule_by_days": [
    {
      "id": "FIVE_ON_TWO_OFF",
      "name": "5/2"
    }
  ],
  "night_shifts": false,
  "professional_roles": [
    {
      "id": "96",
      "name": "Программист, разработчик"
    }
  ],
  "accept_incomplete_resumes": false,
  "experience": {
    "id": "between3And6",
    "name": "От 3 до 6 лет"
  },
  "employment": {
    "id": "full",
    "name": "Полная занятость"
  },
  "employment_form": {
    "id": "FULL",
    "name": "Полная"
  },
  "internship": false,
  "adv_response_url": null,
  "is_adv_vacancy": false,
  "adv_context": null
}