{
  "id": "128245815",
  "premium": false,
  "name": "Middle/Senior C# разработчик в Fiji",
  "department": {
    "id": "64174-64174-RnD",
    "name": "2ГИС.RnD"
  },
  "has_test": false,
  "response_letter_required": false,
  "area": {
    "id": "4",
    "name": "Новосибирск",
    "url": "https://api.hh.ru/areas/4"
  },
  "salary": null,
  "salary_range": null,
  "type": {
    "id": "open",
    "name": "Открытая"
  },
  "address": null,
  "response_url": null,
  "sort_point_distance": null,
  "published_at": "2025-12-01T13:15:19+06:00",
  "created_at": "2025-12-01T13:15:19+06:00",
  "archived": false,
  "apply_alternate_url": "https://hh.ru/applicant/vacancy_response?vacancyId=128245815",
  "branding": {
    "type": "MAKEUP",
    "tariff": null
  },
  "show_logo_in_search": true,
  "show_contacts": false,
  "insider_interview": null,
  "url": "https://api.hh.ru/vacancies/128245815?host=hh.ru",
  "alternate_url": "https://hh.ru/vacancy/128245815",
  "relations": [],
  "employer": {
    "id": "64174",
    "name": "2ГИС",
    "url": "https://api.hh.ru/employers/64174",
    "alternate_url": "https://hh.ru/employer/64174",
    "logo_urls": {
      "original": "https://img.hhcdn.ru/employer-logo-original-round/5688467.jpeg",
      "90": "https://img.hhcdn.ru/employer-logo-round/5688468.jpeg",
      "240": "https://img.hhcdn.ru/employer-logo-round/5688469.jpeg"
    },
    "vacancies_url": "https://api.hh.ru/vacancies?employer_id=64174",
    "country_id": 1,
    "accredited_it_employer": true,
    "trusted": true
  },
  "snippet": {
    "requirement": "Понимание структур данных и алгоритмов. Знание языка <highlighttext>C#</highlighttext>, платформы <highlighttext>.NET</highlighttext>8+, ASP.NET Core. Понимание принципов ООП и ООД, умение...",
    "responsibility": null
  },
  "contacts": null,
  "schedule": {
    "id": "remote",
    "name": "Удаленная работа"
  },
  "working_days": [],
  "working_time_intervals": [],
  "working_time_modes": [],
  "accept_temporary": false,
  "fly_in_fly_out_duration": [],
  "work_format": [
    {
      "id": "ON_SITE",
      "name": "На месте работодателя"
    },
    {
      "id": "REMOTE",
      "name": "Удалённо"
    },
    {
      "id": "HYBRID",
      "name": "Гибрид"
    }
  ],
  "working_hours": [
    {
      "id": "HOURS_8",
      "name": "8 часов"
    }
  ],
  "work_schedule_by_days": [
    {
      "id": "FIVE_ON_TWO_OFF",
      "name": "5/2"
    }
  ],
  "night_shifts": false,
  "professional_roles": [
    {
      "id": "96",
      "name": "Программист, разработчик"
    }
  ],
  "accept_incomplete_resumes": false,
  "experience": {
    "id": "between3And6",
    "name": "От 3 до 6 лет"
  },
  "employment": {
    "id": "full",
    "name": "Полная занятость"
  },
  "employment_form": {
    "id": "FULL",
    "name": "Полная"
  },
  "internship": false,
  "adv_response_url": null,
  "is_adv_vacancy": false,
  "adv_context": null
}