{
  "id": "128299583",
  "premium": false,
  "name": "Главный специалист (картография и схемография)",
  "department": null,
  "has_test": false,
  "response_letter_required": false,
  "area": {
    "id": "1",
    "name": "Москва",
    "url": "https://api.hh.ru/areas/1"
  },
  "salary": null,
  "salary_range": null,
  "type": {
    "id": "open",
    "name": "Открытая"
  },
  "address": {
    "city": "Видное",
    "street": "улица 6-я Линия",
    "building": "20",
    "lat": 55.550687,
    "lng": 37.750801,
    "description": null,
    "raw": "Видное, улица 6-я Линия, 20",
    "metro": null,
    "metro_stations": [],
    "id": "6656767"
  },
  "response_url": null,
  "sort_point_distance": null,
  "published_at": "2025-12-02T12:13:19+06:00",
  "created_at": "2025-12-02T12:13:19+06:00",
  "archived": false,
  "apply_alternate_url": "https://hh.ru/applicant/vacancy_response?vacancyId=128299583",
  "show_logo_in_search": null,
  "show_contacts": true,
  "insider_interview": null,
  "url": "https://api.hh.ru/vacancies/128299583?host=hh.ru",
  "alternate_url": "https://hh.ru/vacancy/128299583",
  "relations": [],
  "employer": {
    "id": "5382707",
    "name": "Газпром Диагностика",
    "url": "https://api.hh.ru/employers/5382707",
    "alternate_url": "https://hh.ru/employer/5382707",
    "logo_urls": {
      "original": "https://img.hhcdn.ru/employer-logo-original-round/4279563.png",
      "90": "https://img.hhcdn.ru/employer-logo-round/4279564.png",
      "240": "https://img.hhcdn.ru/employer-logo-round/4279565.png"
    },
    "vacancies_url": "https://api.hh.ru/vacancies?employer_id=5382707",
    "country_id": 1,
    "accredited_it_employer": false,
    "trusted": true
  },
  "snippet": {
    "requirement": "Знание HTML, CSS, JavaScript-библиотек для разработки web-карт. - Приветствуется знание <highlighttext>C#</highlighttext>, ASP.NET. - Знание Oracle SQL и PL/SQL. - ",
    "responsibility": "Ведение банка данных картографической информации и технологических схем объектов. - Обработка технологических схем и их верификация. - Сопровождение и развитие картографического модуля..."
  },
  "contacts": null,
  "schedule": {
    "id": "fullDay",
    "name": "Полный день"
  },
  "working_days": [],
  "working_time_intervals": [],
  "working_time_modes": [],
  "accept_temporary": false,
  "fly_in_fly_out_duration": [],
  "work_format": [
    {
      "id": "ON_SITE",
      "name": "На месте работодателя"
    }
  ],
  "working_hours": [
    {
      "id": "HOURS_8",
      "name": "8 часов"
    }
  ],
  "work_schedule_by_days": [
    {
      "id": "FIVE_ON_TWO_OFF",
      "name": "5/2"
    }
  ],
  "night_shifts": false,
  "professional_roles": [
    {
      "id": "40",
      "name": "Другое"
    }
  ],
  "accept_incomplete_resumes": false,
  "experience": {
    "id": "between3And6",
    "name": "От 3 до 6 лет"
  },
  "employment": {
    "id": "full",
    "name": "Полная занятость"
  },
  "employment_form": {
    "id": "FULL",
    "name": "Полная"
  },
  "internship": false,
  "adv_response_url": null,
  "is_adv_vacancy": false,
  "adv_context": null
}