{
  "id": "128273083",
  "premium": false,
  "name": "Технический специалист DirectumRX",
  "department": null,
  "has_test": false,
  "response_letter_required": false,
  "area": {
    "id": "2",
    "name": "Санкт-Петербург",
    "url": "https://api.hh.ru/areas/2"
  },
  "salary": {
    "from": 100000,
    "to": null,
    "currency": "RUR",
    "gross": false
  },
  "salary_range": {
    "from": 100000,
    "to": null,
    "currency": "RUR",
    "gross": false,
    "mode": {
      "id": "MONTH",
      "name": "За месяц"
    },
    "frequency": {
      "id": "TWICE_PER_MONTH",
      "name": "Два раза в месяц"
    }
  },
  "type": {
    "id": "open",
    "name": "Открытая"
  },
  "address": {
    "city": "Санкт-Петербург",
    "street": "Невский проспект",
    "building": "104",
    "lat": 59.931887,
    "lng": 30.356589,
    "description": null,
    "raw": "Санкт-Петербург, Невский проспект, 104",
    "metro": {
      "station_name": "Маяковская",
      "line_name": "Невско-Василеостровская",
      "station_id": "16.230",
      "line_id": "16",
      "lat": 59.931366,
      "lng": 30.354645
    },
    "metro_stations": [
      {
        "station_name": "Маяковская",
        "line_name": "Невско-Василеостровская",
        "station_id": "16.230",
        "line_id": "16",
        "lat": 59.931366,
        "lng": 30.354645
      },
      {
        "station_name": "Площадь Восстания",
        "line_name": "Кировско-Выборгская",
        "station_id": "14.199",
        "line_id": "14",
        "lat": 59.930279,
        "lng": 30.361069
      }
    ],
    "id": "13794617"
  },
  "response_url": null,
  "sort_point_distance": null,
  "published_at": "2025-12-22T19:00:10+06:00",
  "created_at": "2025-12-22T19:00:10+06:00",
  "archived": false,
  "apply_alternate_url": "https://hh.ru/applicant/vacancy_response?vacancyId=128273083",
  "show_logo_in_search": null,
  "show_contacts": false,
  "insider_interview": null,
  "url": "https://api.hh.ru/vacancies/128273083?host=hh.ru",
  "alternate_url": "https://hh.ru/vacancy/128273083",
  "relations": [],
  "employer": {
    "id": "10078615",
    "name": "СофтСноу",
    "url": "https://api.hh.ru/employers/10078615",
    "alternate_url": "https://hh.ru/employer/10078615",
    "logo_urls": {
      "original": "https://img.hhcdn.ru/employer-logo-original-round/6142031.png",
      "90": "https://img.hhcdn.ru/employer-logo-round/6142033.png",
      "240": "https://img.hhcdn.ru/employer-logo-round/6142034.png"
    },
    "vacancies_url": "https://api.hh.ru/vacancies?employer_id=10078615",
    "country_id": 1,
    "accredited_it_employer": true,
    "trusted": true
  },
  "snippet": {
    "requirement": "Опыт работы с системами мониторинга (Grafana, Prometheus). Базовые знания Python, JavaScript или <highlighttext>C#</highlighttext> (для чтения кода и взаимодействия с разработчиками). ",
    "responsibility": "Хорошо изучить функциональность продуктов на платформе DirectumRX. Изучить тонкости работы продуктов в разных средах. Помогать устранять ошибки и сбои в..."
  },
  "contacts": null,
  "schedule": {
    "id": "remote",
    "name": "Удаленная работа"
  },
  "working_days": [],
  "working_time_intervals": [],
  "working_time_modes": [],
  "accept_temporary": false,
  "fly_in_fly_out_duration": [],
  "work_format": [
    {
      "id": "REMOTE",
      "name": "Удалённо"
    }
  ],
  "working_hours": [
    {
      "id": "HOURS_8",
      "name": "8 часов"
    }
  ],
  "work_schedule_by_days": [
    {
      "id": "FIVE_ON_TWO_OFF",
      "name": "5/2"
    }
  ],
  "night_shifts": false,
  "professional_roles": [
    {
      "id": "121",
      "name": "Специалист технической поддержки"
    }
  ],
  "accept_incomplete_resumes": false,
  "experience": {
    "id": "between1And3",
    "name": "От 1 года до 3 лет"
  },
  "employment": {
    "id": "full",
    "name": "Полная занятость"
  },
  "employment_form": {
    "id": "FULL",
    "name": "Полная"
  },
  "internship": false,
  "adv_response_url": null,
  "is_adv_vacancy": false,
  "adv_context": null
}