{
  "id": "128224014",
  "premium": false,
  "name": "Middle .NET Engineer",
  "department": null,
  "has_test": false,
  "response_letter_required": false,
  "area": {
    "id": "2759",
    "name": "Ташкент",
    "url": "https://api.hh.ru/areas/2759"
  },
  "salary": {
    "from": 18000000,
    "to": 25000000,
    "currency": "UZS",
    "gross": false
  },
  "salary_range": {
    "from": 18000000,
    "to": 25000000,
    "currency": "UZS",
    "gross": false,
    "mode": {
      "id": "MONTH",
      "name": "За месяц"
    },
    "frequency": {
      "id": "TWICE_PER_MONTH",
      "name": "Два раза в месяц"
    }
  },
  "type": {
    "id": "open",
    "name": "Открытая"
  },
  "address": {
    "city": "Ташкент",
    "street": "проезд Лабзак",
    "building": null,
    "lat": 41.32807,
    "lng": 69.26059,
    "description": null,
    "raw": "Ташкент, проезд Лабзак",
    "metro": null,
    "metro_stations": [],
    "id": "20286576"
  },
  "response_url": null,
  "sort_point_distance": null,
  "published_at": "2025-11-29T18:34:41+06:00",
  "created_at": "2025-11-29T18:34:41+06:00",
  "archived": false,
  "apply_alternate_url": "https://hh.ru/applicant/vacancy_response?vacancyId=128224014",
  "show_contacts": true,
  "insider_interview": null,
  "url": "https://api.hh.ru/vacancies/128224014?host=hh.ru",
  "alternate_url": "https://hh.ru/vacancy/128224014",
  "relations": [],
  "employer": {
    "id": "10821205",
    "name": "ЯТТ IT company",
    "url": "https://api.hh.ru/employers/10821205",
    "alternate_url": "https://hh.ru/employer/10821205",
    "logo_urls": null,
    "vacancies_url": "https://api.hh.ru/vacancies?employer_id=10821205",
    "country_id": 6,
    "accredited_it_employer": false,
    "trusted": true
  },
  "snippet": {
    "requirement": "<highlighttext>.NET</highlighttext> Core, ASP.NET Core, FastEndpoints, Dapper. * 3+ лет коммерческого опыта в разработке на <highlighttext>.NET</highlighttext> Core, ASP.NET Core, FastEndpoints. * ",
    "responsibility": "Технологический стек: Предоставление необходимой техники."
  },
  "contacts": null,
  "schedule": {
    "id": "fullDay",
    "name": "Полный день"
  },
  "working_days": [],
  "working_time_intervals": [],
  "working_time_modes": [],
  "accept_temporary": false,
  "fly_in_fly_out_duration": [],
  "work_format": [
    {
      "id": "ON_SITE",
      "name": "На месте работодателя"
    }
  ],
  "working_hours": [
    {
      "id": "HOURS_8",
      "name": "8 часов"
    }
  ],
  "work_schedule_by_days": [
    {
      "id": "SIX_ON_ONE_OFF",
      "name": "6/1"
    }
  ],
  "night_shifts": false,
  "professional_roles": [
    {
      "id": "96",
      "name": "Программист, разработчик"
    }
  ],
  "accept_incomplete_resumes": false,
  "experience": {
    "id": "between3And6",
    "name": "От 3 до 6 лет"
  },
  "employment": {
    "id": "full",
    "name": "Полная занятость"
  },
  "employment_form": {
    "id": "FULL",
    "name": "Полная"
  },
  "internship": false,
  "adv_response_url": null,
  "is_adv_vacancy": false,
  "adv_context": null
}