{
  "id": "128253106",
  "premium": false,
  "name": "Разработчик веб приложений C# full-stack",
  "department": null,
  "has_test": false,
  "response_letter_required": false,
  "area": {
    "id": "1",
    "name": "Москва",
    "url": "https://api.hh.ru/areas/1"
  },
  "salary": null,
  "salary_range": null,
  "type": {
    "id": "open",
    "name": "Открытая"
  },
  "address": {
    "city": "Москва",
    "street": "улица Стромынка",
    "building": "18к5Б",
    "lat": 55.793905,
    "lng": 37.697073,
    "description": null,
    "raw": "Москва, улица Стромынка, 18к5Б",
    "metro": {
      "station_name": "Преображенская площадь",
      "line_name": "Сокольническая",
      "station_id": "1.117",
      "line_id": "1",
      "lat": 55.796322,
      "lng": 37.713582
    },
    "metro_stations": [
      {
        "station_name": "Преображенская площадь",
        "line_name": "Сокольническая",
        "station_id": "1.117",
        "line_id": "1",
        "lat": 55.796322,
        "lng": 37.713582
      },
      {
        "station_name": "Сокольники",
        "line_name": "Сокольническая",
        "station_id": "1.134",
        "line_id": "1",
        "lat": 55.789282,
        "lng": 37.679895
      },
      {
        "station_name": "Сокольники",
        "line_name": "Большая кольцевая линия",
        "station_id": "97.823",
        "line_id": "97",
        "lat": 55.791111,
        "lng": 37.678889
      }
    ],
    "id": "13668821"
  },
  "response_url": null,
  "sort_point_distance": null,
  "published_at": "2025-12-22T14:42:38+06:00",
  "created_at": "2025-12-22T14:42:38+06:00",
  "archived": false,
  "apply_alternate_url": "https://hh.ru/applicant/vacancy_response?vacancyId=128253106",
  "show_logo_in_search": null,
  "show_contacts": false,
  "insider_interview": null,
  "url": "https://api.hh.ru/vacancies/128253106?host=hh.ru",
  "alternate_url": "https://hh.ru/vacancy/128253106",
  "relations": [],
  "employer": {
    "id": "10010638",
    "name": "Р.О.С.Т. - Информационные Технологии",
    "url": "https://api.hh.ru/employers/10010638",
    "alternate_url": "https://hh.ru/employer/10010638",
    "logo_urls": {
      "original": "https://img.hhcdn.ru/employer-logo-original-round/6371740.png",
      "90": "https://img.hhcdn.ru/employer-logo-round/6371742.png",
      "240": "https://img.hhcdn.ru/employer-logo-round/6371743.png"
    },
    "vacancies_url": "https://api.hh.ru/vacancies?employer_id=10010638",
    "country_id": 1,
    "accredited_it_employer": true,
    "trusted": true
  },
  "snippet": {
    "requirement": "Опыт командной продуктовой разработки от 5-ти лет на языках <highlighttext>С#</highlighttext>, JavaScript с использованием NET.CORE, NET Framework 4.6 и...",
    "responsibility": "Поддержка и сопровождение веб приложений, веб-сервисов, интеграций с учетными системами и контрагентами. Настройки и развертывания сайтов под IIS, NGINX. "
  },
  "contacts": null,
  "schedule": {
    "id": "remote",
    "name": "Удаленная работа"
  },
  "working_days": [],
  "working_time_intervals": [],
  "working_time_modes": [],
  "accept_temporary": false,
  "fly_in_fly_out_duration": [],
  "work_format": [
    {
      "id": "REMOTE",
      "name": "Удалённо"
    }
  ],
  "working_hours": [
    {
      "id": "HOURS_8",
      "name": "8 часов"
    }
  ],
  "work_schedule_by_days": [
    {
      "id": "FIVE_ON_TWO_OFF",
      "name": "5/2"
    }
  ],
  "night_shifts": false,
  "professional_roles": [
    {
      "id": "96",
      "name": "Программист, разработчик"
    }
  ],
  "accept_incomplete_resumes": false,
  "experience": {
    "id": "between3And6",
    "name": "От 3 до 6 лет"
  },
  "employment": {
    "id": "full",
    "name": "Полная занятость"
  },
  "employment_form": {
    "id": "FULL",
    "name": "Полная"
  },
  "internship": false,
  "adv_response_url": null,
  "is_adv_vacancy": false,
  "adv_context": null
}