{
  "id": "128280698",
  "premium": false,
  "name": "Unity Developer на PC-игры",
  "department": null,
  "has_test": false,
  "response_letter_required": false,
  "area": {
    "id": "1",
    "name": "Москва",
    "url": "https://api.hh.ru/areas/1"
  },
  "salary": null,
  "salary_range": null,
  "type": {
    "id": "open",
    "name": "Открытая"
  },
  "address": null,
  "response_url": null,
  "sort_point_distance": null,
  "published_at": "2025-12-01T20:56:38+06:00",
  "created_at": "2025-12-01T20:56:38+06:00",
  "archived": false,
  "apply_alternate_url": "https://hh.ru/applicant/vacancy_response?vacancyId=128280698",
  "show_contacts": false,
  "insider_interview": null,
  "url": "https://api.hh.ru/vacancies/128280698?host=hh.ru",
  "alternate_url": "https://hh.ru/vacancy/128280698",
  "relations": [],
  "employer": {
    "id": "5597171",
    "name": "Давыдов Егор",
    "url": "https://api.hh.ru/employers/5597171",
    "alternate_url": "https://hh.ru/employer/5597171",
    "logo_urls": null,
    "vacancies_url": "https://api.hh.ru/vacancies?employer_id=5597171",
    "country_id": 1,
    "accredited_it_employer": false,
    "trusted": true
  },
  "snippet": {
    "requirement": "Уверенное владение <highlighttext>C#</highlighttext>. Умение работать с UI, Unity Animator, Unity Physics. Портфолио проектов (коммерческих или своих).",
    "responsibility": "Полный цикл разработки игр на Unity. Реализация различных игровых механик. Внедрение UI, настройка анимации. Делать круто."
  },
  "contacts": null,
  "schedule": {
    "id": "remote",
    "name": "Удаленная работа"
  },
  "working_days": [],
  "working_time_intervals": [],
  "working_time_modes": [],
  "accept_temporary": true,
  "fly_in_fly_out_duration": [],
  "work_format": [
    {
      "id": "REMOTE",
      "name": "Удалённо"
    }
  ],
  "working_hours": [
    {
      "id": "HOURS_8",
      "name": "8 часов"
    }
  ],
  "work_schedule_by_days": [
    {
      "id": "FIVE_ON_TWO_OFF",
      "name": "5/2"
    }
  ],
  "night_shifts": false,
  "professional_roles": [
    {
      "id": "96",
      "name": "Программист, разработчик"
    }
  ],
  "accept_incomplete_resumes": false,
  "experience": {
    "id": "between1And3",
    "name": "От 1 года до 3 лет"
  },
  "employment": {
    "id": "full",
    "name": "Полная занятость"
  },
  "employment_form": {
    "id": "FULL",
    "name": "Полная"
  },
  "internship": false,
  "adv_response_url": null,
  "is_adv_vacancy": false,
  "adv_context": null
}