{
  "id": "128279021",
  "premium": false,
  "name": "Инженер по автоматизации тестирования (C#), Маркетплейс, Возвраты Global",
  "department": {
    "id": "ozonru-2180-dev",
    "name": "Ozon Tech"
  },
  "has_test": false,
  "response_letter_required": false,
  "area": {
    "id": "1",
    "name": "Москва",
    "url": "https://api.hh.ru/areas/1"
  },
  "salary": null,
  "salary_range": null,
  "type": {
    "id": "open",
    "name": "Открытая"
  },
  "address": {
    "city": "Москва",
    "street": "Центральный административный округ, Пресненский район, Московский международный деловой центр Москва-Сити, многофункциональный комплекс Башня на Набережной",
    "building": null,
    "lat": 55.74712,
    "lng": 37.53729,
    "description": null,
    "raw": "Москва, Центральный административный округ, Пресненский район, Московский международный деловой центр Москва-Сити, многофункциональный комплекс Башня на Набережной",
    "metro": {
      "station_name": "Деловой центр",
      "line_name": "МЦК",
      "station_id": "95.537",
      "line_id": "95",
      "lat": 55.747222,
      "lng": 37.532222
    },
    "metro_stations": [
      {
        "station_name": "Деловой центр",
        "line_name": "МЦК",
        "station_id": "95.537",
        "line_id": "95",
        "lat": 55.747222,
        "lng": 37.532222
      },
      {
        "station_name": "Деловой центр",
        "line_name": "Большая кольцевая линия",
        "station_id": "97.603",
        "line_id": "97",
        "lat": 55.7491,
        "lng": 37.5395
      },
      {
        "station_name": "Деловой центр",
        "line_name": "Солнцевская",
        "station_id": "133.468",
        "line_id": "133",
        "lat": 55.7491,
        "lng": 37.5395
      },
      {
        "station_name": "Москва-Сити",
        "line_name": "Филевская",
        "station_id": "4.179",
        "line_id": "4",
        "lat": 55.748056,
        "lng": 37.532778
      }
    ],
    "id": "19190259"
  },
  "response_url": null,
  "sort_point_distance": null,
  "published_at": "2025-12-01T20:28:49+06:00",
  "created_at": "2025-12-01T20:28:49+06:00",
  "archived": false,
  "apply_alternate_url": "https://hh.ru/applicant/vacancy_response?vacancyId=128279021",
  "branding": {
    "type": "MAKEUP",
    "tariff": null
  },
  "show_logo_in_search": true,
  "show_contacts": true,
  "insider_interview": null,
  "url": "https://api.hh.ru/vacancies/128279021?host=hh.ru",
  "alternate_url": "https://hh.ru/vacancy/128279021",
  "relations": [],
  "employer": {
    "id": "2180",
    "name": "Ozon",
    "url": "https://api.hh.ru/employers/2180",
    "alternate_url": "https://hh.ru/employer/2180",
    "logo_urls": {
      "original": "https://img.hhcdn.ru/employer-logo-original-round/5899116.png",
      "90": "https://img.hhcdn.ru/employer-logo-round/5899117.png",
      "240": "https://img.hhcdn.ru/employer-logo-round/5899118.png"
    },
    "vacancies_url": "https://api.hh.ru/vacancies?employer_id=2180",
    "country_id": 1,
    "accredited_it_employer": true,
    "trusted": true
  },
  "snippet": {
    "requirement": "Опыт работы с Kafka. Опыт программирования на <highlighttext>C#</highlighttext>. Знание видов тестирования и техник тест-дизайна. Понимание принципов построения современных архитектур...",
    "responsibility": "Разрабатывать и поддерживать автоматизированные тесты (API, UI). Создавать тест-планы, сценарии и чек-листы, опираясь на бизнес-процессы. "
  },
  "contacts": null,
  "schedule": {
    "id": "remote",
    "name": "Удаленная работа"
  },
  "working_days": [],
  "working_time_intervals": [],
  "working_time_modes": [],
  "accept_temporary": false,
  "fly_in_fly_out_duration": [],
  "work_format": [
    {
      "id": "ON_SITE",
      "name": "На месте работодателя"
    },
    {
      "id": "REMOTE",
      "name": "Удалённо"
    },
    {
      "id": "HYBRID",
      "name": "Гибрид"
    }
  ],
  "working_hours": [
    {
      "id": "HOURS_8",
      "name": "8 часов"
    }
  ],
  "work_schedule_by_days": [
    {
      "id": "FIVE_ON_TWO_OFF",
      "name": "5/2"
    }
  ],
  "night_shifts": false,
  "professional_roles": [
    {
      "id": "124",
      "name": "Тестировщик"
    }
  ],
  "accept_incomplete_resumes": false,
  "experience": {
    "id": "between3And6",
    "name": "От 3 до 6 лет"
  },
  "employment": {
    "id": "full",
    "name": "Полная занятость"
  },
  "employment_form": {
    "id": "FULL",
    "name": "Полная"
  },
  "internship": false,
  "adv_response_url": null,
  "is_adv_vacancy": false,
  "adv_context": null
}