{
  "id": "128244749",
  "premium": false,
  "name": "Ведущий разработчик BPMSoft",
  "department": null,
  "has_test": false,
  "response_letter_required": false,
  "area": {
    "id": "2",
    "name": "Санкт-Петербург",
    "url": "https://api.hh.ru/areas/2"
  },
  "salary": null,
  "salary_range": null,
  "type": {
    "id": "open",
    "name": "Открытая"
  },
  "address": {
    "city": "Санкт-Петербург",
    "street": "улица Оптиков",
    "building": "4к3",
    "lat": 59.99499,
    "lng": 30.247866,
    "description": null,
    "raw": "Санкт-Петербург, улица Оптиков, 4к3",
    "metro": {
      "station_name": "Беговая",
      "line_name": "Невско-Василеостровская",
      "station_id": "16.604",
      "line_id": "16",
      "lat": 59.98723,
      "lng": 30.20247
    },
    "metro_stations": [
      {
        "station_name": "Беговая",
        "line_name": "Невско-Василеостровская",
        "station_id": "16.604",
        "line_id": "16",
        "lat": 59.98723,
        "lng": 30.20247
      },
      {
        "station_name": "Комендантский проспект",
        "line_name": "Фрунзенско-Приморская",
        "station_id": "18.245",
        "line_id": "18",
        "lat": 60.008591,
        "lng": 30.258663
      },
      {
        "station_name": "Крестовский остров",
        "line_name": "Фрунзенско-Приморская",
        "station_id": "18.247",
        "line_id": "18",
        "lat": 59.971821,
        "lng": 30.259436
      },
      {
        "station_name": "Старая Деревня",
        "line_name": "Фрунзенско-Приморская",
        "station_id": "18.246",
        "line_id": "18",
        "lat": 59.989433,
        "lng": 30.255163
      }
    ],
    "id": "19232146"
  },
  "response_url": null,
  "sort_point_distance": null,
  "published_at": "2025-12-01T13:02:02+06:00",
  "created_at": "2025-12-01T13:02:02+06:00",
  "archived": false,
  "apply_alternate_url": "https://hh.ru/applicant/vacancy_response?vacancyId=128244749",
  "branding": {
    "type": "MAKEUP",
    "tariff": null
  },
  "show_logo_in_search": true,
  "show_contacts": false,
  "insider_interview": null,
  "url": "https://api.hh.ru/vacancies/128244749?host=hh.ru",
  "alternate_url": "https://hh.ru/vacancy/128244749",
  "relations": [],
  "employer": {
    "id": "675",
    "name": "КОРУС Консалтинг",
    "url": "https://api.hh.ru/employers/675",
    "alternate_url": "https://hh.ru/employer/675",
    "logo_urls": {
      "original": "https://img.hhcdn.ru/employer-logo-original-round/3883094.jpeg",
      "90": "https://img.hhcdn.ru/employer-logo-round/3883095.jpeg",
      "240": "https://img.hhcdn.ru/employer-logo-round/3883096.jpeg"
    },
    "vacancies_url": "https://api.hh.ru/vacancies?employer_id=675",
    "country_id": 1,
    "accredited_it_employer": true,
    "trusted": true
  },
  "snippet": {
    "requirement": "Хорошее знание и опыт в <highlighttext>C#</highlighttext>, JavaScript, Ext.JS. Знание структур данных и паттернов проектирования. Опыт разработки архитектурных и интеграционных решений. ",
    "responsibility": "Проектирование и разработка комплексных алгоритмов, ключевых компонентов и интеграционных потоков. Анализ и минимизация технических рисков. Выполнение оптимизационных и рефакторинговых работ. "
  },
  "contacts": null,
  "schedule": {
    "id": "remote",
    "name": "Удаленная работа"
  },
  "working_days": [],
  "working_time_intervals": [],
  "working_time_modes": [],
  "accept_temporary": false,
  "fly_in_fly_out_duration": [],
  "work_format": [
    {
      "id": "ON_SITE",
      "name": "На месте работодателя"
    },
    {
      "id": "REMOTE",
      "name": "Удалённо"
    },
    {
      "id": "HYBRID",
      "name": "Гибрид"
    }
  ],
  "working_hours": [
    {
      "id": "HOURS_8",
      "name": "8 часов"
    }
  ],
  "work_schedule_by_days": [
    {
      "id": "FIVE_ON_TWO_OFF",
      "name": "5/2"
    }
  ],
  "night_shifts": false,
  "professional_roles": [
    {
      "id": "96",
      "name": "Программист, разработчик"
    }
  ],
  "accept_incomplete_resumes": false,
  "experience": {
    "id": "moreThan6",
    "name": "Более 6 лет"
  },
  "employment": {
    "id": "full",
    "name": "Полная занятость"
  },
  "employment_form": {
    "id": "FULL",
    "name": "Полная"
  },
  "internship": false,
  "adv_response_url": null,
  "is_adv_vacancy": false,
  "adv_context": null
}