{
  "id": "128277005",
  "premium": false,
  "name": "DevOps Engineer",
  "department": null,
  "has_test": false,
  "response_letter_required": false,
  "area": {
    "id": "1",
    "name": "Москва",
    "url": "https://api.hh.ru/areas/1"
  },
  "salary": {
    "from": 4000,
    "to": null,
    "currency": "EUR",
    "gross": true
  },
  "salary_range": {
    "from": 4000,
    "to": null,
    "currency": "EUR",
    "gross": true,
    "mode": {
      "id": "MONTH",
      "name": "За месяц"
    },
    "frequency": null
  },
  "type": {
    "id": "open",
    "name": "Открытая"
  },
  "address": null,
  "response_url": null,
  "sort_point_distance": null,
  "published_at": "2025-12-01T19:59:31+06:00",
  "created_at": "2025-12-01T19:59:31+06:00",
  "archived": false,
  "apply_alternate_url": "https://hh.ru/applicant/vacancy_response?vacancyId=128277005",
  "show_logo_in_search": null,
  "show_contacts": false,
  "insider_interview": null,
  "url": "https://api.hh.ru/vacancies/128277005?host=hh.ru",
  "alternate_url": "https://hh.ru/vacancy/128277005",
  "relations": [],
  "employer": {
    "id": "180028",
    "name": "Finstar Financial Group",
    "url": "https://api.hh.ru/employers/180028",
    "alternate_url": "https://hh.ru/employer/180028",
    "logo_urls": {
      "original": "https://img.hhcdn.ru/employer-logo-original-round/3183663.jpeg",
      "90": "https://img.hhcdn.ru/employer-logo-round/3183664.jpeg",
      "240": "https://img.hhcdn.ru/employer-logo-round/3183665.jpeg"
    },
    "vacancies_url": "https://api.hh.ru/vacancies?employer_id=180028",
    "country_id": 1,
    "accredited_it_employer": false,
    "trusted": true
  },
  "snippet": {
    "requirement": "Опыт работы DevOps от 2 лет. Навыки написания YAML-манифестов. Обязательный опыт работы с AWS. Опыт работы с EKS / GKE...",
    "responsibility": "Управление множеством AWS-аккаунтов и облачных сервисов. Развёртывание новых контуров для приложений и систем, деплой инфраструктурных объектов в AWS. "
  },
  "contacts": null,
  "schedule": {
    "id": "remote",
    "name": "Удаленная работа"
  },
  "working_days": [],
  "working_time_intervals": [],
  "working_time_modes": [],
  "accept_temporary": false,
  "fly_in_fly_out_duration": [],
  "work_format": [
    {
      "id": "REMOTE",
      "name": "Удалённо"
    }
  ],
  "working_hours": [
    {
      "id": "HOURS_8",
      "name": "8 часов"
    }
  ],
  "work_schedule_by_days": [
    {
      "id": "FIVE_ON_TWO_OFF",
      "name": "5/2"
    }
  ],
  "night_shifts": false,
  "professional_roles": [
    {
      "id": "160",
      "name": "DevOps-инженер"
    }
  ],
  "accept_incomplete_resumes": false,
  "experience": {
    "id": "between3And6",
    "name": "От 3 до 6 лет"
  },
  "employment": {
    "id": "full",
    "name": "Полная занятость"
  },
  "employment_form": {
    "id": "FULL",
    "name": "Полная"
  },
  "internship": false,
  "adv_response_url": null,
  "is_adv_vacancy": false,
  "adv_context": null
}