{
  "id": "128280721",
  "premium": false,
  "name": "Fullstack (Бизнес/Системный) аналитик продуктовой команды",
  "department": null,
  "has_test": false,
  "response_letter_required": false,
  "area": {
    "id": "88",
    "name": "Казань",
    "url": "https://api.hh.ru/areas/88"
  },
  "salary": null,
  "salary_range": null,
  "type": {
    "id": "open",
    "name": "Открытая"
  },
  "address": null,
  "response_url": null,
  "sort_point_distance": null,
  "published_at": "2025-12-01T20:57:16+06:00",
  "created_at": "2025-12-01T20:57:16+06:00",
  "archived": false,
  "apply_alternate_url": "https://hh.ru/applicant/vacancy_response?vacancyId=128280721",
  "show_logo_in_search": null,
  "show_contacts": false,
  "insider_interview": null,
  "url": "https://api.hh.ru/vacancies/128280721?host=hh.ru",
  "alternate_url": "https://hh.ru/vacancy/128280721",
  "relations": [],
  "employer": {
    "id": "1741901",
    "name": "Ак Барс Цифровые Технологии",
    "url": "https://api.hh.ru/employers/1741901",
    "alternate_url": "https://hh.ru/employer/1741901",
    "logo_urls": {
      "original": "https://img.hhcdn.ru/employer-logo-original-round/7034965.jpeg",
      "90": "https://img.hhcdn.ru/employer-logo-round/7034966.jpeg",
      "240": "https://img.hhcdn.ru/employer-logo-round/7034967.jpeg"
    },
    "vacancies_url": "https://api.hh.ru/vacancies?employer_id=1741901",
    "country_id": 1,
    "accredited_it_employer": false,
    "trusted": true
  },
  "snippet": {
    "requirement": "Знание типов требований и их иерархии, жизненного цикла требований, процесса управления требованиями. Понимание атрибутов качества требований, методик и техник выявления...",
    "responsibility": "Сбор, анализ, формализация, документирование и согласование требований к продуктам или к требуемым доработкам и технологическим изменениям. Формулирование пользовательских историй. "
  },
  "contacts": null,
  "schedule": {
    "id": "fullDay",
    "name": "Полный день"
  },
  "working_days": [],
  "working_time_intervals": [],
  "working_time_modes": [],
  "accept_temporary": false,
  "fly_in_fly_out_duration": [],
  "work_format": [
    {
      "id": "HYBRID",
      "name": "Гибрид"
    }
  ],
  "working_hours": [
    {
      "id": "HOURS_8",
      "name": "8 часов"
    }
  ],
  "work_schedule_by_days": [
    {
      "id": "FIVE_ON_TWO_OFF",
      "name": "5/2"
    }
  ],
  "night_shifts": false,
  "professional_roles": [
    {
      "id": "148",
      "name": "Системный аналитик"
    }
  ],
  "accept_incomplete_resumes": false,
  "experience": {
    "id": "between3And6",
    "name": "От 3 до 6 лет"
  },
  "employment": {
    "id": "full",
    "name": "Полная занятость"
  },
  "employment_form": {
    "id": "FULL",
    "name": "Полная"
  },
  "internship": false,
  "adv_response_url": null,
  "is_adv_vacancy": false,
  "adv_context": null
}