{
  "id": "128276767",
  "premium": false,
  "name": "С# Разработчик (интеграции с Lekton)",
  "department": null,
  "has_test": false,
  "response_letter_required": false,
  "area": {
    "id": "1",
    "name": "Москва",
    "url": "https://api.hh.ru/areas/1"
  },
  "salary": null,
  "salary_range": null,
  "type": {
    "id": "open",
    "name": "Открытая"
  },
  "address": null,
  "response_url": null,
  "sort_point_distance": null,
  "published_at": "2025-12-01T19:56:00+06:00",
  "created_at": "2025-12-01T19:56:00+06:00",
  "archived": false,
  "apply_alternate_url": "https://hh.ru/applicant/vacancy_response?vacancyId=128276767",
  "branding": {
    "type": "MAKEUP",
    "tariff": null
  },
  "brand_snippet": {
    "logo": null,
    "logo_xs": null,
    "logo_scalable": {
      "default": {
        "width": 157,
        "height": 49,
        "url": "https://img.hhcdn.ru/brand-snippet-pictures/02885.png"
      },
      "xs": {
        "width": 158,
        "height": 52,
        "url": "https://img.hhcdn.ru/brand-snippet-pictures/02795.png"
      }
    },
    "picture": null,
    "picture_xs": null,
    "picture_scalable": {
      "default": {
        "width": 218,
        "height": 379,
        "url": "https://img.hhcdn.ru/brand-snippet-pictures/01043.png"
      },
      "xs": {
        "width": 178,
        "height": 180,
        "url": "https://img.hhcdn.ru/brand-snippet-pictures/01063.png"
      }
    },
    "background": {
      "color": null,
      "gradient": {
        "angle": 352.0,
        "color_list": [
          {
            "color": "#153C6A",
            "position": 0.0
          },
          {
            "color": "#0B4A86",
            "position": 14.0
          },
          {
            "color": "#3071B7",
            "position": 24.0
          },
          {
            "color": "#B6C8E8",
            "position": 52.0
          },
          {
            "color": "#FAFBFF",
            "position": 99.0
          }
        ]
      }
    }
  },
  "show_logo_in_search": true,
  "show_contacts": false,
  "insider_interview": null,
  "url": "https://api.hh.ru/vacancies/128276767?host=hh.ru",
  "alternate_url": "https://hh.ru/vacancy/128276767",
  "relations": [],
  "employer": {
    "id": "5648224",
    "name": "SSP SOFT",
    "url": "https://api.hh.ru/employers/5648224",
    "alternate_url": "https://hh.ru/employer/5648224",
    "logo_urls": {
      "original": "https://img.hhcdn.ru/employer-logo-original/1465214.png",
      "90": "https://img.hhcdn.ru/employer-logo/7480462.png",
      "240": "https://img.hhcdn.ru/employer-logo/7480463.png"
    },
    "vacancies_url": "https://api.hh.ru/vacancies?employer_id=5648224",
    "country_id": 1,
    "accredited_it_employer": true,
    "trusted": true
  },
  "snippet": {
    "requirement": "Работа в роли backend-разработчика на <highlighttext>.NET</highlighttext> Core более 5 лет. Знание и опыт работы <highlighttext>C#</highlighttext> версии 10+. ",
    "responsibility": "Разработка бекенд-модулей на <highlighttext>.NET</highlighttext> 6+, создание и поддержка API на ASP.NET MVC или WebAP. Интеграция с внешними системами..."
  },
  "contacts": null,
  "schedule": {
    "id": "remote",
    "name": "Удаленная работа"
  },
  "working_days": [],
  "working_time_intervals": [],
  "working_time_modes": [],
  "accept_temporary": true,
  "fly_in_fly_out_duration": [],
  "work_format": [
    {
      "id": "REMOTE",
      "name": "Удалённо"
    }
  ],
  "working_hours": [
    {
      "id": "HOURS_8",
      "name": "8 часов"
    }
  ],
  "work_schedule_by_days": [
    {
      "id": "FIVE_ON_TWO_OFF",
      "name": "5/2"
    }
  ],
  "night_shifts": false,
  "professional_roles": [
    {
      "id": "96",
      "name": "Программист, разработчик"
    }
  ],
  "accept_incomplete_resumes": false,
  "experience": {
    "id": "moreThan6",
    "name": "Более 6 лет"
  },
  "employment": {
    "id": "full",
    "name": "Полная занятость"
  },
  "employment_form": {
    "id": "FULL",
    "name": "Полная"
  },
  "internship": false,
  "adv_response_url": null,
  "is_adv_vacancy": false,
  "adv_context": null
}