{
  "id": "128261038",
  "premium": false,
  "name": "Intern .NET Developer",
  "department": null,
  "has_test": false,
  "response_letter_required": false,
  "area": {
    "id": "159",
    "name": "Астана",
    "url": "https://api.hh.ru/areas/159"
  },
  "salary": null,
  "salary_range": null,
  "type": {
    "id": "open",
    "name": "Открытая"
  },
  "address": null,
  "response_url": null,
  "sort_point_distance": null,
  "published_at": "2025-12-01T16:24:56+06:00",
  "created_at": "2025-12-01T16:24:56+06:00",
  "archived": false,
  "apply_alternate_url": "https://hh.ru/applicant/vacancy_response?vacancyId=128261038",
  "branding": {
    "type": "MAKEUP",
    "tariff": null
  },
  "show_logo_in_search": true,
  "show_contacts": false,
  "insider_interview": null,
  "url": "https://api.hh.ru/vacancies/128261038?host=hh.ru",
  "alternate_url": "https://hh.ru/vacancy/128261038",
  "relations": [],
  "employer": {
    "id": "204511",
    "name": "Itransition",
    "url": "https://api.hh.ru/employers/204511",
    "alternate_url": "https://hh.ru/employer/204511",
    "logo_urls": {
      "original": "https://img.hhcdn.ru/employer-logo-original/1387105.png",
      "90": "https://img.hhcdn.ru/employer-logo/7168207.png",
      "240": "https://img.hhcdn.ru/employer-logo/7168208.png"
    },
    "vacancies_url": "https://api.hh.ru/vacancies?employer_id=204511",
    "country_id": 4,
    "accredited_it_employer": false,
    "trusted": true
  },
  "snippet": {
    "requirement": "Знание основ программирования (<highlighttext>.NET</highlighttext>). Понимание принципов разработки Web-проектов. Понимание основ работы систем контроля версий (Git, Subversion). Свободное владение русским...",
    "responsibility": "Посещение лекций и практических занятий. Выполнение задач по проектированию и разработке ПО. Самостоятельная работа с учебной литературой и видеоматериалами. "
  },
  "contacts": null,
  "schedule": {
    "id": "fullDay",
    "name": "Полный день"
  },
  "working_days": [],
  "working_time_intervals": [],
  "working_time_modes": [],
  "accept_temporary": false,
  "fly_in_fly_out_duration": [],
  "work_format": [],
  "working_hours": [
    {
      "id": "HOURS_8",
      "name": "8 часов"
    }
  ],
  "work_schedule_by_days": [
    {
      "id": "FIVE_ON_TWO_OFF",
      "name": "5/2"
    }
  ],
  "night_shifts": false,
  "professional_roles": [
    {
      "id": "96",
      "name": "Программист, разработчик"
    }
  ],
  "accept_incomplete_resumes": false,
  "experience": {
    "id": "noExperience",
    "name": "Нет опыта"
  },
  "employment": {
    "id": "full",
    "name": "Полная занятость"
  },
  "employment_form": {
    "id": "FULL",
    "name": "Полная"
  },
  "internship": true,
  "adv_response_url": null,
  "is_adv_vacancy": false,
  "adv_context": null
}