{
  "id": "128274519",
  "premium": false,
  "name": "Инженер по наладке и испытаниям (ВНИИР)",
  "department": null,
  "has_test": false,
  "response_letter_required": false,
  "area": {
    "id": "107",
    "name": "Чебоксары",
    "url": "https://api.hh.ru/areas/107"
  },
  "salary": null,
  "salary_range": null,
  "type": {
    "id": "open",
    "name": "Открытая"
  },
  "address": {
    "city": "Чебоксары",
    "street": "проспект Ивана Яковлева",
    "building": "4",
    "lat": 56.103206,
    "lng": 47.26432,
    "description": null,
    "raw": "Чебоксары, проспект Ивана Яковлева, 4",
    "metro": null,
    "metro_stations": [],
    "id": "1044932"
  },
  "response_url": null,
  "sort_point_distance": null,
  "published_at": "2025-12-01T19:21:44+06:00",
  "created_at": "2025-12-01T19:21:44+06:00",
  "archived": false,
  "apply_alternate_url": "https://hh.ru/applicant/vacancy_response?vacancyId=128274519",
  "show_logo_in_search": null,
  "show_contacts": true,
  "insider_interview": null,
  "url": "https://api.hh.ru/vacancies/128274519?host=hh.ru",
  "alternate_url": "https://hh.ru/vacancy/128274519",
  "relations": [],
  "employer": {
    "id": "52578",
    "name": "АБС Электро",
    "url": "https://api.hh.ru/employers/52578",
    "alternate_url": "https://hh.ru/employer/52578",
    "logo_urls": {
      "original": "https://img.hhcdn.ru/employer-logo-original-round/6091944.png",
      "90": "https://img.hhcdn.ru/employer-logo-round/6091945.png",
      "240": "https://img.hhcdn.ru/employer-logo-round/6091946.png"
    },
    "vacancies_url": "https://api.hh.ru/vacancies?employer_id=52578",
    "country_id": 1,
    "accredited_it_employer": false,
    "trusted": true
  },
  "snippet": {
    "requirement": "...наладки электроприводов приветствуется). Знания в области схемотехники и электропривода. Наладка, ремонт, обслуживание электроустановок, электронной аппаратуры, КИПиА. Навыки программирования в <highlighttext>С#</highlighttext>.",
    "responsibility": "Проведение пуско-наладочных и сервисных работ на объектах Заказчика. Наладка, тестирование и ремонт электрооборудования, выпускаемого АО \"ВНИИР\"."
  },
  "contacts": null,
  "schedule": {
    "id": "fullDay",
    "name": "Полный день"
  },
  "working_days": [],
  "working_time_intervals": [],
  "working_time_modes": [],
  "accept_temporary": false,
  "fly_in_fly_out_duration": [],
  "work_format": [
    {
      "id": "ON_SITE",
      "name": "На месте работодателя"
    }
  ],
  "working_hours": [
    {
      "id": "HOURS_8",
      "name": "8 часов"
    }
  ],
  "work_schedule_by_days": [
    {
      "id": "FIVE_ON_TWO_OFF",
      "name": "5/2"
    }
  ],
  "night_shifts": false,
  "professional_roles": [
    {
      "id": "40",
      "name": "Другое"
    }
  ],
  "accept_incomplete_resumes": true,
  "experience": {
    "id": "between3And6",
    "name": "От 3 до 6 лет"
  },
  "employment": {
    "id": "full",
    "name": "Полная занятость"
  },
  "employment_form": {
    "id": "FULL",
    "name": "Полная"
  },
  "internship": false,
  "adv_response_url": null,
  "is_adv_vacancy": false,
  "adv_context": null
}