{
  "id": "128204872",
  "premium": false,
  "name": "C#/.NET-разработчик",
  "department": null,
  "has_test": false,
  "response_letter_required": false,
  "area": {
    "id": "1",
    "name": "Москва",
    "url": "https://api.hh.ru/areas/1"
  },
  "salary": null,
  "salary_range": null,
  "type": {
    "id": "open",
    "name": "Открытая"
  },
  "address": {
    "city": "Москва",
    "street": "Нижний Сусальный переулок",
    "building": "5с17",
    "lat": 55.75938,
    "lng": 37.664671,
    "description": null,
    "raw": "Москва, Нижний Сусальный переулок, 5с17",
    "metro": {
      "station_name": "Курская",
      "line_name": "Арбатско-Покровская",
      "station_id": "3.70",
      "line_id": "3",
      "lat": 55.758564,
      "lng": 37.659039
    },
    "metro_stations": [
      {
        "station_name": "Курская",
        "line_name": "Арбатско-Покровская",
        "station_id": "3.70",
        "line_id": "3",
        "lat": 55.758564,
        "lng": 37.659039
      },
      {
        "station_name": "Курская",
        "line_name": "Кольцевая",
        "station_id": "5.71",
        "line_id": "5",
        "lat": 55.758631,
        "lng": 37.661059
      },
      {
        "station_name": "Курская",
        "line_name": "МЦД-2",
        "station_id": "132.726",
        "line_id": "132",
        "lat": 55.757622,
        "lng": 37.660767
      },
      {
        "station_name": "Чкаловская",
        "line_name": "Люблинско-Дмитровская",
        "station_id": "10.72",
        "line_id": "10",
        "lat": 55.755951,
        "lng": 37.659293
      }
    ],
    "id": "19825846"
  },
  "response_url": null,
  "sort_point_distance": null,
  "published_at": "2025-11-28T22:54:19+06:00",
  "created_at": "2025-11-28T22:54:19+06:00",
  "archived": false,
  "apply_alternate_url": "https://hh.ru/applicant/vacancy_response?vacancyId=128204872",
  "show_logo_in_search": null,
  "show_contacts": false,
  "insider_interview": null,
  "url": "https://api.hh.ru/vacancies/128204872?host=hh.ru",
  "alternate_url": "https://hh.ru/vacancy/128204872",
  "relations": [],
  "employer": {
    "id": "2427329",
    "name": "ГКУ Инфогород",
    "url": "https://api.hh.ru/employers/2427329",
    "alternate_url": "https://hh.ru/employer/2427329",
    "logo_urls": {
      "original": "https://img.hhcdn.ru/employer-logo-original-round/3529024.png",
      "90": "https://img.hhcdn.ru/employer-logo-round/3529025.png",
      "240": "https://img.hhcdn.ru/employer-logo-round/3529026.png"
    },
    "vacancies_url": "https://api.hh.ru/vacancies?employer_id=2427329",
    "country_id": 1,
    "accredited_it_employer": true,
    "trusted": true
  },
  "snippet": {
    "requirement": "Какие знания и навыки нам важны: - опыт коммерческой разработки на <highlighttext>.NET</highlighttext> от 4 лет. - глубокие знания C, <highlighttext>.NET</highlighttext> Core/<highlighttext>.NET</highlighttext>...",
    "responsibility": "Что нужно делать: - разрабатывать и поддерживать высоконагруженные backend-сервисы на <highlighttext>.NET</highlighttext>. - участвовать в архитектурном проектировании, принимать технические решения в рамках..."
  },
  "contacts": null,
  "schedule": {
    "id": "fullDay",
    "name": "Полный день"
  },
  "working_days": [],
  "working_time_intervals": [],
  "working_time_modes": [],
  "accept_temporary": false,
  "fly_in_fly_out_duration": [],
  "work_format": [],
  "working_hours": [
    {
      "id": "HOURS_9",
      "name": "9 часов"
    }
  ],
  "work_schedule_by_days": [
    {
      "id": "FIVE_ON_TWO_OFF",
      "name": "5/2"
    }
  ],
  "night_shifts": false,
  "professional_roles": [
    {
      "id": "96",
      "name": "Программист, разработчик"
    }
  ],
  "accept_incomplete_resumes": false,
  "experience": {
    "id": "between3And6",
    "name": "От 3 до 6 лет"
  },
  "employment": {
    "id": "full",
    "name": "Полная занятость"
  },
  "employment_form": {
    "id": "FULL",
    "name": "Полная"
  },
  "internship": false,
  "adv_response_url": null,
  "is_adv_vacancy": false,
  "adv_context": null
}