{
  "id": "128278940",
  "premium": false,
  "name": "Senior C#/.NET-разработчик",
  "department": null,
  "has_test": false,
  "response_letter_required": true,
  "area": {
    "id": "1",
    "name": "Москва",
    "url": "https://api.hh.ru/areas/1"
  },
  "salary": null,
  "salary_range": null,
  "type": {
    "id": "open",
    "name": "Открытая"
  },
  "address": null,
  "response_url": null,
  "sort_point_distance": null,
  "published_at": "2025-12-01T20:27:52+06:00",
  "created_at": "2025-12-01T20:27:52+06:00",
  "archived": false,
  "apply_alternate_url": "https://hh.ru/applicant/vacancy_response?vacancyId=128278940",
  "show_logo_in_search": null,
  "show_contacts": false,
  "insider_interview": null,
  "url": "https://api.hh.ru/vacancies/128278940?host=hh.ru",
  "alternate_url": "https://hh.ru/vacancy/128278940",
  "relations": [],
  "employer": {
    "id": "9066533",
    "name": "Медиа Ком",
    "url": "https://api.hh.ru/employers/9066533",
    "alternate_url": "https://hh.ru/employer/9066533",
    "logo_urls": {
      "original": "https://img.hhcdn.ru/employer-logo-original-round/6200420.jpeg",
      "90": "https://img.hhcdn.ru/employer-logo-round/6200421.jpeg",
      "240": "https://img.hhcdn.ru/employer-logo-round/6200422.jpeg"
    },
    "vacancies_url": "https://api.hh.ru/vacancies?employer_id=9066533",
    "country_id": 1,
    "accredited_it_employer": false,
    "trusted": true
  },
  "snippet": {
    "requirement": "Опыт коммерческой разработки на <highlighttext>С#</highlighttext> от 5 лет. Уверенное знание <highlighttext>C#</highlighttext>, <highlighttext>.Net</highlighttext> (async/await, Linq, AutoMapper, FluentValidation, EF). ",
    "responsibility": "Разработку сервисов ведем на <highlighttext>.net</highlighttext> 6+. На фронте используем React, TS, Redux-ToolKit. Данные храним в PostgreSQL/Jatoba (EF..."
  },
  "contacts": null,
  "schedule": {
    "id": "remote",
    "name": "Удаленная работа"
  },
  "working_days": [],
  "working_time_intervals": [],
  "working_time_modes": [],
  "accept_temporary": false,
  "fly_in_fly_out_duration": [],
  "work_format": [
    {
      "id": "REMOTE",
      "name": "Удалённо"
    }
  ],
  "working_hours": [
    {
      "id": "HOURS_8",
      "name": "8 часов"
    }
  ],
  "work_schedule_by_days": [
    {
      "id": "FIVE_ON_TWO_OFF",
      "name": "5/2"
    }
  ],
  "night_shifts": false,
  "professional_roles": [
    {
      "id": "96",
      "name": "Программист, разработчик"
    }
  ],
  "accept_incomplete_resumes": false,
  "experience": {
    "id": "moreThan6",
    "name": "Более 6 лет"
  },
  "employment": {
    "id": "full",
    "name": "Полная занятость"
  },
  "employment_form": {
    "id": "FULL",
    "name": "Полная"
  },
  "internship": false,
  "adv_response_url": null,
  "is_adv_vacancy": false,
  "adv_context": null
}