{
  "id": "128252983",
  "premium": false,
  "name": "C#/.NET-разработчик",
  "department": null,
  "has_test": false,
  "response_letter_required": false,
  "area": {
    "id": "2",
    "name": "Санкт-Петербург",
    "url": "https://api.hh.ru/areas/2"
  },
  "salary": {
    "from": 150000,
    "to": 150000,
    "currency": "RUR",
    "gross": false
  },
  "salary_range": {
    "from": 150000,
    "to": 150000,
    "currency": "RUR",
    "gross": false,
    "mode": {
      "id": "MONTH",
      "name": "За месяц"
    },
    "frequency": null
  },
  "type": {
    "id": "open",
    "name": "Открытая"
  },
  "address": null,
  "response_url": null,
  "sort_point_distance": null,
  "published_at": "2025-12-22T14:40:51+06:00",
  "created_at": "2025-12-22T14:40:51+06:00",
  "archived": false,
  "apply_alternate_url": "https://hh.ru/applicant/vacancy_response?vacancyId=128252983",
  "show_logo_in_search": null,
  "show_contacts": false,
  "insider_interview": null,
  "url": "https://api.hh.ru/vacancies/128252983?host=hh.ru",
  "alternate_url": "https://hh.ru/vacancy/128252983",
  "relations": [],
  "employer": {
    "id": "1340780",
    "name": "ДОСТАЕВСКИЙ",
    "url": "https://api.hh.ru/employers/1340780",
    "alternate_url": "https://hh.ru/employer/1340780",
    "logo_urls": {
      "original": "https://img.hhcdn.ru/employer-logo-original-round/3708314.jpeg",
      "90": "https://img.hhcdn.ru/employer-logo-round/3708315.jpeg",
      "240": "https://img.hhcdn.ru/employer-logo-round/3708316.jpeg"
    },
    "vacancies_url": "https://api.hh.ru/vacancies?employer_id=1340780",
    "country_id": 1,
    "accredited_it_employer": false,
    "trusted": true
  },
  "snippet": {
    "requirement": "Опыт работы с контейнеризацией приложений (Docker). Опыт работы с <highlighttext>.NET</highlighttext> Framework 4.5 (WPF, winforms). Понимание принципов Event Sourcing, CQS...",
    "responsibility": "Разработка нового функционала и поддержание старого. Участие в код-ревью коллег. Участие в командных мероприятиях (daily meeting, retrospective, sprint planning..."
  },
  "contacts": null,
  "schedule": {
    "id": "remote",
    "name": "Удаленная работа"
  },
  "working_days": [],
  "working_time_intervals": [],
  "working_time_modes": [],
  "accept_temporary": false,
  "fly_in_fly_out_duration": [],
  "work_format": [
    {
      "id": "REMOTE",
      "name": "Удалённо"
    }
  ],
  "working_hours": [
    {
      "id": "HOURS_8",
      "name": "8 часов"
    }
  ],
  "work_schedule_by_days": [
    {
      "id": "FIVE_ON_TWO_OFF",
      "name": "5/2"
    }
  ],
  "night_shifts": false,
  "professional_roles": [
    {
      "id": "96",
      "name": "Программист, разработчик"
    }
  ],
  "accept_incomplete_resumes": false,
  "experience": {
    "id": "between1And3",
    "name": "От 1 года до 3 лет"
  },
  "employment": {
    "id": "full",
    "name": "Полная занятость"
  },
  "employment_form": {
    "id": "FULL",
    "name": "Полная"
  },
  "internship": false,
  "adv_response_url": null,
  "is_adv_vacancy": false,
  "adv_context": null
}