{
  "id": "128290104",
  "premium": false,
  "name": "Senior Full Stack Developer",
  "department": null,
  "has_test": false,
  "response_letter_required": false,
  "area": {
    "id": "146",
    "name": "Сербия",
    "url": "https://api.hh.ru/areas/146"
  },
  "salary": null,
  "salary_range": null,
  "type": {
    "id": "open",
    "name": "Открытая"
  },
  "address": null,
  "response_url": null,
  "sort_point_distance": null,
  "published_at": "2025-12-02T03:21:25+06:00",
  "created_at": "2025-12-02T03:21:25+06:00",
  "archived": false,
  "apply_alternate_url": "https://hh.ru/applicant/vacancy_response?vacancyId=128290104",
  "show_logo_in_search": null,
  "show_contacts": false,
  "insider_interview": null,
  "url": "https://api.hh.ru/vacancies/128290104?host=hh.ru",
  "alternate_url": "https://hh.ru/vacancy/128290104",
  "relations": [],
  "employer": {
    "id": "994937",
    "name": "Virtoway",
    "url": "https://api.hh.ru/employers/994937",
    "alternate_url": "https://hh.ru/employer/994937",
    "logo_urls": {
      "original": "https://img.hhcdn.ru/employer-logo-original-round/3953397.png",
      "90": "https://img.hhcdn.ru/employer-logo-round/3953399.png",
      "240": "https://img.hhcdn.ru/employer-logo-round/3953400.png"
    },
    "vacancies_url": "https://api.hh.ru/vacancies?employer_id=994937",
    "country_id": 1,
    "accredited_it_employer": true,
    "trusted": true
  },
  "snippet": {
    "requirement": "Уверенное знание <highlighttext>C#</highlighttext>, <highlighttext>.NET</highlighttext> 8, ASP.NET Core 8.0. Опыт работы с Entity Framework. Опыт разработки веб-приложений на ASP.NET...",
    "responsibility": "Разработка, тестирование и внедрение новых функциональностей в продуктах компании. Поддержка и оптимизация существующего функционала. Исправление багов, рефакторинг, улучшение качества кода. "
  },
  "contacts": null,
  "schedule": {
    "id": "remote",
    "name": "Удаленная работа"
  },
  "working_days": [],
  "working_time_intervals": [],
  "working_time_modes": [],
  "accept_temporary": false,
  "fly_in_fly_out_duration": [],
  "work_format": [
    {
      "id": "REMOTE",
      "name": "Удалённо"
    }
  ],
  "working_hours": [
    {
      "id": "HOURS_8",
      "name": "8 часов"
    }
  ],
  "work_schedule_by_days": [
    {
      "id": "FIVE_ON_TWO_OFF",
      "name": "5/2"
    }
  ],
  "night_shifts": false,
  "professional_roles": [
    {
      "id": "96",
      "name": "Программист, разработчик"
    }
  ],
  "accept_incomplete_resumes": true,
  "experience": {
    "id": "moreThan6",
    "name": "Более 6 лет"
  },
  "employment": {
    "id": "full",
    "name": "Полная занятость"
  },
  "employment_form": {
    "id": "FULL",
    "name": "Полная"
  },
  "internship": false,
  "adv_response_url": null,
  "is_adv_vacancy": false,
  "adv_context": null
}