{
  "id": "128233827",
  "premium": false,
  "name": "Программист C# .NET",
  "department": null,
  "has_test": false,
  "response_letter_required": false,
  "area": {
    "id": "2759",
    "name": "Ташкент",
    "url": "https://api.hh.ru/areas/2759"
  },
  "salary": {
    "from": 3500000,
    "to": 6000000,
    "currency": "UZS",
    "gross": true
  },
  "salary_range": {
    "from": 3500000,
    "to": 6000000,
    "currency": "UZS",
    "gross": true,
    "mode": {
      "id": "MONTH",
      "name": "За месяц"
    },
    "frequency": {
      "id": "TWICE_PER_MONTH",
      "name": "Два раза в месяц"
    }
  },
  "type": {
    "id": "open",
    "name": "Открытая"
  },
  "address": {
    "city": "Ташкент",
    "street": "улица Кичик Бешагач",
    "building": "86",
    "lat": 41.283009,
    "lng": 69.266522,
    "description": null,
    "raw": "Ташкент, улица Кичик Бешагач, 86",
    "metro": null,
    "metro_stations": [],
    "id": "18606738"
  },
  "response_url": null,
  "sort_point_distance": null,
  "published_at": "2025-12-22T10:06:16+06:00",
  "created_at": "2025-12-22T10:06:16+06:00",
  "archived": false,
  "apply_alternate_url": "https://hh.ru/applicant/vacancy_response?vacancyId=128233827",
  "show_contacts": true,
  "insider_interview": null,
  "url": "https://api.hh.ru/vacancies/128233827?host=hh.ru",
  "alternate_url": "https://hh.ru/vacancy/128233827",
  "relations": [],
  "employer": {
    "id": "3202735",
    "name": "СП UCD Micros",
    "url": "https://api.hh.ru/employers/3202735",
    "alternate_url": "https://hh.ru/employer/3202735",
    "logo_urls": null,
    "vacancies_url": "https://api.hh.ru/vacancies?employer_id=3202735",
    "country_id": 6,
    "accredited_it_employer": false,
    "trusted": true
  },
  "snippet": {
    "requirement": "Мы заинтересованы в программистах <highlighttext>C#</highlighttext>, <highlighttext>.NET</highlighttext>, имеющих навыки работы с SQL-базами данных и системой Git, а также библиотекой ComponentOne. ",
    "responsibility": "Разработка ведется на <highlighttext>C#</highlighttext> с использованием платформы <highlighttext>.NET</highlighttext> и компонентов из библиотеки ComponentOne. В качестве базы данных используется MySQL. "
  },
  "contacts": null,
  "schedule": {
    "id": "fullDay",
    "name": "Полный день"
  },
  "working_days": [],
  "working_time_intervals": [],
  "working_time_modes": [],
  "accept_temporary": false,
  "fly_in_fly_out_duration": [],
  "work_format": [
    {
      "id": "ON_SITE",
      "name": "На месте работодателя"
    }
  ],
  "working_hours": [
    {
      "id": "HOURS_8",
      "name": "8 часов"
    }
  ],
  "work_schedule_by_days": [
    {
      "id": "FIVE_ON_TWO_OFF",
      "name": "5/2"
    }
  ],
  "night_shifts": false,
  "professional_roles": [
    {
      "id": "96",
      "name": "Программист, разработчик"
    }
  ],
  "accept_incomplete_resumes": false,
  "experience": {
    "id": "between1And3",
    "name": "От 1 года до 3 лет"
  },
  "employment": {
    "id": "full",
    "name": "Полная занятость"
  },
  "employment_form": {
    "id": "FULL",
    "name": "Полная"
  },
  "internship": false,
  "adv_response_url": null,
  "is_adv_vacancy": false,
  "adv_context": null
}