{
  "id": "128222711",
  "premium": false,
  "name": "Системный архитектор",
  "department": {
    "id": "2492-2492-14884",
    "name": "Московский Кредитный Банк. ИТ-специалисты"
  },
  "has_test": false,
  "response_letter_required": true,
  "area": {
    "id": "1",
    "name": "Москва",
    "url": "https://api.hh.ru/areas/1"
  },
  "salary": null,
  "salary_range": null,
  "type": {
    "id": "open",
    "name": "Открытая"
  },
  "address": null,
  "response_url": null,
  "sort_point_distance": null,
  "published_at": "2025-11-29T13:16:25+06:00",
  "created_at": "2025-11-29T13:16:25+06:00",
  "archived": false,
  "apply_alternate_url": "https://hh.ru/applicant/vacancy_response?vacancyId=128222711",
  "branding": {
    "type": "MAKEUP",
    "tariff": null
  },
  "show_logo_in_search": true,
  "show_contacts": false,
  "insider_interview": null,
  "url": "https://api.hh.ru/vacancies/128222711?host=hh.ru",
  "alternate_url": "https://hh.ru/vacancy/128222711",
  "relations": [],
  "employer": {
    "id": "2492",
    "name": "Московский Кредитный Банк",
    "url": "https://api.hh.ru/employers/2492",
    "alternate_url": "https://hh.ru/employer/2492",
    "logo_urls": {
      "original": "https://img.hhcdn.ru/employer-logo-original/1408162.png",
      "90": "https://img.hhcdn.ru/employer-logo/7252312.png",
      "240": "https://img.hhcdn.ru/employer-logo/7252313.png"
    },
    "vacancies_url": "https://api.hh.ru/vacancies?employer_id=2492",
    "country_id": 1,
    "accredited_it_employer": false,
    "trusted": true
  },
  "snippet": {
    "requirement": "Практический опыт проектирования архитектуры систем. Опыт разработки на платформе <highlighttext>.net</highlighttext>. Опыт сбора нефункциональных требований и формирования документации. Знание этапов жизненного...",
    "responsibility": "Выбор технических решений для реализации межсервисных взаимодействий в рамках системы. Оценка качества работы по задачам команд. Развитие архитектуры системы. "
  },
  "contacts": null,
  "schedule": {
    "id": "remote",
    "name": "Удаленная работа"
  },
  "working_days": [],
  "working_time_intervals": [],
  "working_time_modes": [],
  "accept_temporary": false,
  "fly_in_fly_out_duration": [],
  "work_format": [
    {
      "id": "REMOTE",
      "name": "Удалённо"
    },
    {
      "id": "HYBRID",
      "name": "Гибрид"
    }
  ],
  "working_hours": [
    {
      "id": "HOURS_8",
      "name": "8 часов"
    }
  ],
  "work_schedule_by_days": [
    {
      "id": "FIVE_ON_TWO_OFF",
      "name": "5/2"
    }
  ],
  "night_shifts": false,
  "professional_roles": [
    {
      "id": "14",
      "name": "Архитектор"
    }
  ],
  "accept_incomplete_resumes": false,
  "experience": {
    "id": "between3And6",
    "name": "От 3 до 6 лет"
  },
  "employment": {
    "id": "full",
    "name": "Полная занятость"
  },
  "employment_form": {
    "id": "FULL",
    "name": "Полная"
  },
  "internship": false,
  "adv_response_url": null,
  "is_adv_vacancy": false,
  "adv_context": null
}