{
  "id": "128238861",
  "premium": false,
  "name": "Педагог по робототехнике и программированию",
  "department": null,
  "has_test": false,
  "response_letter_required": false,
  "area": {
    "id": "1",
    "name": "Москва",
    "url": "https://api.hh.ru/areas/1"
  },
  "salary": {
    "from": 130000,
    "to": null,
    "currency": "RUR",
    "gross": false
  },
  "salary_range": {
    "from": 130000,
    "to": null,
    "currency": "RUR",
    "gross": false,
    "mode": {
      "id": "MONTH",
      "name": "За месяц"
    },
    "frequency": {
      "id": "TWICE_PER_MONTH",
      "name": "Два раза в месяц"
    }
  },
  "type": {
    "id": "open",
    "name": "Открытая"
  },
  "address": {
    "city": "Москва",
    "street": "улица Новый Арбат",
    "building": "22",
    "lat": 55.753088,
    "lng": 37.58888,
    "description": null,
    "raw": "Москва, улица Новый Арбат, 22",
    "metro": {
      "station_name": "Арбатская",
      "line_name": "Арбатско-Покровская",
      "station_id": "3.5",
      "line_id": "3",
      "lat": 55.752312,
      "lng": 37.60349
    },
    "metro_stations": [
      {
        "station_name": "Арбатская",
        "line_name": "Арбатско-Покровская",
        "station_id": "3.5",
        "line_id": "3",
        "lat": 55.752312,
        "lng": 37.60349
      },
      {
        "station_name": "Арбатская",
        "line_name": "Филевская",
        "station_id": "4.11",
        "line_id": "4",
        "lat": 55.752122,
        "lng": 37.601553
      },
      {
        "station_name": "Смоленская",
        "line_name": "Арбатско-Покровская",
        "station_id": "3.131",
        "line_id": "3",
        "lat": 55.747713,
        "lng": 37.583802
      },
      {
        "station_name": "Смоленская",
        "line_name": "Филевская",
        "station_id": "4.132",
        "line_id": "4",
        "lat": 55.749083,
        "lng": 37.582173
      }
    ],
    "id": "19001752"
  },
  "response_url": null,
  "sort_point_distance": null,
  "published_at": "2025-12-01T12:05:02+06:00",
  "created_at": "2025-12-01T12:05:02+06:00",
  "archived": false,
  "apply_alternate_url": "https://hh.ru/applicant/vacancy_response?vacancyId=128238861",
  "show_logo_in_search": null,
  "show_contacts": true,
  "insider_interview": null,
  "url": "https://api.hh.ru/vacancies/128238861?host=hh.ru",
  "alternate_url": "https://hh.ru/vacancy/128238861",
  "relations": [],
  "employer": {
    "id": "2713147",
    "name": "Восьмерка",
    "url": "https://api.hh.ru/employers/2713147",
    "alternate_url": "https://hh.ru/employer/2713147",
    "logo_urls": {
      "original": "https://img.hhcdn.ru/employer-logo-original-round/5563058.png",
      "90": "https://img.hhcdn.ru/employer-logo-round/5563060.png",
      "240": "https://img.hhcdn.ru/employer-logo-round/5563061.png"
    },
    "vacancies_url": "https://api.hh.ru/vacancies?employer_id=2713147",
    "country_id": 1,
    "accredited_it_employer": false,
    "trusted": true
  },
  "snippet": {
    "requirement": "Высокая организованность и пунктуальность. Можно без опыта. Желание работать с детьми и обучать их. Стрессоустойчивость. Работа на результат. ",
    "responsibility": "Проведение занятий по программированию (Python или Unity или JS или DS). Весь материал есть , просто нужно изучить его (если нужно..."
  },
  "contacts": null,
  "schedule": {
    "id": "flexible",
    "name": "Гибкий график"
  },
  "working_days": [],
  "working_time_intervals": [
    {
      "id": "from_four_to_six_hours_in_a_day",
      "name": "Можно сменами по 4-6 часов в день"
    }
  ],
  "working_time_modes": [],
  "accept_temporary": true,
  "fly_in_fly_out_duration": [],
  "work_format": [
    {
      "id": "ON_SITE",
      "name": "На месте работодателя"
    },
    {
      "id": "HYBRID",
      "name": "Гибрид"
    }
  ],
  "working_hours": [
    {
      "id": "HOURS_4",
      "name": "4 часа"
    },
    {
      "id": "HOURS_6",
      "name": "6 часов"
    }
  ],
  "work_schedule_by_days": [
    {
      "id": "WEEKEND",
      "name": "По выходным"
    },
    {
      "id": "FLEXIBLE",
      "name": "Свободный"
    }
  ],
  "night_shifts": false,
  "professional_roles": [
    {
      "id": "132",
      "name": "Учитель, преподаватель, педагог"
    }
  ],
  "accept_incomplete_resumes": false,
  "experience": {
    "id": "noExperience",
    "name": "Нет опыта"
  },
  "employment": {
    "id": "full",
    "name": "Полная занятость"
  },
  "employment_form": {
    "id": "FULL",
    "name": "Полная"
  },
  "internship": true,
  "adv_response_url": null,
  "is_adv_vacancy": false,
  "adv_context": null
}