{
  "id": "128386824",
  "premium": false,
  "name": "Data Backend Engineer (C#/.NET)",
  "department": null,
  "has_test": false,
  "response_letter_required": false,
  "area": {
    "id": "1002",
    "name": "Минск",
    "url": "https://api.hh.ru/areas/1002"
  },
  "salary": null,
  "salary_range": null,
  "type": {
    "id": "open",
    "name": "Открытая"
  },
  "address": null,
  "response_url": null,
  "sort_point_distance": null,
  "published_at": "2025-12-24T18:37:06+06:00",
  "created_at": "2025-12-24T18:37:06+06:00",
  "archived": false,
  "apply_alternate_url": "https://hh.ru/applicant/vacancy_response?vacancyId=128386824",
  "show_contacts": false,
  "insider_interview": null,
  "url": "https://api.hh.ru/vacancies/128386824?host=hh.ru",
  "alternate_url": "https://hh.ru/vacancy/128386824",
  "relations": [],
  "employer": {
    "id": "3751774",
    "name": "Дигитеум",
    "url": "https://api.hh.ru/employers/3751774",
    "alternate_url": "https://hh.ru/employer/3751774",
    "logo_urls": null,
    "vacancies_url": "https://api.hh.ru/vacancies?employer_id=3751774",
    "country_id": 4,
    "accredited_it_employer": false,
    "trusted": true
  },
  "snippet": {
    "requirement": "2+ years of experience in data analysis and backend development using <highlighttext>C#</highlighttext> and <highlighttext>.NET</highlighttext>. Strong understanding of technologies and...",
    "responsibility": "Analyzing data structures and relationships between linguistic elements to ensure data consistency. Working with and maintaining data conversion pipelines for..."
  },
  "contacts": null,
  "schedule": {
    "id": "remote",
    "name": "Удаленная работа"
  },
  "working_days": [],
  "working_time_intervals": [],
  "working_time_modes": [],
  "accept_temporary": false,
  "fly_in_fly_out_duration": [],
  "work_format": [
    {
      "id": "REMOTE",
      "name": "Удалённо"
    }
  ],
  "working_hours": [
    {
      "id": "HOURS_8",
      "name": "8 часов"
    }
  ],
  "work_schedule_by_days": [
    {
      "id": "FIVE_ON_TWO_OFF",
      "name": "5/2"
    }
  ],
  "night_shifts": false,
  "professional_roles": [
    {
      "id": "96",
      "name": "Программист, разработчик"
    }
  ],
  "accept_incomplete_resumes": false,
  "experience": {
    "id": "between1And3",
    "name": "От 1 года до 3 лет"
  },
  "employment": {
    "id": "full",
    "name": "Полная занятость"
  },
  "employment_form": {
    "id": "FULL",
    "name": "Полная"
  },
  "internship": false,
  "adv_response_url": null,
  "is_adv_vacancy": false,
  "adv_context": null
}