{
  "id": "128354864",
  "premium": false,
  "name": "Manual QA Engineer (ELMA 365)",
  "department": null,
  "has_test": false,
  "response_letter_required": true,
  "area": {
    "id": "160",
    "name": "Алматы",
    "url": "https://api.hh.ru/areas/160"
  },
  "salary": null,
  "salary_range": null,
  "type": {
    "id": "open",
    "name": "Открытая"
  },
  "address": null,
  "response_url": null,
  "sort_point_distance": null,
  "published_at": "2025-12-15T16:17:27+06:00",
  "created_at": "2025-12-15T16:17:27+06:00",
  "archived": false,
  "apply_alternate_url": "https://hh.ru/applicant/vacancy_response?vacancyId=128354864",
  "branding": {
    "type": "MAKEUP",
    "tariff": null
  },
  "show_contacts": false,
  "insider_interview": null,
  "url": "https://api.hh.ru/vacancies/128354864?host=hh.ru",
  "alternate_url": "https://hh.ru/vacancy/128354864",
  "relations": [],
  "employer": {
    "id": "11620178",
    "name": "Рекрутинговое агентство Fin Career Lab",
    "url": "https://api.hh.ru/employers/11620178",
    "alternate_url": "https://hh.ru/employer/11620178",
    "logo_urls": null,
    "vacancies_url": "https://api.hh.ru/vacancies?employer_id=11620178",
    "country_id": 3,
    "accredited_it_employer": false,
    "trusted": true
  },
  "snippet": {
    "requirement": "между разными СУБД). - Навыки SQL для простых проверок данных в PostgreSQL. - Базовые знания TypeScript и <highlighttext>C#</highlighttext> для чтения кода.",
    "responsibility": "Тестирование корректности работы логики бизнес-процессов, объектов документов в BPM ELMA 365. - Проведение функционального, интеграционного и регрессионного тестирования. - "
  },
  "contacts": null,
  "schedule": {
    "id": "remote",
    "name": "Удаленная работа"
  },
  "working_days": [],
  "working_time_intervals": [],
  "working_time_modes": [],
  "accept_temporary": true,
  "fly_in_fly_out_duration": [],
  "work_format": [
    {
      "id": "REMOTE",
      "name": "Удалённо"
    }
  ],
  "working_hours": [
    {
      "id": "HOURS_8",
      "name": "8 часов"
    }
  ],
  "work_schedule_by_days": [
    {
      "id": "FIVE_ON_TWO_OFF",
      "name": "5/2"
    }
  ],
  "night_shifts": true,
  "professional_roles": [
    {
      "id": "124",
      "name": "Тестировщик"
    }
  ],
  "accept_incomplete_resumes": false,
  "experience": {
    "id": "between3And6",
    "name": "От 3 до 6 лет"
  },
  "employment": {
    "id": "project",
    "name": "Проектная работа"
  },
  "employment_form": {
    "id": "PROJECT",
    "name": "Проект"
  },
  "internship": false,
  "adv_response_url": null,
  "is_adv_vacancy": false,
  "adv_context": null
}