{
  "id": "128362562",
  "premium": false,
  "name": "Full-stack разработчик (C# / .NET)",
  "department": null,
  "has_test": false,
  "response_letter_required": false,
  "area": {
    "id": "1550",
    "name": "Таганрог",
    "url": "https://api.hh.ru/areas/1550"
  },
  "salary": {
    "from": 60000,
    "to": 120000,
    "currency": "RUR",
    "gross": true
  },
  "salary_range": {
    "from": 60000,
    "to": 120000,
    "currency": "RUR",
    "gross": true,
    "mode": {
      "id": "MONTH",
      "name": "За месяц"
    },
    "frequency": {
      "id": "TWICE_PER_MONTH",
      "name": "Два раза в месяц"
    }
  },
  "type": {
    "id": "open",
    "name": "Открытая"
  },
  "address": {
    "city": "Таганрог",
    "street": "площадь Авиаторов",
    "building": "1",
    "lat": 47.197905,
    "lng": 38.880379,
    "description": null,
    "raw": "Таганрог, площадь Авиаторов, 1",
    "metro": null,
    "metro_stations": [],
    "id": "6942131"
  },
  "response_url": null,
  "sort_point_distance": null,
  "published_at": "2025-12-03T12:39:41+06:00",
  "created_at": "2025-12-03T12:39:41+06:00",
  "archived": false,
  "apply_alternate_url": "https://hh.ru/applicant/vacancy_response?vacancyId=128362562",
  "show_logo_in_search": null,
  "show_contacts": true,
  "insider_interview": null,
  "url": "https://api.hh.ru/vacancies/128362562?host=hh.ru",
  "alternate_url": "https://hh.ru/vacancy/128362562",
  "relations": [],
  "employer": {
    "id": "1368152",
    "name": "ТАНТК им.Г.М. Бериева",
    "url": "https://api.hh.ru/employers/1368152",
    "alternate_url": "https://hh.ru/employer/1368152",
    "logo_urls": {
      "original": "https://img.hhcdn.ru/employer-logo-original-round/4226203.jpeg",
      "90": "https://img.hhcdn.ru/employer-logo-round/4226204.jpeg",
      "240": "https://img.hhcdn.ru/employer-logo-round/4226205.jpeg"
    },
    "vacancies_url": "https://api.hh.ru/vacancies?employer_id=1368152",
    "country_id": 1,
    "accredited_it_employer": false,
    "trusted": true
  },
  "snippet": {
    "requirement": "Бэкенд: <highlighttext>C#</highlighttext>, <highlighttext>.NET</highlighttext> Framework (4.8+), <highlighttext>.NET</highlighttext> Core / <highlighttext>.NET</highlighttext> 5-8. JavaScript. Фронтенд: React, Next.js (SSR/SSG), TypeScript (как...",
    "responsibility": "Разработка и интеграция: Создание, модернизация и интеграция full-stack веб-приложений, микросервисов и модулей в рамках цифровой экосистемы предприятия. "
  },
  "contacts": null,
  "schedule": {
    "id": "fullDay",
    "name": "Полный день"
  },
  "working_days": [],
  "working_time_intervals": [],
  "working_time_modes": [],
  "accept_temporary": false,
  "fly_in_fly_out_duration": [],
  "work_format": [
    {
      "id": "ON_SITE",
      "name": "На месте работодателя"
    }
  ],
  "working_hours": [
    {
      "id": "HOURS_8",
      "name": "8 часов"
    }
  ],
  "work_schedule_by_days": [
    {
      "id": "FIVE_ON_TWO_OFF",
      "name": "5/2"
    }
  ],
  "night_shifts": false,
  "professional_roles": [
    {
      "id": "96",
      "name": "Программист, разработчик"
    }
  ],
  "accept_incomplete_resumes": false,
  "experience": {
    "id": "between3And6",
    "name": "От 3 до 6 лет"
  },
  "employment": {
    "id": "full",
    "name": "Полная занятость"
  },
  "employment_form": {
    "id": "FULL",
    "name": "Полная"
  },
  "internship": true,
  "adv_response_url": null,
  "is_adv_vacancy": false,
  "adv_context": null
}