{
  "id": "128373433",
  "premium": false,
  "name": "NET Trainee",
  "department": null,
  "has_test": false,
  "response_letter_required": false,
  "area": {
    "id": "2758",
    "name": "Тбилиси",
    "url": "https://api.hh.ru/areas/2758"
  },
  "salary": null,
  "salary_range": null,
  "type": {
    "id": "open",
    "name": "Открытая"
  },
  "address": {
    "city": "Тбилиси",
    "street": null,
    "building": null,
    "lat": 41.69308,
    "lng": 44.80156,
    "description": null,
    "raw": "Тбилиси",
    "metro": null,
    "metro_stations": [],
    "id": "19545117"
  },
  "response_url": null,
  "sort_point_distance": null,
  "published_at": "2025-12-03T15:12:45+06:00",
  "created_at": "2025-12-03T15:12:45+06:00",
  "archived": false,
  "apply_alternate_url": "https://hh.ru/applicant/vacancy_response?vacancyId=128373433",
  "branding": {
    "type": "MAKEUP",
    "tariff": null
  },
  "show_logo_in_search": true,
  "show_contacts": false,
  "insider_interview": null,
  "url": "https://api.hh.ru/vacancies/128373433?host=hh.ru",
  "alternate_url": "https://hh.ru/vacancy/128373433",
  "relations": [],
  "employer": {
    "id": "851604",
    "name": "Andersen",
    "url": "https://api.hh.ru/employers/851604",
    "alternate_url": "https://hh.ru/employer/851604",
    "logo_urls": {
      "original": "https://img.hhcdn.ru/employer-logo-original-round/4243143.png",
      "90": "https://img.hhcdn.ru/employer-logo-round/4243144.png",
      "240": "https://img.hhcdn.ru/employer-logo-round/4243145.png"
    },
    "vacancies_url": "https://api.hh.ru/vacancies?employer_id=851604",
    "country_id": 4,
    "accredited_it_employer": false,
    "trusted": true
  },
  "snippet": {
    "requirement": "Understanding of the principles of OOP, SOLID, good knowledge of basic <highlighttext>C#</highlighttext> syntax, <highlighttext>.NET</highlighttext> platform and understanding of relational databases...",
    "responsibility": "Practice on a training project under the guidance of experienced tutors. Control of the trainee's knowledge mastery and feedback. "
  },
  "contacts": null,
  "schedule": {
    "id": "fullDay",
    "name": "Полный день"
  },
  "working_days": [],
  "working_time_intervals": [],
  "working_time_modes": [],
  "accept_temporary": false,
  "fly_in_fly_out_duration": [],
  "work_format": [],
  "working_hours": [
    {
      "id": "HOURS_8",
      "name": "8 часов"
    }
  ],
  "work_schedule_by_days": [
    {
      "id": "FIVE_ON_TWO_OFF",
      "name": "5/2"
    }
  ],
  "night_shifts": false,
  "professional_roles": [
    {
      "id": "96",
      "name": "Программист, разработчик"
    }
  ],
  "accept_incomplete_resumes": false,
  "experience": {
    "id": "noExperience",
    "name": "Нет опыта"
  },
  "employment": {
    "id": "full",
    "name": "Полная занятость"
  },
  "employment_form": {
    "id": "FULL",
    "name": "Полная"
  },
  "internship": true,
  "adv_response_url": null,
  "is_adv_vacancy": false,
  "adv_context": null
}