{
  "id": "128322985",
  "premium": false,
  "name": "DevOps Engineer",
  "department": null,
  "has_test": false,
  "response_letter_required": false,
  "area": {
    "id": "88",
    "name": "Казань",
    "url": "https://api.hh.ru/areas/88"
  },
  "salary": null,
  "salary_range": null,
  "type": {
    "id": "open",
    "name": "Открытая"
  },
  "address": {
    "city": "Казань",
    "street": "Спартаковская улица",
    "building": "2",
    "lat": 55.779474,
    "lng": 49.128126,
    "description": null,
    "raw": "Казань, Спартаковская улица, 2",
    "metro": null,
    "metro_stations": [],
    "id": "14975796"
  },
  "response_url": null,
  "sort_point_distance": null,
  "published_at": "2025-12-02T18:03:39+06:00",
  "created_at": "2025-12-02T18:03:39+06:00",
  "archived": false,
  "apply_alternate_url": "https://hh.ru/applicant/vacancy_response?vacancyId=128322985",
  "show_logo_in_search": null,
  "show_contacts": false,
  "insider_interview": null,
  "url": "https://api.hh.ru/vacancies/128322985?host=hh.ru",
  "alternate_url": "https://hh.ru/vacancy/128322985",
  "relations": [],
  "employer": {
    "id": "1498554",
    "name": "Sofoil LLC",
    "url": "https://api.hh.ru/employers/1498554",
    "alternate_url": "https://hh.ru/employer/1498554",
    "logo_urls": {
      "original": "https://img.hhcdn.ru/employer-logo-original-round/1457525.png",
      "90": "https://img.hhcdn.ru/employer-logo-round/1457526.png",
      "240": "https://img.hhcdn.ru/employer-logo-round/1457527.png"
    },
    "vacancies_url": "https://api.hh.ru/vacancies?employer_id=1498554",
    "country_id": 1,
    "accredited_it_employer": false,
    "trusted": true
  },
  "snippet": {
    "requirement": "Опыт работы с системами мониторинга (Prometheus/Grafana, ELK/EFK). - Знание языков программирования (Bash, Python, <highlighttext>.NET</highlighttext> Core, Node.js.). - Системный подход. - ",
    "responsibility": "Поддержка и развитие текущих проектов на языках <highlighttext>.NET</highlighttext> Core, Node.js и Python в тесном сотрудничестве с командой разработки. - "
  },
  "contacts": null,
  "schedule": {
    "id": "fullDay",
    "name": "Полный день"
  },
  "working_days": [],
  "working_time_intervals": [],
  "working_time_modes": [],
  "accept_temporary": false,
  "fly_in_fly_out_duration": [],
  "work_format": [
    {
      "id": "ON_SITE",
      "name": "На месте работодателя"
    }
  ],
  "working_hours": [
    {
      "id": "HOURS_8",
      "name": "8 часов"
    }
  ],
  "work_schedule_by_days": [
    {
      "id": "FIVE_ON_TWO_OFF",
      "name": "5/2"
    }
  ],
  "night_shifts": false,
  "professional_roles": [
    {
      "id": "160",
      "name": "DevOps-инженер"
    }
  ],
  "accept_incomplete_resumes": false,
  "experience": {
    "id": "between3And6",
    "name": "От 3 до 6 лет"
  },
  "employment": {
    "id": "full",
    "name": "Полная занятость"
  },
  "employment_form": {
    "id": "FULL",
    "name": "Полная"
  },
  "internship": false,
  "adv_response_url": null,
  "is_adv_vacancy": false,
  "adv_context": null
}