{
  "id": "128332512",
  "premium": false,
  "name": "Ведущий системный аналитик/System Analyst Senior (финтех, инвестиции)",
  "department": null,
  "has_test": true,
  "response_letter_required": false,
  "area": {
    "id": "1",
    "name": "Москва",
    "url": "https://api.hh.ru/areas/1"
  },
  "salary": null,
  "salary_range": null,
  "type": {
    "id": "open",
    "name": "Открытая"
  },
  "address": null,
  "response_url": null,
  "sort_point_distance": null,
  "published_at": "2025-12-02T20:22:40+06:00",
  "created_at": "2025-12-02T20:22:40+06:00",
  "archived": false,
  "apply_alternate_url": "https://hh.ru/applicant/vacancy_response?vacancyId=128332512",
  "show_logo_in_search": null,
  "show_contacts": false,
  "insider_interview": null,
  "url": "https://api.hh.ru/vacancies/128332512?host=hh.ru",
  "alternate_url": "https://hh.ru/vacancy/128332512",
  "relations": [],
  "employer": {
    "id": "24155",
    "name": "DZ Systems",
    "url": "https://api.hh.ru/employers/24155",
    "alternate_url": "https://hh.ru/employer/24155",
    "logo_urls": {
      "original": "https://img.hhcdn.ru/employer-logo-original-round/3841673.jpg",
      "90": "https://img.hhcdn.ru/employer-logo-round/3841675.jpeg",
      "240": "https://img.hhcdn.ru/employer-logo-round/3841676.jpeg"
    },
    "vacancies_url": "https://api.hh.ru/vacancies?employer_id=24155",
    "country_id": 1,
    "accredited_it_employer": true,
    "trusted": true
  },
  "snippet": {
    "requirement": "DB: MS SQL, Postgres. Наши ожидания от кандидата: - Опыт работы системным аналитиком от 7 лет. - Опыт описания функциональных и нефункциональных...",
    "responsibility": "О проекте: компания работает в области инвестиционного анализа (акции, облигации, индексы, рынки и компании). Разрабатывает новый инновационный цифровой продукт для..."
  },
  "contacts": null,
  "schedule": {
    "id": "remote",
    "name": "Удаленная работа"
  },
  "working_days": [],
  "working_time_intervals": [],
  "working_time_modes": [],
  "accept_temporary": true,
  "fly_in_fly_out_duration": [],
  "work_format": [
    {
      "id": "REMOTE",
      "name": "Удалённо"
    }
  ],
  "working_hours": [
    {
      "id": "HOURS_8",
      "name": "8 часов"
    }
  ],
  "work_schedule_by_days": [
    {
      "id": "FIVE_ON_TWO_OFF",
      "name": "5/2"
    }
  ],
  "night_shifts": false,
  "professional_roles": [
    {
      "id": "134",
      "name": "Финансовый аналитик, инвестиционный аналитик"
    }
  ],
  "accept_incomplete_resumes": false,
  "experience": {
    "id": "moreThan6",
    "name": "Более 6 лет"
  },
  "employment": {
    "id": "full",
    "name": "Полная занятость"
  },
  "employment_form": {
    "id": "FULL",
    "name": "Полная"
  },
  "internship": false,
  "adv_response_url": null,
  "is_adv_vacancy": false,
  "adv_context": null
}