{
  "id": "128314748",
  "premium": false,
  "name": "Strong Junior / Middle Backend разработчик (C#)",
  "department": null,
  "has_test": false,
  "response_letter_required": true,
  "area": {
    "id": "159",
    "name": "Астана",
    "url": "https://api.hh.ru/areas/159"
  },
  "salary": null,
  "salary_range": null,
  "type": {
    "id": "open",
    "name": "Открытая"
  },
  "address": {
    "city": "Астана",
    "street": "проспект Сарыарка",
    "building": "6",
    "lat": 51.160206,
    "lng": 71.411798,
    "description": null,
    "raw": "Астана, проспект Сарыарка, 6",
    "metro": null,
    "metro_stations": [],
    "id": "2092218"
  },
  "response_url": null,
  "sort_point_distance": null,
  "published_at": "2025-12-02T15:54:46+06:00",
  "created_at": "2025-12-02T15:54:46+06:00",
  "archived": false,
  "apply_alternate_url": "https://hh.ru/applicant/vacancy_response?vacancyId=128314748",
  "show_logo_in_search": null,
  "show_contacts": true,
  "insider_interview": null,
  "url": "https://api.hh.ru/vacancies/128314748?host=hh.ru",
  "alternate_url": "https://hh.ru/vacancy/128314748",
  "relations": [],
  "employer": {
    "id": "3743168",
    "name": "Click Intellect",
    "url": "https://api.hh.ru/employers/3743168",
    "alternate_url": "https://hh.ru/employer/3743168",
    "logo_urls": {
      "original": "https://img.hhcdn.ru/employer-logo-original-round/6314065.jpeg",
      "90": "https://img.hhcdn.ru/employer-logo-round/6314066.jpeg",
      "240": "https://img.hhcdn.ru/employer-logo-round/6314067.jpeg"
    },
    "vacancies_url": "https://api.hh.ru/vacancies?employer_id=3743168",
    "country_id": 3,
    "accredited_it_employer": false,
    "trusted": true
  },
  "snippet": {
    "requirement": "Высшее или средне специальное образование в области ИТ. Знание ООП, SOLID, CQRS. Знание основных паттернов проектирования. Умение работать в команде. ",
    "responsibility": "Проектирование архитектуры модулей/веб-приложений. Разработка и доработка веб-приложений и сервисов. Оптимизация веб-приложений. Автоматизация и развитие процесса разработки. "
  },
  "contacts": null,
  "schedule": {
    "id": "fullDay",
    "name": "Полный день"
  },
  "working_days": [],
  "working_time_intervals": [],
  "working_time_modes": [],
  "accept_temporary": false,
  "fly_in_fly_out_duration": [],
  "work_format": [
    {
      "id": "ON_SITE",
      "name": "На месте работодателя"
    }
  ],
  "working_hours": [
    {
      "id": "HOURS_8",
      "name": "8 часов"
    }
  ],
  "work_schedule_by_days": [
    {
      "id": "FIVE_ON_TWO_OFF",
      "name": "5/2"
    }
  ],
  "night_shifts": false,
  "professional_roles": [
    {
      "id": "96",
      "name": "Программист, разработчик"
    }
  ],
  "accept_incomplete_resumes": false,
  "experience": {
    "id": "between1And3",
    "name": "От 1 года до 3 лет"
  },
  "employment": {
    "id": "full",
    "name": "Полная занятость"
  },
  "employment_form": {
    "id": "FULL",
    "name": "Полная"
  },
  "internship": false,
  "adv_response_url": null,
  "is_adv_vacancy": false,
  "adv_context": null
}