{
  "id": "128362929",
  "premium": false,
  "name": "Senior .Net Teamlead/Tech Lead(Backend)",
  "department": null,
  "has_test": false,
  "response_letter_required": false,
  "area": {
    "id": "1",
    "name": "Москва",
    "url": "https://api.hh.ru/areas/1"
  },
  "salary": null,
  "salary_range": null,
  "type": {
    "id": "open",
    "name": "Открытая"
  },
  "address": {
    "city": "Москва",
    "street": "улица Менжинского",
    "building": "40",
    "lat": 55.871127,
    "lng": 37.658374,
    "description": null,
    "raw": "Москва, улица Менжинского, 40",
    "metro": {
      "station_name": "Бабушкинская",
      "line_name": "Калужско-Рижская",
      "station_id": "6.13",
      "line_id": "6",
      "lat": 55.870641,
      "lng": 37.664341
    },
    "metro_stations": [
      {
        "station_name": "Бабушкинская",
        "line_name": "Калужско-Рижская",
        "station_id": "6.13",
        "line_id": "6",
        "lat": 55.870641,
        "lng": 37.664341
      },
      {
        "station_name": "Ботанический сад",
        "line_name": "МЦК",
        "station_id": "95.517",
        "line_id": "95",
        "lat": 55.845556,
        "lng": 37.640278
      },
      {
        "station_name": "Медведково",
        "line_name": "Калужско-Рижская",
        "station_id": "6.81",
        "line_id": "6",
        "lat": 55.888103,
        "lng": 37.661562
      },
      {
        "station_name": "Свиблово",
        "line_name": "Калужско-Рижская",
        "station_id": "6.129",
        "line_id": "6",
        "lat": 55.855558,
        "lng": 37.653379
      }
    ],
    "id": "18994673"
  },
  "response_url": null,
  "sort_point_distance": null,
  "published_at": "2025-12-03T12:44:51+06:00",
  "created_at": "2025-12-03T12:44:51+06:00",
  "archived": false,
  "apply_alternate_url": "https://hh.ru/applicant/vacancy_response?vacancyId=128362929",
  "show_logo_in_search": null,
  "show_contacts": true,
  "insider_interview": null,
  "url": "https://api.hh.ru/vacancies/128362929?host=hh.ru",
  "alternate_url": "https://hh.ru/vacancy/128362929",
  "relations": [],
  "employer": {
    "id": "2381",
    "name": "Softline",
    "url": "https://api.hh.ru/employers/2381",
    "alternate_url": "https://hh.ru/employer/2381",
    "logo_urls": {
      "original": "https://img.hhcdn.ru/employer-logo-original-round/6588664.png",
      "90": "https://img.hhcdn.ru/employer-logo-round/6588665.png",
      "240": "https://img.hhcdn.ru/employer-logo-round/6588666.png"
    },
    "vacancies_url": "https://api.hh.ru/vacancies?employer_id=2381",
    "country_id": 1,
    "accredited_it_employer": true,
    "trusted": true
  },
  "snippet": {
    "requirement": "Опыт разработки на <highlighttext>C#</highlighttext> 5+ года. Желание и любовь проводить code review. Умение читать и поддерживать чужой код. ",
    "responsibility": "Руководство разработчиками: постановка задач, контроль выполнения, code review. Разработка серверной и клиентской части ПО мониторинга телекоммуникационного оборудования."
  },
  "contacts": null,
  "schedule": {
    "id": "remote",
    "name": "Удаленная работа"
  },
  "working_days": [],
  "working_time_intervals": [],
  "working_time_modes": [],
  "accept_temporary": false,
  "fly_in_fly_out_duration": [],
  "work_format": [
    {
      "id": "ON_SITE",
      "name": "На месте работодателя"
    },
    {
      "id": "REMOTE",
      "name": "Удалённо"
    },
    {
      "id": "HYBRID",
      "name": "Гибрид"
    }
  ],
  "working_hours": [
    {
      "id": "HOURS_8",
      "name": "8 часов"
    }
  ],
  "work_schedule_by_days": [
    {
      "id": "FIVE_ON_TWO_OFF",
      "name": "5/2"
    }
  ],
  "night_shifts": false,
  "professional_roles": [
    {
      "id": "96",
      "name": "Программист, разработчик"
    }
  ],
  "accept_incomplete_resumes": false,
  "experience": {
    "id": "moreThan6",
    "name": "Более 6 лет"
  },
  "employment": {
    "id": "full",
    "name": "Полная занятость"
  },
  "employment_form": {
    "id": "FULL",
    "name": "Полная"
  },
  "internship": false,
  "adv_response_url": null,
  "is_adv_vacancy": false,
  "adv_context": null
}