{
  "id": "128381371",
  "premium": false,
  "name": "Разработчик C# .NET (MAUI / Avalonia)",
  "department": null,
  "has_test": false,
  "response_letter_required": false,
  "area": {
    "id": "66",
    "name": "Нижний Новгород",
    "url": "https://api.hh.ru/areas/66"
  },
  "salary": null,
  "salary_range": null,
  "type": {
    "id": "open",
    "name": "Открытая"
  },
  "address": {
    "city": "Нижний Новгород",
    "street": "проспект Гагарина",
    "building": "25Б",
    "lat": 56.29496,
    "lng": 43.97521,
    "description": null,
    "raw": "Нижний Новгород, проспект Гагарина, 25Б",
    "metro": null,
    "metro_stations": [],
    "id": "16752964"
  },
  "response_url": null,
  "sort_point_distance": null,
  "published_at": "2025-12-03T17:14:12+06:00",
  "created_at": "2025-12-03T17:14:12+06:00",
  "archived": false,
  "apply_alternate_url": "https://hh.ru/applicant/vacancy_response?vacancyId=128381371",
  "show_logo_in_search": null,
  "show_contacts": false,
  "insider_interview": null,
  "url": "https://api.hh.ru/vacancies/128381371?host=hh.ru",
  "alternate_url": "https://hh.ru/vacancy/128381371",
  "relations": [],
  "employer": {
    "id": "9879348",
    "name": "Скиллтон",
    "url": "https://api.hh.ru/employers/9879348",
    "alternate_url": "https://hh.ru/employer/9879348",
    "logo_urls": {
      "original": "https://img.hhcdn.ru/employer-logo-original-round/6692924.JPG",
      "90": "https://img.hhcdn.ru/employer-logo-round/6692926.jpeg",
      "240": "https://img.hhcdn.ru/employer-logo-round/6692927.jpeg"
    },
    "vacancies_url": "https://api.hh.ru/vacancies?employer_id=9879348",
    "country_id": 1,
    "accredited_it_employer": false,
    "trusted": true
  },
  "snippet": {
    "requirement": "Подтвержденный опыт разработки Desktop и/или Mobile разработки <highlighttext>C#</highlighttext> с использованием Reactive UI или Community Toolkit. Знание SQL и опыт...",
    "responsibility": "Разрабатываем профессиональное решение для технического освидетельствования судов - комплексную систему, которая позволяет инспекторам проводить полную оценку технического состояния судна и формировать..."
  },
  "contacts": null,
  "schedule": {
    "id": "fullDay",
    "name": "Полный день"
  },
  "working_days": [],
  "working_time_intervals": [],
  "working_time_modes": [],
  "accept_temporary": false,
  "fly_in_fly_out_duration": [],
  "work_format": [
    {
      "id": "ON_SITE",
      "name": "На месте работодателя"
    }
  ],
  "working_hours": [
    {
      "id": "HOURS_8",
      "name": "8 часов"
    }
  ],
  "work_schedule_by_days": [
    {
      "id": "FIVE_ON_TWO_OFF",
      "name": "5/2"
    }
  ],
  "night_shifts": false,
  "professional_roles": [
    {
      "id": "96",
      "name": "Программист, разработчик"
    }
  ],
  "accept_incomplete_resumes": false,
  "experience": {
    "id": "between3And6",
    "name": "От 3 до 6 лет"
  },
  "employment": {
    "id": "full",
    "name": "Полная занятость"
  },
  "employment_form": {
    "id": "FULL",
    "name": "Полная"
  },
  "internship": false,
  "adv_response_url": null,
  "is_adv_vacancy": false,
  "adv_context": null
}