{
  "id": "128387426",
  "premium": false,
  "name": "Team Lead Unity Developer",
  "department": null,
  "has_test": false,
  "response_letter_required": false,
  "area": {
    "id": "1",
    "name": "Москва",
    "url": "https://api.hh.ru/areas/1"
  },
  "salary": null,
  "salary_range": null,
  "type": {
    "id": "open",
    "name": "Открытая"
  },
  "address": {
    "city": "Москва",
    "street": "Варшавское шоссе",
    "building": "1с6",
    "lat": 55.703875,
    "lng": 37.623905,
    "description": null,
    "raw": "Москва, Варшавское шоссе, 1с6",
    "metro": {
      "station_name": "Верхние Котлы",
      "line_name": "МЦК",
      "station_id": "95.532",
      "line_id": "95",
      "lat": 55.69,
      "lng": 37.618889
    },
    "metro_stations": [
      {
        "station_name": "Верхние Котлы",
        "line_name": "МЦК",
        "station_id": "95.532",
        "line_id": "95",
        "lat": 55.69,
        "lng": 37.618889
      },
      {
        "station_name": "ЗИЛ",
        "line_name": "МЦК",
        "station_id": "95.531",
        "line_id": "95",
        "lat": 55.698333,
        "lng": 37.648333
      },
      {
        "station_name": "Тульская",
        "line_name": "Серпуховско-Тимирязевская",
        "station_id": "9.142",
        "line_id": "9",
        "lat": 55.70961,
        "lng": 37.622569
      },
      {
        "station_name": "Шаболовская",
        "line_name": "Калужско-Рижская",
        "station_id": "6.157",
        "line_id": "6",
        "lat": 55.718828,
        "lng": 37.607892
      }
    ],
    "id": "18207652"
  },
  "response_url": null,
  "sort_point_distance": null,
  "published_at": "2025-12-03T18:46:59+06:00",
  "created_at": "2025-12-03T18:46:59+06:00",
  "archived": false,
  "apply_alternate_url": "https://hh.ru/applicant/vacancy_response?vacancyId=128387426",
  "show_logo_in_search": null,
  "show_contacts": false,
  "insider_interview": null,
  "url": "https://api.hh.ru/vacancies/128387426?host=hh.ru",
  "alternate_url": "https://hh.ru/vacancy/128387426",
  "relations": [],
  "employer": {
    "id": "10044498",
    "name": "Duckside Games",
    "url": "https://api.hh.ru/employers/10044498",
    "alternate_url": "https://hh.ru/employer/10044498",
    "logo_urls": {
      "original": "https://img.hhcdn.ru/employer-logo-original-round/7116749.png",
      "90": "https://img.hhcdn.ru/employer-logo-round/7116750.png",
      "240": "https://img.hhcdn.ru/employer-logo-round/7116751.png"
    },
    "vacancies_url": "https://api.hh.ru/vacancies?employer_id=10044498",
    "country_id": 1,
    "accredited_it_employer": true,
    "trusted": true
  },
  "snippet": {
    "requirement": "Опыт работы на проектах с Unity от 5-и лет. Опыт работы на позиции руководителя группы разработки более 2-х...",
    "responsibility": "Управление командой разработки в размере от 4 до 6 человек - планирование нагрузки, налаживание коммуникации, планирование роста участников команды. "
  },
  "contacts": null,
  "schedule": {
    "id": "fullDay",
    "name": "Полный день"
  },
  "working_days": [],
  "working_time_intervals": [],
  "working_time_modes": [],
  "accept_temporary": true,
  "fly_in_fly_out_duration": [],
  "work_format": [
    {
      "id": "ON_SITE",
      "name": "На месте работодателя"
    }
  ],
  "working_hours": [
    {
      "id": "HOURS_8",
      "name": "8 часов"
    }
  ],
  "work_schedule_by_days": [
    {
      "id": "FIVE_ON_TWO_OFF",
      "name": "5/2"
    }
  ],
  "night_shifts": false,
  "professional_roles": [
    {
      "id": "25",
      "name": "Гейм-дизайнер"
    }
  ],
  "accept_incomplete_resumes": false,
  "experience": {
    "id": "between3And6",
    "name": "От 3 до 6 лет"
  },
  "employment": {
    "id": "full",
    "name": "Полная занятость"
  },
  "employment_form": {
    "id": "FULL",
    "name": "Полная"
  },
  "internship": false,
  "adv_response_url": null,
  "is_adv_vacancy": false,
  "adv_context": null
}