{
  "id": "128301901",
  "premium": false,
  "name": "Разработчик C#",
  "department": {
    "id": "4496-4496-it",
    "name": "МТС Банк. IT"
  },
  "has_test": false,
  "response_letter_required": false,
  "area": {
    "id": "1",
    "name": "Москва",
    "url": "https://api.hh.ru/areas/1"
  },
  "salary": null,
  "salary_range": null,
  "type": {
    "id": "open",
    "name": "Открытая"
  },
  "address": null,
  "response_url": null,
  "sort_point_distance": null,
  "published_at": "2025-12-24T04:33:22+06:00",
  "created_at": "2025-12-24T04:33:22+06:00",
  "archived": false,
  "apply_alternate_url": "https://hh.ru/applicant/vacancy_response?vacancyId=128301901",
  "brand_snippet": {
    "logo": null,
    "logo_xs": null,
    "logo_scalable": {
      "default": {
        "width": 188,
        "height": 102,
        "url": "https://img.hhcdn.ru/brand-snippet-pictures/02476.png"
      },
      "xs": {
        "width": 188,
        "height": 102,
        "url": "https://img.hhcdn.ru/brand-snippet-pictures/02477.png"
      }
    },
    "picture": null,
    "picture_xs": null,
    "picture_scalable": {
      "default": {
        "width": 218,
        "height": 366,
        "url": "https://img.hhcdn.ru/brand-snippet-pictures/02478.png"
      },
      "xs": {
        "width": 178,
        "height": 180,
        "url": "https://img.hhcdn.ru/brand-snippet-pictures/02479.png"
      }
    },
    "background": {
      "color": null,
      "gradient": {
        "angle": 116.45,
        "color_list": [
          {
            "color": "#8E92F8",
            "position": 51.49
          },
          {
            "color": "#EBF5FF",
            "position": 108.93
          }
        ]
      }
    }
  },
  "show_logo_in_search": null,
  "show_contacts": false,
  "insider_interview": null,
  "url": "https://api.hh.ru/vacancies/128301901?host=hh.ru",
  "alternate_url": "https://hh.ru/vacancy/128301901",
  "relations": [],
  "employer": {
    "id": "4496",
    "name": "МТС Финтех",
    "url": "https://api.hh.ru/employers/4496",
    "alternate_url": "https://hh.ru/employer/4496",
    "logo_urls": {
      "original": "https://img.hhcdn.ru/employer-logo-original/1417383.png",
      "90": "https://img.hhcdn.ru/employer-logo/7289181.png",
      "240": "https://img.hhcdn.ru/employer-logo/7289182.png"
    },
    "vacancies_url": "https://api.hh.ru/vacancies?employer_id=4496",
    "country_id": 1,
    "accredited_it_employer": false,
    "trusted": true
  },
  "snippet": {
    "requirement": "Экспертное знание <highlighttext>.NET</highlighttext> Core / <highlighttext>C#</highlighttext>. Опыт коммерческой backend разработки от 3 лет. Опыт в разработке веб приложений asp.net webapi/mvc. ",
    "responsibility": "Анализировать требования к программному обеспечению. Разрабатывать технические спецификации на программные компоненты и их взаимодействие. Проектировать и разрабатывать функциональности программных приложений..."
  },
  "contacts": null,
  "schedule": {
    "id": "remote",
    "name": "Удаленная работа"
  },
  "working_days": [],
  "working_time_intervals": [],
  "working_time_modes": [],
  "accept_temporary": false,
  "fly_in_fly_out_duration": [],
  "work_format": [
    {
      "id": "REMOTE",
      "name": "Удалённо"
    },
    {
      "id": "HYBRID",
      "name": "Гибрид"
    }
  ],
  "working_hours": [
    {
      "id": "HOURS_8",
      "name": "8 часов"
    }
  ],
  "work_schedule_by_days": [
    {
      "id": "FIVE_ON_TWO_OFF",
      "name": "5/2"
    }
  ],
  "night_shifts": false,
  "professional_roles": [
    {
      "id": "96",
      "name": "Программист, разработчик"
    }
  ],
  "accept_incomplete_resumes": false,
  "experience": {
    "id": "between3And6",
    "name": "От 3 до 6 лет"
  },
  "employment": {
    "id": "full",
    "name": "Полная занятость"
  },
  "employment_form": {
    "id": "FULL",
    "name": "Полная"
  },
  "internship": false,
  "adv_response_url": null,
  "is_adv_vacancy": false,
  "adv_context": null
}