{
  "id": "128323261",
  "premium": false,
  "name": "Разработчик FullStack (.net + js)",
  "department": null,
  "has_test": false,
  "response_letter_required": false,
  "area": {
    "id": "1",
    "name": "Москва",
    "url": "https://api.hh.ru/areas/1"
  },
  "salary": null,
  "salary_range": null,
  "type": {
    "id": "open",
    "name": "Открытая"
  },
  "address": null,
  "response_url": null,
  "sort_point_distance": null,
  "published_at": "2025-12-02T18:07:39+06:00",
  "created_at": "2025-12-02T18:07:39+06:00",
  "archived": false,
  "apply_alternate_url": "https://hh.ru/applicant/vacancy_response?vacancyId=128323261",
  "branding": {
    "type": "MAKEUP",
    "tariff": null
  },
  "show_logo_in_search": true,
  "show_contacts": false,
  "insider_interview": null,
  "url": "https://api.hh.ru/vacancies/128323261?host=hh.ru",
  "alternate_url": "https://hh.ru/vacancy/128323261",
  "relations": [],
  "employer": {
    "id": "11281464",
    "name": "Смарт Горизонт",
    "url": "https://api.hh.ru/employers/11281464",
    "alternate_url": "https://hh.ru/employer/11281464",
    "logo_urls": {
      "original": "https://img.hhcdn.ru/employer-logo-original-round/6848785.png",
      "90": "https://img.hhcdn.ru/employer-logo-round/6848786.png",
      "240": "https://img.hhcdn.ru/employer-logo-round/6848787.png"
    },
    "vacancies_url": "https://api.hh.ru/vacancies?employer_id=11281464",
    "country_id": 1,
    "accredited_it_employer": false,
    "trusted": true
  },
  "snippet": {
    "requirement": "Опыт коммерческой разработки на <highlighttext>c#</highlighttext> - от 5 лет, на js - от 3 лет. Уверенное владение <highlighttext>C#</highlighttext>, опыт работы с <highlighttext>.NET</highlighttext>...",
    "responsibility": "Создание и поддержка API на <highlighttext>.NET</highlighttext> Core для фронтенд-приложений и мобильных клиентов. Разработка отзывчивых и динамичных пользовательских интерфейсов на..."
  },
  "contacts": null,
  "schedule": {
    "id": "remote",
    "name": "Удаленная работа"
  },
  "working_days": [],
  "working_time_intervals": [],
  "working_time_modes": [],
  "accept_temporary": false,
  "fly_in_fly_out_duration": [],
  "work_format": [
    {
      "id": "REMOTE",
      "name": "Удалённо"
    }
  ],
  "working_hours": [
    {
      "id": "HOURS_8",
      "name": "8 часов"
    }
  ],
  "work_schedule_by_days": [
    {
      "id": "FIVE_ON_TWO_OFF",
      "name": "5/2"
    }
  ],
  "night_shifts": false,
  "professional_roles": [
    {
      "id": "96",
      "name": "Программист, разработчик"
    }
  ],
  "accept_incomplete_resumes": false,
  "experience": {
    "id": "moreThan6",
    "name": "Более 6 лет"
  },
  "employment": {
    "id": "full",
    "name": "Полная занятость"
  },
  "employment_form": {
    "id": "FULL",
    "name": "Полная"
  },
  "internship": false,
  "adv_response_url": null,
  "is_adv_vacancy": false,
  "adv_context": null
}