{
  "id": "128316605",
  "premium": false,
  "name": "Программист Delphi (Санкт-Петербург)",
  "department": null,
  "has_test": false,
  "response_letter_required": false,
  "area": {
    "id": "2",
    "name": "Санкт-Петербург",
    "url": "https://api.hh.ru/areas/2"
  },
  "salary": {
    "from": 200000,
    "to": null,
    "currency": "RUR",
    "gross": false
  },
  "salary_range": {
    "from": 200000,
    "to": null,
    "currency": "RUR",
    "gross": false,
    "mode": {
      "id": "MONTH",
      "name": "За месяц"
    },
    "frequency": {
      "id": "TWICE_PER_MONTH",
      "name": "Два раза в месяц"
    }
  },
  "type": {
    "id": "open",
    "name": "Открытая"
  },
  "address": {
    "city": "Санкт-Петербург",
    "street": "Левашовский проспект",
    "building": "15",
    "lat": 59.96675,
    "lng": 30.284706,
    "description": null,
    "raw": "Санкт-Петербург, Левашовский проспект, 15",
    "metro": {
      "station_name": "Крестовский остров",
      "line_name": "Фрунзенско-Приморская",
      "station_id": "18.247",
      "line_id": "18",
      "lat": 59.971821,
      "lng": 30.259436
    },
    "metro_stations": [
      {
        "station_name": "Крестовский остров",
        "line_name": "Фрунзенско-Приморская",
        "station_id": "18.247",
        "line_id": "18",
        "lat": 59.971821,
        "lng": 30.259436
      },
      {
        "station_name": "Петроградская",
        "line_name": "Московско-Петроградская",
        "station_id": "15.215",
        "line_id": "15",
        "lat": 59.966389,
        "lng": 30.311293
      },
      {
        "station_name": "Чкаловская",
        "line_name": "Фрунзенско-Приморская",
        "station_id": "18.248",
        "line_id": "18",
        "lat": 59.961033,
        "lng": 30.292006
      },
      {
        "station_name": "Чёрная речка",
        "line_name": "Московско-Петроградская",
        "station_id": "15.214",
        "line_id": "15",
        "lat": 59.985455,
        "lng": 30.300833
      }
    ],
    "id": "18999291"
  },
  "response_url": null,
  "sort_point_distance": null,
  "published_at": "2025-12-02T16:26:41+06:00",
  "created_at": "2025-12-02T16:26:41+06:00",
  "archived": false,
  "apply_alternate_url": "https://hh.ru/applicant/vacancy_response?vacancyId=128316605",
  "show_logo_in_search": null,
  "show_contacts": true,
  "insider_interview": null,
  "url": "https://api.hh.ru/vacancies/128316605?host=hh.ru",
  "alternate_url": "https://hh.ru/vacancy/128316605",
  "relations": [],
  "employer": {
    "id": "42713",
    "name": "ЕВРОАВТО",
    "url": "https://api.hh.ru/employers/42713",
    "alternate_url": "https://hh.ru/employer/42713",
    "logo_urls": {
      "original": "https://img.hhcdn.ru/employer-logo-original-round/6885893.jpeg",
      "90": "https://img.hhcdn.ru/employer-logo-round/6885894.jpeg",
      "240": "https://img.hhcdn.ru/employer-logo-round/6885895.jpeg"
    },
    "vacancies_url": "https://api.hh.ru/vacancies?employer_id=42713",
    "country_id": 1,
    "accredited_it_employer": false,
    "trusted": true
  },
  "snippet": {
    "requirement": "Стек технологий: Delphi (10.3) + MSSQL (2019) + <highlighttext>C#</highlighttext> + PostgreSQL. Опыт работы с SSIS. Использование FastReport, EhLib, TMS. ",
    "responsibility": "Проектировать и разрабатывать новый функционал. Расширять возможности текущих программ. Интегрировать программы с внешними и внутренними сервисами. Взаимодействовать с бизнес-заказчиком. "
  },
  "contacts": null,
  "schedule": {
    "id": "fullDay",
    "name": "Полный день"
  },
  "working_days": [],
  "working_time_intervals": [],
  "working_time_modes": [],
  "accept_temporary": false,
  "fly_in_fly_out_duration": [],
  "work_format": [
    {
      "id": "ON_SITE",
      "name": "На месте работодателя"
    }
  ],
  "working_hours": [
    {
      "id": "HOURS_8",
      "name": "8 часов"
    }
  ],
  "work_schedule_by_days": [
    {
      "id": "FIVE_ON_TWO_OFF",
      "name": "5/2"
    }
  ],
  "night_shifts": false,
  "professional_roles": [
    {
      "id": "96",
      "name": "Программист, разработчик"
    }
  ],
  "accept_incomplete_resumes": true,
  "experience": {
    "id": "between1And3",
    "name": "От 1 года до 3 лет"
  },
  "employment": {
    "id": "full",
    "name": "Полная занятость"
  },
  "employment_form": {
    "id": "FULL",
    "name": "Полная"
  },
  "internship": false,
  "adv_response_url": null,
  "is_adv_vacancy": false,
  "adv_context": null
}