{
  "id": "128338776",
  "premium": false,
  "name": "Младший (С#)-разработчик, Маркетплейс, Инструменты управления товарами",
  "department": {
    "id": "ozonru-2180-dev",
    "name": "Ozon Tech"
  },
  "has_test": false,
  "response_letter_required": false,
  "area": {
    "id": "1",
    "name": "Москва",
    "url": "https://api.hh.ru/areas/1"
  },
  "salary": null,
  "salary_range": null,
  "type": {
    "id": "open",
    "name": "Открытая"
  },
  "address": {
    "city": "Москва",
    "street": null,
    "building": null,
    "lat": 55.75586,
    "lng": 37.6177,
    "description": null,
    "raw": "Москва",
    "metro": {
      "station_name": "Библиотека им.Ленина",
      "line_name": "Сокольническая",
      "station_id": "1.4",
      "line_id": "1",
      "lat": 55.752123,
      "lng": 37.610388
    },
    "metro_stations": [
      {
        "station_name": "Библиотека им.Ленина",
        "line_name": "Сокольническая",
        "station_id": "1.4",
        "line_id": "1",
        "lat": 55.752123,
        "lng": 37.610388
      },
      {
        "station_name": "Охотный ряд",
        "line_name": "Сокольническая",
        "station_id": "1.98",
        "line_id": "1",
        "lat": 55.757228,
        "lng": 37.615078
      },
      {
        "station_name": "Площадь Революции",
        "line_name": "Арбатско-Покровская",
        "station_id": "3.100",
        "line_id": "3",
        "lat": 55.756741,
        "lng": 37.62236
      },
      {
        "station_name": "Театральная",
        "line_name": "Замоскворецкая",
        "station_id": "2.99",
        "line_id": "2",
        "lat": 55.758808,
        "lng": 37.61768
      }
    ],
    "id": "19029726"
  },
  "response_url": null,
  "sort_point_distance": null,
  "published_at": "2025-12-02T21:52:44+06:00",
  "created_at": "2025-12-02T21:52:44+06:00",
  "archived": false,
  "apply_alternate_url": "https://hh.ru/applicant/vacancy_response?vacancyId=128338776",
  "branding": {
    "type": "MAKEUP",
    "tariff": null
  },
  "show_logo_in_search": true,
  "show_contacts": false,
  "insider_interview": null,
  "url": "https://api.hh.ru/vacancies/128338776?host=hh.ru",
  "alternate_url": "https://hh.ru/vacancy/128338776",
  "relations": [],
  "employer": {
    "id": "2180",
    "name": "Ozon",
    "url": "https://api.hh.ru/employers/2180",
    "alternate_url": "https://hh.ru/employer/2180",
    "logo_urls": {
      "original": "https://img.hhcdn.ru/employer-logo-original-round/5899116.png",
      "90": "https://img.hhcdn.ru/employer-logo-round/5899117.png",
      "240": "https://img.hhcdn.ru/employer-logo-round/5899118.png"
    },
    "vacancies_url": "https://api.hh.ru/vacancies?employer_id=2180",
    "country_id": 1,
    "accredited_it_employer": true,
    "trusted": true
  },
  "snippet": {
    "requirement": "Знание платформы <highlighttext>.Net</highlighttext>, ООП, алгоритмов и структур данных. Опыт коммерческой разработки на <highlighttext>С#</highlighttext> от 3х лет. Понимание принципов SOLID...",
    "responsibility": "Разрабатывать и поддерживать микросервисную архитектуру. Разрабатывать синхронные и асинхронные интерфейсы. Проводить код-ревью. Участвовать в планировании и оценке задач, а..."
  },
  "contacts": null,
  "schedule": {
    "id": "remote",
    "name": "Удаленная работа"
  },
  "working_days": [],
  "working_time_intervals": [],
  "working_time_modes": [],
  "accept_temporary": false,
  "fly_in_fly_out_duration": [],
  "work_format": [
    {
      "id": "ON_SITE",
      "name": "На месте работодателя"
    },
    {
      "id": "REMOTE",
      "name": "Удалённо"
    },
    {
      "id": "HYBRID",
      "name": "Гибрид"
    }
  ],
  "working_hours": [
    {
      "id": "HOURS_8",
      "name": "8 часов"
    }
  ],
  "work_schedule_by_days": [
    {
      "id": "FIVE_ON_TWO_OFF",
      "name": "5/2"
    }
  ],
  "night_shifts": false,
  "professional_roles": [
    {
      "id": "96",
      "name": "Программист, разработчик"
    }
  ],
  "accept_incomplete_resumes": false,
  "experience": {
    "id": "between1And3",
    "name": "От 1 года до 3 лет"
  },
  "employment": {
    "id": "full",
    "name": "Полная занятость"
  },
  "employment_form": {
    "id": "FULL",
    "name": "Полная"
  },
  "internship": false,
  "adv_response_url": null,
  "is_adv_vacancy": false,
  "adv_context": null
}