{
  "id": "128335443",
  "premium": false,
  "name": "Тестировщик ПО",
  "department": null,
  "has_test": false,
  "response_letter_required": false,
  "area": {
    "id": "1",
    "name": "Москва",
    "url": "https://api.hh.ru/areas/1"
  },
  "salary": null,
  "salary_range": null,
  "type": {
    "id": "open",
    "name": "Открытая"
  },
  "address": null,
  "response_url": null,
  "sort_point_distance": null,
  "published_at": "2025-12-08T12:33:25+06:00",
  "created_at": "2025-12-08T12:33:25+06:00",
  "archived": false,
  "apply_alternate_url": "https://hh.ru/applicant/vacancy_response?vacancyId=128335443",
  "show_logo_in_search": null,
  "show_contacts": false,
  "insider_interview": null,
  "url": "https://api.hh.ru/vacancies/128335443?host=hh.ru",
  "alternate_url": "https://hh.ru/vacancy/128335443",
  "relations": [],
  "employer": {
    "id": "3177",
    "name": "Первый Бит",
    "url": "https://api.hh.ru/employers/3177",
    "alternate_url": "https://hh.ru/employer/3177",
    "logo_urls": {
      "original": "https://img.hhcdn.ru/employer-logo-original-round/2982495.png",
      "90": "https://img.hhcdn.ru/employer-logo-round/2982496.png",
      "240": "https://img.hhcdn.ru/employer-logo-round/2982497.png"
    },
    "vacancies_url": "https://api.hh.ru/vacancies?employer_id=3177",
    "country_id": 1,
    "accredited_it_employer": true,
    "trusted": true
  },
  "snippet": {
    "requirement": "Опыт участия в проектах по автоматизации. Знание технологий и опыт работы с <highlighttext>C#</highlighttext> / <highlighttext>.Net</highlighttext> Framework, React. Навыки администрирования операционных систем. ",
    "responsibility": "Разработка и поддержание в актуальном состоянии тестовой документации. Подготовка тест-кейсов и тест-планов. Проведение ручного, функционального, нагрузочного тестирования ПО. "
  },
  "contacts": null,
  "schedule": {
    "id": "remote",
    "name": "Удаленная работа"
  },
  "working_days": [],
  "working_time_intervals": [],
  "working_time_modes": [],
  "accept_temporary": false,
  "fly_in_fly_out_duration": [],
  "work_format": [
    {
      "id": "REMOTE",
      "name": "Удалённо"
    }
  ],
  "working_hours": [
    {
      "id": "HOURS_8",
      "name": "8 часов"
    }
  ],
  "work_schedule_by_days": [
    {
      "id": "FIVE_ON_TWO_OFF",
      "name": "5/2"
    }
  ],
  "night_shifts": false,
  "professional_roles": [
    {
      "id": "124",
      "name": "Тестировщик"
    }
  ],
  "accept_incomplete_resumes": false,
  "experience": {
    "id": "between1And3",
    "name": "От 1 года до 3 лет"
  },
  "employment": {
    "id": "full",
    "name": "Полная занятость"
  },
  "employment_form": {
    "id": "FULL",
    "name": "Полная"
  },
  "internship": false,
  "adv_response_url": null,
  "is_adv_vacancy": false,
  "adv_context": null
}