{
  "id": "128304917",
  "premium": false,
  "name": "Руководитель отдела разработки",
  "department": null,
  "has_test": false,
  "response_letter_required": false,
  "area": {
    "id": "3",
    "name": "Екатеринбург",
    "url": "https://api.hh.ru/areas/3"
  },
  "salary": {
    "from": 100000,
    "to": null,
    "currency": "RUR",
    "gross": false
  },
  "salary_range": {
    "from": 100000,
    "to": null,
    "currency": "RUR",
    "gross": false,
    "mode": {
      "id": "MONTH",
      "name": "За месяц"
    },
    "frequency": {
      "id": "TWICE_PER_MONTH",
      "name": "Два раза в месяц"
    }
  },
  "type": {
    "id": "open",
    "name": "Открытая"
  },
  "address": {
    "city": "Екатеринбург",
    "street": "Восточная улица",
    "building": "68",
    "lat": 56.837972,
    "lng": 60.632365,
    "description": null,
    "raw": "Екатеринбург, Восточная улица, 68",
    "metro": null,
    "metro_stations": [],
    "id": "16825332"
  },
  "response_url": null,
  "sort_point_distance": null,
  "published_at": "2025-12-10T17:51:12+06:00",
  "created_at": "2025-12-10T17:51:12+06:00",
  "archived": false,
  "apply_alternate_url": "https://hh.ru/applicant/vacancy_response?vacancyId=128304917",
  "show_logo_in_search": null,
  "show_contacts": false,
  "insider_interview": null,
  "url": "https://api.hh.ru/vacancies/128304917?host=hh.ru",
  "alternate_url": "https://hh.ru/vacancy/128304917",
  "relations": [],
  "employer": {
    "id": "1330061",
    "name": "Avtobus1.ru",
    "url": "https://api.hh.ru/employers/1330061",
    "alternate_url": "https://hh.ru/employer/1330061",
    "logo_urls": {
      "original": "https://img.hhcdn.ru/employer-logo-original/1389759.png",
      "90": "https://img.hhcdn.ru/employer-logo/7178823.png",
      "240": "https://img.hhcdn.ru/employer-logo/7178824.png"
    },
    "vacancies_url": "https://api.hh.ru/vacancies?employer_id=1330061",
    "country_id": 1,
    "accredited_it_employer": false,
    "trusted": true
  },
  "snippet": {
    "requirement": "...их взаимодействия (особенно в контексте веб- и мобильной разработки на <highlighttext>.Net</highlighttext>). Имеете реальный опыт внедрения ИТ-проектов. Владеете английским на...",
    "responsibility": "Планирование, организация и контроль выполнения задач по разработке ПО. Управление командой разработчиков (ведение графика, табеля, мотивация, оценка компетенций). "
  },
  "contacts": null,
  "schedule": {
    "id": "fullDay",
    "name": "Полный день"
  },
  "working_days": [],
  "working_time_intervals": [],
  "working_time_modes": [],
  "accept_temporary": false,
  "fly_in_fly_out_duration": [],
  "work_format": [
    {
      "id": "ON_SITE",
      "name": "На месте работодателя"
    },
    {
      "id": "HYBRID",
      "name": "Гибрид"
    }
  ],
  "working_hours": [
    {
      "id": "HOURS_8",
      "name": "8 часов"
    }
  ],
  "work_schedule_by_days": [
    {
      "id": "FIVE_ON_TWO_OFF",
      "name": "5/2"
    }
  ],
  "night_shifts": false,
  "professional_roles": [
    {
      "id": "104",
      "name": "Руководитель группы разработки"
    }
  ],
  "accept_incomplete_resumes": false,
  "experience": {
    "id": "between3And6",
    "name": "От 3 до 6 лет"
  },
  "employment": {
    "id": "full",
    "name": "Полная занятость"
  },
  "employment_form": {
    "id": "FULL",
    "name": "Полная"
  },
  "internship": false,
  "adv_response_url": null,
  "is_adv_vacancy": false,
  "adv_context": null
}