{
  "id": "128357765",
  "premium": false,
  "name": "Главный специалист службы по разработке автоматизированных систем (базы данных)",
  "department": null,
  "has_test": false,
  "response_letter_required": false,
  "area": {
    "id": "103",
    "name": "Абакан",
    "url": "https://api.hh.ru/areas/103"
  },
  "salary": {
    "from": 139200,
    "to": 139200,
    "currency": "RUR",
    "gross": false
  },
  "salary_range": {
    "from": 139200,
    "to": 139200,
    "currency": "RUR",
    "gross": false,
    "mode": {
      "id": "MONTH",
      "name": "За месяц"
    },
    "frequency": {
      "id": "TWICE_PER_MONTH",
      "name": "Два раза в месяц"
    }
  },
  "type": {
    "id": "open",
    "name": "Открытая"
  },
  "address": {
    "city": "Абакан",
    "street": null,
    "building": null,
    "lat": 53.71962,
    "lng": 91.32099,
    "description": null,
    "raw": "Абакан",
    "metro": null,
    "metro_stations": [],
    "id": "18896783"
  },
  "response_url": null,
  "sort_point_distance": null,
  "published_at": "2025-12-03T11:16:29+06:00",
  "created_at": "2025-12-03T11:16:29+06:00",
  "archived": false,
  "apply_alternate_url": "https://hh.ru/applicant/vacancy_response?vacancyId=128357765",
  "show_logo_in_search": null,
  "show_contacts": true,
  "insider_interview": null,
  "url": "https://api.hh.ru/vacancies/128357765?host=hh.ru",
  "alternate_url": "https://hh.ru/vacancy/128357765",
  "relations": [],
  "employer": {
    "id": "876195",
    "name": "Сибирская генерирующая Компания",
    "url": "https://api.hh.ru/employers/876195",
    "alternate_url": "https://hh.ru/employer/876195",
    "logo_urls": {
      "original": "https://img.hhcdn.ru/employer-logo-original-round/2243938.png",
      "90": "https://img.hhcdn.ru/employer-logo-round/2243939.png",
      "240": "https://img.hhcdn.ru/employer-logo-round/2243940.png"
    },
    "vacancies_url": "https://api.hh.ru/vacancies?employer_id=876195",
    "country_id": 1,
    "accredited_it_employer": false,
    "trusted": true
  },
  "snippet": {
    "requirement": "Работа с технической документацией. Стек: ASP.NET MVC 6 и выше (<highlighttext>С#</highlighttext>, <highlighttext>.NET</highlighttext>, JS, CSS), MS SQL, Postgres SQL, T-SQL. ",
    "responsibility": "Разработка и поддержка модулей Портала Технической дирекции: ASP.NET MVC 6 и выше. Проектирование и развитие базы данных MS SQL: создание..."
  },
  "contacts": null,
  "schedule": {
    "id": "fullDay",
    "name": "Полный день"
  },
  "working_days": [],
  "working_time_intervals": [],
  "working_time_modes": [],
  "accept_temporary": false,
  "fly_in_fly_out_duration": [],
  "work_format": [
    {
      "id": "ON_SITE",
      "name": "На месте работодателя"
    }
  ],
  "working_hours": [
    {
      "id": "HOURS_8",
      "name": "8 часов"
    }
  ],
  "work_schedule_by_days": [
    {
      "id": "FIVE_ON_TWO_OFF",
      "name": "5/2"
    }
  ],
  "night_shifts": false,
  "professional_roles": [
    {
      "id": "96",
      "name": "Программист, разработчик"
    }
  ],
  "accept_incomplete_resumes": false,
  "experience": {
    "id": "between3And6",
    "name": "От 3 до 6 лет"
  },
  "employment": {
    "id": "full",
    "name": "Полная занятость"
  },
  "employment_form": {
    "id": "FULL",
    "name": "Полная"
  },
  "internship": false,
  "adv_response_url": null,
  "is_adv_vacancy": false,
  "adv_context": null
}