{
  "id": "128340168",
  "premium": false,
  "name": ".NET Developer (C#, PostgreSQL, EF Core)",
  "department": null,
  "has_test": false,
  "response_letter_required": true,
  "area": {
    "id": "1",
    "name": "Москва",
    "url": "https://api.hh.ru/areas/1"
  },
  "salary": null,
  "salary_range": null,
  "type": {
    "id": "open",
    "name": "Открытая"
  },
  "address": {
    "city": "Москва",
    "street": "2-й Южнопортовый проезд",
    "building": "20Ас4",
    "lat": 55.702389,
    "lng": 37.693597,
    "description": null,
    "raw": "Москва, 2-й Южнопортовый проезд, 20Ас4",
    "metro": {
      "station_name": "Кожуховская",
      "line_name": "Люблинско-Дмитровская",
      "station_id": "10.52",
      "line_id": "10",
      "lat": 55.706156,
      "lng": 37.68544
    },
    "metro_stations": [
      {
        "station_name": "Кожуховская",
        "line_name": "Люблинско-Дмитровская",
        "station_id": "10.52",
        "line_id": "10",
        "lat": 55.706156,
        "lng": 37.68544
      }
    ],
    "id": "15108191"
  },
  "response_url": null,
  "sort_point_distance": null,
  "published_at": "2025-12-02T22:34:07+06:00",
  "created_at": "2025-12-02T22:34:07+06:00",
  "archived": false,
  "apply_alternate_url": "https://hh.ru/applicant/vacancy_response?vacancyId=128340168",
  "show_logo_in_search": null,
  "show_contacts": false,
  "insider_interview": null,
  "url": "https://api.hh.ru/vacancies/128340168?host=hh.ru",
  "alternate_url": "https://hh.ru/vacancy/128340168",
  "relations": [],
  "employer": {
    "id": "2381",
    "name": "Softline",
    "url": "https://api.hh.ru/employers/2381",
    "alternate_url": "https://hh.ru/employer/2381",
    "logo_urls": {
      "original": "https://img.hhcdn.ru/employer-logo-original-round/6588664.png",
      "90": "https://img.hhcdn.ru/employer-logo-round/6588665.png",
      "240": "https://img.hhcdn.ru/employer-logo-round/6588666.png"
    },
    "vacancies_url": "https://api.hh.ru/vacancies?employer_id=2381",
    "country_id": 1,
    "accredited_it_employer": true,
    "trusted": true
  },
  "snippet": {
    "requirement": "Опыт коммерческой разработки на <highlighttext>C#</highlighttext> и <highlighttext>.NET</highlighttext> (Core / 5+) от 3 до 5 лет. Опыт разработки RESTful API. ",
    "responsibility": "Разработка и поддержка API для внутренних и внешних клиентов на <highlighttext>.NET</highlighttext>. Работа с Entity Framework Core для PostgreSQL: создание и..."
  },
  "contacts": null,
  "schedule": {
    "id": "remote",
    "name": "Удаленная работа"
  },
  "working_days": [],
  "working_time_intervals": [],
  "working_time_modes": [],
  "accept_temporary": false,
  "fly_in_fly_out_duration": [],
  "work_format": [
    {
      "id": "REMOTE",
      "name": "Удалённо"
    }
  ],
  "working_hours": [
    {
      "id": "HOURS_8",
      "name": "8 часов"
    }
  ],
  "work_schedule_by_days": [
    {
      "id": "FIVE_ON_TWO_OFF",
      "name": "5/2"
    }
  ],
  "night_shifts": false,
  "professional_roles": [
    {
      "id": "96",
      "name": "Программист, разработчик"
    }
  ],
  "accept_incomplete_resumes": false,
  "experience": {
    "id": "between3And6",
    "name": "От 3 до 6 лет"
  },
  "employment": {
    "id": "full",
    "name": "Полная занятость"
  },
  "employment_form": {
    "id": "FULL",
    "name": "Полная"
  },
  "internship": false,
  "adv_response_url": null,
  "is_adv_vacancy": false,
  "adv_context": null
}