{
  "id": "128393797",
  "premium": false,
  "name": "Full Stack .NET Senior Developer",
  "department": null,
  "has_test": false,
  "response_letter_required": false,
  "area": {
    "id": "1002",
    "name": "Минск",
    "url": "https://api.hh.ru/areas/1002"
  },
  "salary": null,
  "salary_range": null,
  "type": {
    "id": "open",
    "name": "Открытая"
  },
  "address": {
    "city": "Минск",
    "street": "переулок Корженевского",
    "building": "28",
    "lat": 53.84842737036936,
    "lng": 27.526210559524216,
    "description": null,
    "raw": "Минск, переулок Корженевского, 28",
    "metro": null,
    "metro_stations": [],
    "id": "5814438"
  },
  "response_url": null,
  "sort_point_distance": null,
  "published_at": "2025-12-03T20:25:53+06:00",
  "created_at": "2025-12-03T20:25:53+06:00",
  "archived": false,
  "apply_alternate_url": "https://hh.ru/applicant/vacancy_response?vacancyId=128393797",
  "show_contacts": false,
  "insider_interview": null,
  "url": "https://api.hh.ru/vacancies/128393797?host=hh.ru",
  "alternate_url": "https://hh.ru/vacancy/128393797",
  "relations": [],
  "employer": {
    "id": "5448098",
    "name": "Элементри",
    "url": "https://api.hh.ru/employers/5448098",
    "alternate_url": "https://hh.ru/employer/5448098",
    "logo_urls": null,
    "vacancies_url": "https://api.hh.ru/vacancies?employer_id=5448098",
    "country_id": 4,
    "accredited_it_employer": false,
    "trusted": true
  },
  "snippet": {
    "requirement": "Experience with data-heavy UIs, real-time updates, or spreadsheet-like interfaces. Solid <highlighttext>C#</highlighttext> backend experience: <highlighttext>.NET</highlighttext> Core/ASP.NET, Web...",
    "responsibility": "Write clean, maintainable <highlighttext>C#</highlighttext> backend code for application logic. Integrate with AI/LLM systems and handle real-time communication (SignalR..."
  },
  "contacts": null,
  "schedule": {
    "id": "fullDay",
    "name": "Полный день"
  },
  "working_days": [],
  "working_time_intervals": [],
  "working_time_modes": [],
  "accept_temporary": false,
  "fly_in_fly_out_duration": [],
  "work_format": [
    {
      "id": "HYBRID",
      "name": "Гибрид"
    }
  ],
  "working_hours": [
    {
      "id": "HOURS_8",
      "name": "8 часов"
    }
  ],
  "work_schedule_by_days": [
    {
      "id": "FIVE_ON_TWO_OFF",
      "name": "5/2"
    }
  ],
  "night_shifts": false,
  "professional_roles": [
    {
      "id": "96",
      "name": "Программист, разработчик"
    }
  ],
  "accept_incomplete_resumes": false,
  "experience": {
    "id": "between3And6",
    "name": "От 3 до 6 лет"
  },
  "employment": {
    "id": "full",
    "name": "Полная занятость"
  },
  "employment_form": {
    "id": "FULL",
    "name": "Полная"
  },
  "internship": false,
  "adv_response_url": null,
  "is_adv_vacancy": false,
  "adv_context": null
}