{
  "id": "128368905",
  "premium": false,
  "name": "Программист C# (.NET разработчик)",
  "department": null,
  "has_test": false,
  "response_letter_required": false,
  "area": {
    "id": "71",
    "name": "Пенза",
    "url": "https://api.hh.ru/areas/71"
  },
  "salary": {
    "from": 46000,
    "to": 60000,
    "currency": "RUR",
    "gross": true
  },
  "salary_range": {
    "from": 46000,
    "to": 60000,
    "currency": "RUR",
    "gross": true,
    "mode": {
      "id": "MONTH",
      "name": "За месяц"
    },
    "frequency": {
      "id": "TWICE_PER_MONTH",
      "name": "Два раза в месяц"
    }
  },
  "type": {
    "id": "open",
    "name": "Открытая"
  },
  "address": {
    "city": "Пенза",
    "street": "улица Луначарского",
    "building": "53",
    "lat": 53.21042,
    "lng": 45.00043,
    "description": null,
    "raw": "Пенза, улица Луначарского, 53",
    "metro": null,
    "metro_stations": [],
    "id": "20887544"
  },
  "response_url": null,
  "sort_point_distance": null,
  "published_at": "2025-12-03T14:10:09+06:00",
  "created_at": "2025-12-03T14:10:09+06:00",
  "archived": false,
  "apply_alternate_url": "https://hh.ru/applicant/vacancy_response?vacancyId=128368905",
  "show_contacts": true,
  "insider_interview": null,
  "url": "https://api.hh.ru/vacancies/128368905?host=hh.ru",
  "alternate_url": "https://hh.ru/vacancy/128368905",
  "relations": [],
  "employer": {
    "id": "6010821",
    "name": "Расчетно-Биллинговые Решения",
    "url": "https://api.hh.ru/employers/6010821",
    "alternate_url": "https://hh.ru/employer/6010821",
    "logo_urls": null,
    "vacancies_url": "https://api.hh.ru/vacancies?employer_id=6010821",
    "country_id": 1,
    "accredited_it_employer": false,
    "trusted": true
  },
  "snippet": {
    "requirement": "Знание <highlighttext>.NET</highlighttext> 6.0 и выше, ASP.NET, MVC, Entity Framework Core. Хорошее знание основ <highlighttext>.NET</highlighttext> (ООП, LINQ, async/await). ",
    "responsibility": "Разработка нового функционала для существующего программного обеспечения. Поддержка программного обеспечения."
  },
  "contacts": null,
  "schedule": {
    "id": "fullDay",
    "name": "Полный день"
  },
  "working_days": [],
  "working_time_intervals": [],
  "working_time_modes": [],
  "accept_temporary": false,
  "fly_in_fly_out_duration": [],
  "work_format": [
    {
      "id": "ON_SITE",
      "name": "На месте работодателя"
    }
  ],
  "working_hours": [
    {
      "id": "HOURS_8",
      "name": "8 часов"
    }
  ],
  "work_schedule_by_days": [
    {
      "id": "FIVE_ON_TWO_OFF",
      "name": "5/2"
    }
  ],
  "night_shifts": false,
  "professional_roles": [
    {
      "id": "96",
      "name": "Программист, разработчик"
    }
  ],
  "accept_incomplete_resumes": false,
  "experience": {
    "id": "between1And3",
    "name": "От 1 года до 3 лет"
  },
  "employment": {
    "id": "full",
    "name": "Полная занятость"
  },
  "employment_form": {
    "id": "FULL",
    "name": "Полная"
  },
  "internship": false,
  "adv_response_url": null,
  "is_adv_vacancy": false,
  "adv_context": null
}