{
  "id": "128375025",
  "premium": false,
  "name": "Начальник отдела проектирования КР (Проектное бюро)",
  "department": {
    "id": "62136-62136-pbConstr",
    "name": "Sminex Проектное бюро. Конструктивные решения"
  },
  "has_test": false,
  "response_letter_required": false,
  "area": {
    "id": "1",
    "name": "Москва",
    "url": "https://api.hh.ru/areas/1"
  },
  "salary": null,
  "salary_range": null,
  "type": {
    "id": "open",
    "name": "Открытая"
  },
  "address": {
    "city": "Москва",
    "street": "Краснопролетарская улица",
    "building": "2/4",
    "lat": 55.773778,
    "lng": 37.60894,
    "description": null,
    "raw": "Москва, Краснопролетарская улица, 2/4",
    "metro": {
      "station_name": "Маяковская",
      "line_name": "Замоскворецкая",
      "station_id": "2.80",
      "line_id": "2",
      "lat": 55.769808,
      "lng": 37.596192
    },
    "metro_stations": [
      {
        "station_name": "Маяковская",
        "line_name": "Замоскворецкая",
        "station_id": "2.80",
        "line_id": "2",
        "lat": 55.769808,
        "lng": 37.596192
      },
      {
        "station_name": "Новослободская",
        "line_name": "Кольцевая",
        "station_id": "5.82",
        "line_id": "5",
        "lat": 55.779606,
        "lng": 37.601252
      },
      {
        "station_name": "Цветной бульвар",
        "line_name": "Серпуховско-Тимирязевская",
        "station_id": "9.154",
        "line_id": "9",
        "lat": 55.771653,
        "lng": 37.620466
      }
    ],
    "id": "20756691"
  },
  "response_url": null,
  "sort_point_distance": null,
  "published_at": "2025-12-03T15:39:01+06:00",
  "created_at": "2025-12-03T15:39:01+06:00",
  "archived": false,
  "apply_alternate_url": "https://hh.ru/applicant/vacancy_response?vacancyId=128375025",
  "branding": {
    "type": "MAKEUP",
    "tariff": null
  },
  "show_logo_in_search": true,
  "show_contacts": false,
  "insider_interview": {
    "id": "34014",
    "url": "https://hh.ru/interview/34014?employerId=62136"
  },
  "url": "https://api.hh.ru/vacancies/128375025?host=hh.ru",
  "alternate_url": "https://hh.ru/vacancy/128375025",
  "relations": [],
  "employer": {
    "id": "62136",
    "name": "Sminex",
    "url": "https://api.hh.ru/employers/62136",
    "alternate_url": "https://hh.ru/employer/62136",
    "logo_urls": {
      "original": "https://img.hhcdn.ru/employer-logo-original/1453849.png",
      "90": "https://img.hhcdn.ru/employer-logo/7435017.png",
      "240": "https://img.hhcdn.ru/employer-logo/7435018.png"
    },
    "vacancies_url": "https://api.hh.ru/vacancies?employer_id=62136",
    "country_id": 1,
    "accredited_it_employer": false,
    "trusted": true
  },
  "snippet": {
    "requirement": "...или SCAD или SOFiSTiK. Опыт работы в SOFiSTiK, Dynamo, Grasshopper, Karamba, а также навыки <highlighttext>С#</highlighttext> и/или Python будут преимуществом.",
    "responsibility": "Руководить деятельностью отдела: подбор, развитие и обучение, предоставление обратной связи, управление конфликтными ситуациями. Проверять исходные данные для проектирования от Технического..."
  },
  "contacts": null,
  "schedule": {
    "id": "fullDay",
    "name": "Полный день"
  },
  "working_days": [],
  "working_time_intervals": [],
  "working_time_modes": [],
  "accept_temporary": false,
  "fly_in_fly_out_duration": [],
  "work_format": [],
  "working_hours": [
    {
      "id": "HOURS_8",
      "name": "8 часов"
    }
  ],
  "work_schedule_by_days": [
    {
      "id": "FIVE_ON_TWO_OFF",
      "name": "5/2"
    }
  ],
  "night_shifts": false,
  "professional_roles": [
    {
      "id": "48",
      "name": "Инженер-конструктор, инженер-проектировщик"
    }
  ],
  "accept_incomplete_resumes": false,
  "experience": {
    "id": "moreThan6",
    "name": "Более 6 лет"
  },
  "employment": {
    "id": "full",
    "name": "Полная занятость"
  },
  "employment_form": {
    "id": "FULL",
    "name": "Полная"
  },
  "internship": false,
  "adv_response_url": null,
  "is_adv_vacancy": false,
  "adv_context": null
}