{
  "id": "128388571",
  "premium": false,
  "name": "QA-инженер .Net",
  "department": null,
  "has_test": false,
  "response_letter_required": false,
  "area": {
    "id": "53",
    "name": "Краснодар",
    "url": "https://api.hh.ru/areas/53"
  },
  "salary": null,
  "salary_range": null,
  "type": {
    "id": "open",
    "name": "Открытая"
  },
  "address": {
    "city": "Краснодар",
    "street": "микрорайон Хлопчато-бумажный Комбинат, Меланжевая улица",
    "building": null,
    "lat": 45.034725,
    "lng": 39.048032,
    "description": null,
    "raw": "Краснодар, микрорайон Хлопчато-бумажный Комбинат, Меланжевая улица",
    "metro": null,
    "metro_stations": [],
    "id": "20553633"
  },
  "response_url": null,
  "sort_point_distance": null,
  "published_at": "2025-12-03T19:04:35+06:00",
  "created_at": "2025-12-03T19:04:35+06:00",
  "archived": false,
  "apply_alternate_url": "https://hh.ru/applicant/vacancy_response?vacancyId=128388571",
  "branding": {
    "type": "MAKEUP",
    "tariff": null
  },
  "show_logo_in_search": true,
  "show_contacts": false,
  "insider_interview": null,
  "url": "https://api.hh.ru/vacancies/128388571?host=hh.ru",
  "alternate_url": "https://hh.ru/vacancy/128388571",
  "relations": [],
  "employer": {
    "id": "1245158",
    "name": "МФК Саммит",
    "url": "https://api.hh.ru/employers/1245158",
    "alternate_url": "https://hh.ru/employer/1245158",
    "logo_urls": {
      "original": "https://img.hhcdn.ru/employer-logo-original-round/3244531.png",
      "90": "https://img.hhcdn.ru/employer-logo-round/3244532.png",
      "240": "https://img.hhcdn.ru/employer-logo-round/3244533.png"
    },
    "vacancies_url": "https://api.hh.ru/vacancies?employer_id=1245158",
    "country_id": 1,
    "accredited_it_employer": true,
    "trusted": true
  },
  "snippet": {
    "requirement": "Опыт написания автотестов или желание развиваться в этой сфере. Опыт автоматизации тестирования на <highlighttext>C#</highlighttext>. Опыт тестирования API. Опыт работы с...",
    "responsibility": "Написание тест-кейсов по готовым требованиям. Участие в разработке стандартов и правил тестирования. Составление отчетов о результатах тестирования, документирование обнаруженных..."
  },
  "contacts": null,
  "schedule": {
    "id": "remote",
    "name": "Удаленная работа"
  },
  "working_days": [],
  "working_time_intervals": [],
  "working_time_modes": [],
  "accept_temporary": false,
  "fly_in_fly_out_duration": [],
  "work_format": [
    {
      "id": "ON_SITE",
      "name": "На месте работодателя"
    },
    {
      "id": "REMOTE",
      "name": "Удалённо"
    },
    {
      "id": "HYBRID",
      "name": "Гибрид"
    }
  ],
  "working_hours": [
    {
      "id": "HOURS_8",
      "name": "8 часов"
    }
  ],
  "work_schedule_by_days": [
    {
      "id": "FIVE_ON_TWO_OFF",
      "name": "5/2"
    }
  ],
  "night_shifts": false,
  "professional_roles": [
    {
      "id": "124",
      "name": "Тестировщик"
    }
  ],
  "accept_incomplete_resumes": false,
  "experience": {
    "id": "between1And3",
    "name": "От 1 года до 3 лет"
  },
  "employment": {
    "id": "full",
    "name": "Полная занятость"
  },
  "employment_form": {
    "id": "FULL",
    "name": "Полная"
  },
  "internship": false,
  "adv_response_url": null,
  "is_adv_vacancy": false,
  "adv_context": null
}