{
  "id": "128376142",
  "premium": false,
  "name": "BIM-менеджер",
  "department": null,
  "has_test": false,
  "response_letter_required": false,
  "area": {
    "id": "1",
    "name": "Москва",
    "url": "https://api.hh.ru/areas/1"
  },
  "salary": null,
  "salary_range": null,
  "type": {
    "id": "open",
    "name": "Открытая"
  },
  "address": null,
  "response_url": null,
  "sort_point_distance": null,
  "published_at": "2025-12-03T15:54:05+06:00",
  "created_at": "2025-12-03T15:54:05+06:00",
  "archived": false,
  "apply_alternate_url": "https://hh.ru/applicant/vacancy_response?vacancyId=128376142",
  "show_logo_in_search": null,
  "show_contacts": true,
  "insider_interview": null,
  "url": "https://api.hh.ru/vacancies/128376142?host=hh.ru",
  "alternate_url": "https://hh.ru/vacancy/128376142",
  "relations": [],
  "employer": {
    "id": "3166444",
    "name": "Бюро комплексного проектирования Атлант",
    "url": "https://api.hh.ru/employers/3166444",
    "alternate_url": "https://hh.ru/employer/3166444",
    "logo_urls": {
      "original": "https://img.hhcdn.ru/employer-logo-original-round/2380315.png",
      "90": "https://img.hhcdn.ru/employer-logo-round/2380316.png",
      "240": "https://img.hhcdn.ru/employer-logo-round/2380317.png"
    },
    "vacancies_url": "https://api.hh.ru/vacancies?employer_id=3166444",
    "country_id": 1,
    "accredited_it_employer": false,
    "trusted": true
  },
  "snippet": {
    "requirement": "Навыки программирования/скриптинга (Dynamo, Python, <highlighttext>C#</highlighttext>) приветствуются. Опыт составления BIM-документации (BEP, EIR, LOD-матриц) и проведения аудита моделей. ",
    "responsibility": "Ключевая цель. Обеспечить внедрение и поддержание технологий информационного моделирования (BIM/ТИМ) во всех проектах бюро: от разработки стандартов и шаблонов..."
  },
  "contacts": null,
  "schedule": {
    "id": "remote",
    "name": "Удаленная работа"
  },
  "working_days": [],
  "working_time_intervals": [],
  "working_time_modes": [],
  "accept_temporary": false,
  "fly_in_fly_out_duration": [],
  "work_format": [
    {
      "id": "REMOTE",
      "name": "Удалённо"
    }
  ],
  "working_hours": [
    {
      "id": "HOURS_8",
      "name": "8 часов"
    }
  ],
  "work_schedule_by_days": [
    {
      "id": "FIVE_ON_TWO_OFF",
      "name": "5/2"
    }
  ],
  "night_shifts": false,
  "professional_roles": [
    {
      "id": "14",
      "name": "Архитектор"
    }
  ],
  "accept_incomplete_resumes": false,
  "experience": {
    "id": "between3And6",
    "name": "От 3 до 6 лет"
  },
  "employment": {
    "id": "full",
    "name": "Полная занятость"
  },
  "employment_form": {
    "id": "FULL",
    "name": "Полная"
  },
  "internship": false,
  "adv_response_url": null,
  "is_adv_vacancy": false,
  "adv_context": null
}