{
  "id": "128327013",
  "premium": false,
  "name": "Unity Technical Artist",
  "department": null,
  "has_test": false,
  "response_letter_required": false,
  "area": {
    "id": "1",
    "name": "Москва",
    "url": "https://api.hh.ru/areas/1"
  },
  "salary": null,
  "salary_range": null,
  "type": {
    "id": "open",
    "name": "Открытая"
  },
  "address": null,
  "response_url": null,
  "sort_point_distance": null,
  "published_at": "2025-12-23T19:03:25+06:00",
  "created_at": "2025-12-23T19:03:25+06:00",
  "archived": false,
  "apply_alternate_url": "https://hh.ru/applicant/vacancy_response?vacancyId=128327013",
  "show_contacts": false,
  "insider_interview": null,
  "url": "https://api.hh.ru/vacancies/128327013?host=hh.ru",
  "alternate_url": "https://hh.ru/vacancy/128327013",
  "relations": [],
  "employer": {
    "id": "10650841",
    "name": "Boomerang Media",
    "url": "https://api.hh.ru/employers/10650841",
    "alternate_url": "https://hh.ru/employer/10650841",
    "logo_urls": null,
    "vacancies_url": "https://api.hh.ru/vacancies?employer_id=10650841",
    "country_id": 3,
    "accredited_it_employer": false,
    "trusted": true
  },
  "snippet": {
    "requirement": "Experience with physics and physical animations in Unity. Basic knowledge of <highlighttext>C#</highlighttext> (reading and minimal script editing). Optimization of UI...",
    "responsibility": "Creating and configuring UI in Unity for mobile platforms (Canvas, HUD, menus, pop-ups, transitions). Animating interfaces and game objects. "
  },
  "contacts": null,
  "schedule": {
    "id": "remote",
    "name": "Удаленная работа"
  },
  "working_days": [],
  "working_time_intervals": [],
  "working_time_modes": [],
  "accept_temporary": false,
  "fly_in_fly_out_duration": [],
  "work_format": [
    {
      "id": "REMOTE",
      "name": "Удалённо"
    }
  ],
  "working_hours": [
    {
      "id": "HOURS_7",
      "name": "7 часов"
    }
  ],
  "work_schedule_by_days": [
    {
      "id": "FIVE_ON_TWO_OFF",
      "name": "5/2"
    }
  ],
  "night_shifts": false,
  "professional_roles": [
    {
      "id": "25",
      "name": "Гейм-дизайнер"
    }
  ],
  "accept_incomplete_resumes": false,
  "experience": {
    "id": "between3And6",
    "name": "От 3 до 6 лет"
  },
  "employment": {
    "id": "full",
    "name": "Полная занятость"
  },
  "employment_form": {
    "id": "FULL",
    "name": "Полная"
  },
  "internship": false,
  "adv_response_url": null,
  "is_adv_vacancy": false,
  "adv_context": null
}