{
  "id": "128311088",
  "premium": false,
  "name": "Unity разработчик",
  "department": null,
  "has_test": false,
  "response_letter_required": false,
  "area": {
    "id": "1",
    "name": "Москва",
    "url": "https://api.hh.ru/areas/1"
  },
  "salary": null,
  "salary_range": null,
  "type": {
    "id": "open",
    "name": "Открытая"
  },
  "address": {
    "city": "Москва",
    "street": "Пресненская набережная",
    "building": "6с2",
    "lat": 55.748179,
    "lng": 37.540245,
    "description": null,
    "raw": "Москва, Пресненская набережная, 6с2",
    "metro": {
      "station_name": "Деловой центр",
      "line_name": "Большая кольцевая линия",
      "station_id": "97.603",
      "line_id": "97",
      "lat": 55.7491,
      "lng": 37.5395
    },
    "metro_stations": [
      {
        "station_name": "Деловой центр",
        "line_name": "Большая кольцевая линия",
        "station_id": "97.603",
        "line_id": "97",
        "lat": 55.7491,
        "lng": 37.5395
      },
      {
        "station_name": "Деловой центр",
        "line_name": "Солнцевская",
        "station_id": "133.468",
        "line_id": "133",
        "lat": 55.7491,
        "lng": 37.5395
      },
      {
        "station_name": "Деловой центр (Выставочная)",
        "line_name": "Филевская",
        "station_id": "4.172",
        "line_id": "4",
        "lat": 55.750243,
        "lng": 37.542641
      },
      {
        "station_name": "Москва-Сити",
        "line_name": "Филевская",
        "station_id": "4.179",
        "line_id": "4",
        "lat": 55.748056,
        "lng": 37.532778
      }
    ],
    "id": "18511976"
  },
  "response_url": null,
  "sort_point_distance": null,
  "published_at": "2025-12-02T14:56:38+06:00",
  "created_at": "2025-12-02T14:56:38+06:00",
  "archived": false,
  "apply_alternate_url": "https://hh.ru/applicant/vacancy_response?vacancyId=128311088",
  "branding": {
    "type": "MAKEUP",
    "tariff": null
  },
  "show_logo_in_search": true,
  "show_contacts": false,
  "insider_interview": null,
  "url": "https://api.hh.ru/vacancies/128311088?host=hh.ru",
  "alternate_url": "https://hh.ru/vacancy/128311088",
  "relations": [],
  "employer": {
    "id": "3565331",
    "name": "S8 Capital",
    "url": "https://api.hh.ru/employers/3565331",
    "alternate_url": "https://hh.ru/employer/3565331",
    "logo_urls": {
      "original": "https://img.hhcdn.ru/employer-logo-original-round/5685127.jpeg",
      "90": "https://img.hhcdn.ru/employer-logo-round/5685128.jpeg",
      "240": "https://img.hhcdn.ru/employer-logo-round/5685129.jpeg"
    },
    "vacancies_url": "https://api.hh.ru/vacancies?employer_id=3565331",
    "country_id": 1,
    "accredited_it_employer": false,
    "trusted": true
  },
  "snippet": {
    "requirement": "Глубокое понимание Entity-Component-System (опыт с ECS-фреймворками Entitas, LeoEcs, Morpeh или аналогами). Обширные знания <highlighttext>C#</highlighttext>, <highlighttext>.NET</highlighttext>, паттернов проектирования. ",
    "responsibility": "Проектирование и реализация игровых систем на Unity с использованием ECS-архитектуры. Участие в планировании и оценке сроков выполнения задач. "
  },
  "contacts": null,
  "schedule": {
    "id": "fullDay",
    "name": "Полный день"
  },
  "working_days": [],
  "working_time_intervals": [],
  "working_time_modes": [],
  "accept_temporary": false,
  "fly_in_fly_out_duration": [],
  "work_format": [
    {
      "id": "ON_SITE",
      "name": "На месте работодателя"
    }
  ],
  "working_hours": [
    {
      "id": "HOURS_8",
      "name": "8 часов"
    }
  ],
  "work_schedule_by_days": [
    {
      "id": "FIVE_ON_TWO_OFF",
      "name": "5/2"
    }
  ],
  "night_shifts": false,
  "professional_roles": [
    {
      "id": "96",
      "name": "Программист, разработчик"
    }
  ],
  "accept_incomplete_resumes": false,
  "experience": {
    "id": "between3And6",
    "name": "От 3 до 6 лет"
  },
  "employment": {
    "id": "full",
    "name": "Полная занятость"
  },
  "employment_form": {
    "id": "FULL",
    "name": "Полная"
  },
  "internship": false,
  "adv_response_url": null,
  "is_adv_vacancy": false,
  "adv_context": null
}