{
  "id": "128312058",
  "premium": false,
  "name": "Fullstack-разработчик (TypeScript + .NET 8)",
  "department": null,
  "has_test": false,
  "response_letter_required": false,
  "area": {
    "id": "3",
    "name": "Екатеринбург",
    "url": "https://api.hh.ru/areas/3"
  },
  "salary": null,
  "salary_range": null,
  "type": {
    "id": "open",
    "name": "Открытая"
  },
  "address": {
    "city": "Екатеринбург",
    "street": "улица Шейнкмана",
    "building": "10",
    "lat": 56.839257,
    "lng": 60.58356,
    "description": null,
    "raw": "Екатеринбург, улица Шейнкмана, 10",
    "metro": {
      "station_name": "Геологическая",
      "line_name": "Север-Юг",
      "station_id": "48.267",
      "line_id": "48",
      "lat": 56.826715,
      "lng": 60.603754
    },
    "metro_stations": [
      {
        "station_name": "Геологическая",
        "line_name": "Север-Юг",
        "station_id": "48.267",
        "line_id": "48",
        "lat": 56.826715,
        "lng": 60.603754
      },
      {
        "station_name": "Динамо",
        "line_name": "Север-Юг",
        "station_id": "48.265",
        "line_id": "48",
        "lat": 56.847818,
        "lng": 60.599406
      },
      {
        "station_name": "Площадь 1905 года",
        "line_name": "Север-Юг",
        "station_id": "48.266",
        "line_id": "48",
        "lat": 56.837982,
        "lng": 60.59734
      }
    ],
    "id": "20065146"
  },
  "response_url": null,
  "sort_point_distance": null,
  "published_at": "2025-12-02T15:09:37+06:00",
  "created_at": "2025-12-02T15:09:37+06:00",
  "archived": false,
  "apply_alternate_url": "https://hh.ru/applicant/vacancy_response?vacancyId=128312058",
  "show_logo_in_search": null,
  "show_contacts": true,
  "insider_interview": null,
  "url": "https://api.hh.ru/vacancies/128312058?host=hh.ru",
  "alternate_url": "https://hh.ru/vacancy/128312058",
  "relations": [],
  "employer": {
    "id": "1028321",
    "name": "Институт проектирования, архитектуры и дизайна (ИНПАД)",
    "url": "https://api.hh.ru/employers/1028321",
    "alternate_url": "https://hh.ru/employer/1028321",
    "logo_urls": {
      "original": "https://img.hhcdn.ru/employer-logo-original/1409111.png",
      "90": "https://img.hhcdn.ru/employer-logo/7256104.png",
      "240": "https://img.hhcdn.ru/employer-logo/7256105.png"
    },
    "vacancies_url": "https://api.hh.ru/vacancies?employer_id=1028321",
    "country_id": 1,
    "accredited_it_employer": false,
    "trusted": true
  },
  "snippet": {
    "requirement": "Умение работать с HTTP-запросами. HTML/CSS, TailwindCSS. <highlighttext>.NET</highlighttext> 8+. ASP.NET Core WebAPI. EF Core. Умение работать с микросервисной...",
    "responsibility": "Интеграция с REST API, проектирование и реализация API-контрактов. Разработка server-side логики на <highlighttext>.NET</highlighttext> 8 / ASP.NET Core WebAPI. "
  },
  "contacts": null,
  "schedule": {
    "id": "remote",
    "name": "Удаленная работа"
  },
  "working_days": [],
  "working_time_intervals": [],
  "working_time_modes": [],
  "accept_temporary": false,
  "fly_in_fly_out_duration": [],
  "work_format": [
    {
      "id": "ON_SITE",
      "name": "На месте работодателя"
    },
    {
      "id": "REMOTE",
      "name": "Удалённо"
    },
    {
      "id": "HYBRID",
      "name": "Гибрид"
    }
  ],
  "working_hours": [
    {
      "id": "HOURS_8",
      "name": "8 часов"
    }
  ],
  "work_schedule_by_days": [
    {
      "id": "FIVE_ON_TWO_OFF",
      "name": "5/2"
    }
  ],
  "night_shifts": false,
  "professional_roles": [
    {
      "id": "96",
      "name": "Программист, разработчик"
    }
  ],
  "accept_incomplete_resumes": true,
  "experience": {
    "id": "moreThan6",
    "name": "Более 6 лет"
  },
  "employment": {
    "id": "full",
    "name": "Полная занятость"
  },
  "employment_form": {
    "id": "FULL",
    "name": "Полная"
  },
  "internship": false,
  "adv_response_url": null,
  "is_adv_vacancy": false,
  "adv_context": null
}