{
  "id": "128343858",
  "premium": false,
  "name": "Программист-разработчик баз данных",
  "department": null,
  "has_test": false,
  "response_letter_required": false,
  "area": {
    "id": "2085",
    "name": "Долгопрудный (Московская область)",
    "url": "https://api.hh.ru/areas/2085"
  },
  "salary": {
    "from": 90000,
    "to": 150000,
    "currency": "RUR",
    "gross": false
  },
  "salary_range": {
    "from": 90000,
    "to": 150000,
    "currency": "RUR",
    "gross": false,
    "mode": {
      "id": "MONTH",
      "name": "За месяц"
    },
    "frequency": {
      "id": "MONTHLY",
      "name": "Раз в месяц"
    }
  },
  "type": {
    "id": "open",
    "name": "Открытая"
  },
  "address": {
    "city": "Долгопрудный",
    "street": "Лихачёвский проезд",
    "building": "4с1",
    "lat": 55.922383,
    "lng": 37.514275,
    "description": null,
    "raw": "Долгопрудный, Лихачёвский проезд, 4с1",
    "metro": null,
    "metro_stations": [],
    "id": "824638"
  },
  "response_url": null,
  "sort_point_distance": null,
  "published_at": "2025-12-03T01:27:07+06:00",
  "created_at": "2025-12-03T01:27:07+06:00",
  "archived": false,
  "apply_alternate_url": "https://hh.ru/applicant/vacancy_response?vacancyId=128343858",
  "show_logo_in_search": null,
  "show_contacts": false,
  "insider_interview": null,
  "url": "https://api.hh.ru/vacancies/128343858?host=hh.ru",
  "alternate_url": "https://hh.ru/vacancy/128343858",
  "relations": [],
  "employer": {
    "id": "1169698",
    "name": "ФИЗИКОН",
    "url": "https://api.hh.ru/employers/1169698",
    "alternate_url": "https://hh.ru/employer/1169698",
    "logo_urls": {
      "original": "https://img.hhcdn.ru/employer-logo-original-round/6365164.png",
      "90": "https://img.hhcdn.ru/employer-logo-round/6365166.png",
      "240": "https://img.hhcdn.ru/employer-logo-round/6365167.png"
    },
    "vacancies_url": "https://api.hh.ru/vacancies?employer_id=1169698",
    "country_id": 1,
    "accredited_it_employer": true,
    "trusted": true
  },
  "snippet": {
    "requirement": "Понимание принципов построения аналитических хранилищ данных. Умение и готовность разбираться в чужом коде. Приветствуется: Знакомство с PostgreSQL, Clickhouse, <highlighttext>.NET</highlighttext>.",
    "responsibility": "Разработка и проектирование баз данных, разработка и оптимизация хранимых процедур. Тестирование и выпуск обновлений. Анализ возникающих инцидентов в работе ПО."
  },
  "contacts": null,
  "schedule": {
    "id": "remote",
    "name": "Удаленная работа"
  },
  "working_days": [],
  "working_time_intervals": [],
  "working_time_modes": [],
  "accept_temporary": true,
  "fly_in_fly_out_duration": [],
  "work_format": [
    {
      "id": "REMOTE",
      "name": "Удалённо"
    }
  ],
  "working_hours": [
    {
      "id": "HOURS_8",
      "name": "8 часов"
    }
  ],
  "work_schedule_by_days": [
    {
      "id": "FIVE_ON_TWO_OFF",
      "name": "5/2"
    }
  ],
  "night_shifts": false,
  "professional_roles": [
    {
      "id": "96",
      "name": "Программист, разработчик"
    }
  ],
  "accept_incomplete_resumes": false,
  "experience": {
    "id": "moreThan6",
    "name": "Более 6 лет"
  },
  "employment": {
    "id": "full",
    "name": "Полная занятость"
  },
  "employment_form": {
    "id": "FULL",
    "name": "Полная"
  },
  "internship": false,
  "adv_response_url": null,
  "is_adv_vacancy": false,
  "adv_context": null
}