{
  "id": "128395464",
  "premium": false,
  "name": "BIM-администратор",
  "department": null,
  "has_test": false,
  "response_letter_required": false,
  "area": {
    "id": "2265",
    "name": "Полоцк",
    "url": "https://api.hh.ru/areas/2265"
  },
  "salary": null,
  "salary_range": null,
  "type": {
    "id": "open",
    "name": "Открытая"
  },
  "address": {
    "city": "Полоцк",
    "street": "Стрелецкая улица",
    "building": "5",
    "lat": 55.485826,
    "lng": 28.761666,
    "description": null,
    "raw": "Полоцк, Стрелецкая улица, 5",
    "metro": null,
    "metro_stations": [],
    "id": "19272570"
  },
  "response_url": null,
  "sort_point_distance": null,
  "published_at": "2025-12-03T21:06:48+06:00",
  "created_at": "2025-12-03T21:06:48+06:00",
  "archived": false,
  "apply_alternate_url": "https://hh.ru/applicant/vacancy_response?vacancyId=128395464",
  "show_logo_in_search": null,
  "show_contacts": true,
  "insider_interview": null,
  "url": "https://api.hh.ru/vacancies/128395464?host=hh.ru",
  "alternate_url": "https://hh.ru/vacancy/128395464",
  "relations": [],
  "employer": {
    "id": "11480503",
    "name": "Резолюкс",
    "url": "https://api.hh.ru/employers/11480503",
    "alternate_url": "https://hh.ru/employer/11480503",
    "logo_urls": {
      "original": "https://img.hhcdn.ru/employer-logo-original-round/6976809.png",
      "90": "https://img.hhcdn.ru/employer-logo-round/6976810.png",
      "240": "https://img.hhcdn.ru/employer-logo-round/6976811.png"
    },
    "vacancies_url": "https://api.hh.ru/vacancies?employer_id=11480503",
    "country_id": 4,
    "accredited_it_employer": false,
    "trusted": true
  },
  "snippet": {
    "requirement": "Выпускники технической/IT-специальности (программная инженерия, компьютерная инженерия, вычислительные системы и сети и др.). Знание <highlighttext>C#</highlighttext>, понимание принципов объектно-ориентированного...",
    "responsibility": "Установка и обновление на рабочих местах. Настройка структуры папок (firm / project / model). Подключение и сопровождение общих библиотек компании (шаблоны, отчёты..."
  },
  "contacts": null,
  "schedule": {
    "id": "fullDay",
    "name": "Полный день"
  },
  "working_days": [],
  "working_time_intervals": [],
  "working_time_modes": [],
  "accept_temporary": false,
  "fly_in_fly_out_duration": [],
  "work_format": [
    {
      "id": "ON_SITE",
      "name": "На месте работодателя"
    },
    {
      "id": "HYBRID",
      "name": "Гибрид"
    }
  ],
  "working_hours": [
    {
      "id": "HOURS_8",
      "name": "8 часов"
    }
  ],
  "work_schedule_by_days": [
    {
      "id": "FIVE_ON_TWO_OFF",
      "name": "5/2"
    }
  ],
  "night_shifts": false,
  "professional_roles": [
    {
      "id": "40",
      "name": "Другое"
    }
  ],
  "accept_incomplete_resumes": true,
  "experience": {
    "id": "noExperience",
    "name": "Нет опыта"
  },
  "employment": {
    "id": "part",
    "name": "Частичная занятость"
  },
  "employment_form": {
    "id": "PART",
    "name": "Частичная"
  },
  "internship": true,
  "adv_response_url": null,
  "is_adv_vacancy": false,
  "adv_context": null
}