{
  "id": "128344232",
  "premium": false,
  "name": "Senior Unity 3D Web Game Developer (HTML5)",
  "department": null,
  "has_test": false,
  "response_letter_required": false,
  "area": {
    "id": "1003",
    "name": "Гомель",
    "url": "https://api.hh.ru/areas/1003"
  },
  "salary": null,
  "salary_range": null,
  "type": {
    "id": "open",
    "name": "Открытая"
  },
  "address": {
    "city": "Минск",
    "street": "4-й переулок Кольцова",
    "building": "51",
    "lat": 53.953153,
    "lng": 27.600306,
    "description": null,
    "raw": "Минск, 4-й переулок Кольцова, 51",
    "metro": null,
    "metro_stations": [],
    "id": "1528660"
  },
  "response_url": null,
  "sort_point_distance": null,
  "published_at": "2025-12-03T01:45:31+06:00",
  "created_at": "2025-12-03T01:45:31+06:00",
  "archived": false,
  "apply_alternate_url": "https://hh.ru/applicant/vacancy_response?vacancyId=128344232",
  "show_logo_in_search": null,
  "show_contacts": true,
  "insider_interview": null,
  "url": "https://api.hh.ru/vacancies/128344232?host=hh.ru",
  "alternate_url": "https://hh.ru/vacancy/128344232",
  "relations": [],
  "employer": {
    "id": "1651593",
    "name": "Октопус Геймс",
    "url": "https://api.hh.ru/employers/1651593",
    "alternate_url": "https://hh.ru/employer/1651593",
    "logo_urls": {
      "original": "https://img.hhcdn.ru/employer-logo-original-round/1936149.png",
      "90": "https://img.hhcdn.ru/employer-logo-round/1936150.png",
      "240": "https://img.hhcdn.ru/employer-logo-round/1936151.png"
    },
    "vacancies_url": "https://api.hh.ru/vacancies?employer_id=1651593",
    "country_id": 4,
    "accredited_it_employer": false,
    "trusted": true
  },
  "snippet": {
    "requirement": "Уверенное владение <highlighttext>С#</highlighttext> или JavaScript (от 3-х лет). Опыт работы с движком Unity3D (3-5 лет). ",
    "responsibility": "Разработка и поддержка игровых продуктов для iOS и Android. Работа с оптимизацией игр для мобильных платформ. Ведение проектной документации."
  },
  "contacts": null,
  "schedule": {
    "id": "remote",
    "name": "Удаленная работа"
  },
  "working_days": [],
  "working_time_intervals": [],
  "working_time_modes": [],
  "accept_temporary": false,
  "fly_in_fly_out_duration": [],
  "work_format": [
    {
      "id": "REMOTE",
      "name": "Удалённо"
    }
  ],
  "working_hours": [
    {
      "id": "HOURS_8",
      "name": "8 часов"
    }
  ],
  "work_schedule_by_days": [
    {
      "id": "FIVE_ON_TWO_OFF",
      "name": "5/2"
    }
  ],
  "night_shifts": false,
  "professional_roles": [
    {
      "id": "96",
      "name": "Программист, разработчик"
    }
  ],
  "accept_incomplete_resumes": false,
  "experience": {
    "id": "between3And6",
    "name": "От 3 до 6 лет"
  },
  "employment": {
    "id": "full",
    "name": "Полная занятость"
  },
  "employment_form": {
    "id": "FULL",
    "name": "Полная"
  },
  "internship": false,
  "adv_response_url": null,
  "is_adv_vacancy": false,
  "adv_context": null
}