{
  "id": "128395216",
  "premium": false,
  "name": "Инженер-программист",
  "department": null,
  "has_test": false,
  "response_letter_required": false,
  "area": {
    "id": "2786",
    "name": "Джизак",
    "url": "https://api.hh.ru/areas/2786"
  },
  "salary": null,
  "salary_range": null,
  "type": {
    "id": "open",
    "name": "Открытая"
  },
  "address": {
    "city": "Джизак",
    "street": null,
    "building": null,
    "lat": 40.120302,
    "lng": 67.828544,
    "description": null,
    "raw": "Джизак",
    "metro": null,
    "metro_stations": [],
    "id": "16931545"
  },
  "response_url": null,
  "sort_point_distance": null,
  "published_at": "2025-12-03T21:01:45+06:00",
  "created_at": "2025-12-03T21:01:45+06:00",
  "archived": false,
  "apply_alternate_url": "https://hh.ru/applicant/vacancy_response?vacancyId=128395216",
  "show_logo_in_search": null,
  "show_contacts": false,
  "insider_interview": null,
  "url": "https://api.hh.ru/vacancies/128395216?host=hh.ru",
  "alternate_url": "https://hh.ru/vacancy/128395216",
  "relations": [],
  "employer": {
    "id": "9680420",
    "name": "BYD UZBEKISTAN FACTORY",
    "url": "https://api.hh.ru/employers/9680420",
    "alternate_url": "https://hh.ru/employer/9680420",
    "logo_urls": {
      "original": "https://img.hhcdn.ru/employer-logo-original-round/5929300.jpeg",
      "90": "https://img.hhcdn.ru/employer-logo-round/5929301.jpeg",
      "240": "https://img.hhcdn.ru/employer-logo-round/5929302.jpeg"
    },
    "vacancies_url": "https://api.hh.ru/vacancies?employer_id=9680420",
    "country_id": 6,
    "accredited_it_employer": false,
    "trusted": true
  },
  "snippet": {
    "requirement": "1–3 года опыта full stack-разработки с использованием <highlighttext>.NET</highlighttext> и Vue.js. Опыт разработки backend-приложений на <highlighttext>.NET</highlighttext> (<highlighttext>C#</highlighttext>). ",
    "responsibility": "Разработка, оптимизация и поддержка backend-сервисов на базе <highlighttext>.NET</highlighttext>. Эффективная работа с MS SQL и MongoDB, администрирование баз данных. "
  },
  "contacts": null,
  "schedule": {
    "id": "fullDay",
    "name": "Полный день"
  },
  "working_days": [],
  "working_time_intervals": [],
  "working_time_modes": [],
  "accept_temporary": false,
  "fly_in_fly_out_duration": [],
  "work_format": [
    {
      "id": "ON_SITE",
      "name": "На месте работодателя"
    }
  ],
  "working_hours": [
    {
      "id": "HOURS_8",
      "name": "8 часов"
    }
  ],
  "work_schedule_by_days": [
    {
      "id": "FIVE_ON_TWO_OFF",
      "name": "5/2"
    }
  ],
  "night_shifts": false,
  "professional_roles": [
    {
      "id": "96",
      "name": "Программист, разработчик"
    }
  ],
  "accept_incomplete_resumes": false,
  "experience": {
    "id": "between1And3",
    "name": "От 1 года до 3 лет"
  },
  "employment": {
    "id": "full",
    "name": "Полная занятость"
  },
  "employment_form": {
    "id": "FULL",
    "name": "Полная"
  },
  "internship": false,
  "adv_response_url": null,
  "is_adv_vacancy": false,
  "adv_context": null
}