{
  "id": "128353158",
  "premium": false,
  "name": "Backend разработчик",
  "department": null,
  "has_test": false,
  "response_letter_required": false,
  "area": {
    "id": "160",
    "name": "Алматы",
    "url": "https://api.hh.ru/areas/160"
  },
  "salary": {
    "from": 400000,
    "to": 500000,
    "currency": "KZT",
    "gross": false
  },
  "salary_range": {
    "from": 400000,
    "to": 500000,
    "currency": "KZT",
    "gross": false,
    "mode": {
      "id": "MONTH",
      "name": "За месяц"
    },
    "frequency": {
      "id": "MONTHLY",
      "name": "Раз в месяц"
    }
  },
  "type": {
    "id": "open",
    "name": "Открытая"
  },
  "address": {
    "city": "Алматы",
    "street": "проспект Аль-Фараби",
    "building": "101",
    "lat": 43.208014,
    "lng": 76.912695,
    "description": null,
    "raw": "Алматы, проспект Аль-Фараби, 101",
    "metro": null,
    "metro_stations": [],
    "id": "16148362"
  },
  "response_url": null,
  "sort_point_distance": null,
  "published_at": "2025-12-03T09:34:32+06:00",
  "created_at": "2025-12-03T09:34:32+06:00",
  "archived": false,
  "apply_alternate_url": "https://hh.ru/applicant/vacancy_response?vacancyId=128353158",
  "show_contacts": true,
  "insider_interview": null,
  "url": "https://api.hh.ru/vacancies/128353158?host=hh.ru",
  "alternate_url": "https://hh.ru/vacancy/128353158",
  "relations": [],
  "employer": {
    "id": "10236678",
    "name": "kense.app",
    "url": "https://api.hh.ru/employers/10236678",
    "alternate_url": "https://hh.ru/employer/10236678",
    "logo_urls": null,
    "vacancies_url": "https://api.hh.ru/vacancies?employer_id=10236678",
    "country_id": 3,
    "accredited_it_employer": false,
    "trusted": true
  },
  "snippet": {
    "requirement": "<highlighttext>C#</highlighttext>, <highlighttext>.NET</highlighttext> Core (6/7/8), ASP.NET Core Web API. Опыт работы с асинхронностью (async/await, Task, CancellationToken). ",
    "responsibility": "Разрабатывать и поддерживать REST API на ASP.NET Core (<highlighttext>.NET</highlighttext> 6/7/8). Проектировать и оптимизировать работу с данными (PostgreSQL, Entity..."
  },
  "contacts": null,
  "schedule": {
    "id": "fullDay",
    "name": "Полный день"
  },
  "working_days": [],
  "working_time_intervals": [],
  "working_time_modes": [],
  "accept_temporary": false,
  "fly_in_fly_out_duration": [],
  "work_format": [
    {
      "id": "ON_SITE",
      "name": "На месте работодателя"
    }
  ],
  "working_hours": [
    {
      "id": "HOURS_8",
      "name": "8 часов"
    }
  ],
  "work_schedule_by_days": [
    {
      "id": "FIVE_ON_TWO_OFF",
      "name": "5/2"
    }
  ],
  "night_shifts": false,
  "professional_roles": [
    {
      "id": "96",
      "name": "Программист, разработчик"
    }
  ],
  "accept_incomplete_resumes": false,
  "experience": {
    "id": "between3And6",
    "name": "От 3 до 6 лет"
  },
  "employment": {
    "id": "full",
    "name": "Полная занятость"
  },
  "employment_form": {
    "id": "FULL",
    "name": "Полная"
  },
  "internship": false,
  "adv_response_url": null,
  "is_adv_vacancy": false,
  "adv_context": null
}