{
  "id": "128373894",
  "premium": false,
  "name": "Middle Developer .NET",
  "department": null,
  "has_test": false,
  "response_letter_required": false,
  "area": {
    "id": "2759",
    "name": "Ташкент",
    "url": "https://api.hh.ru/areas/2759"
  },
  "salary": {
    "from": 1500,
    "to": 2000,
    "currency": "USD",
    "gross": false
  },
  "salary_range": {
    "from": 1500,
    "to": 2000,
    "currency": "USD",
    "gross": false,
    "mode": {
      "id": "MONTH",
      "name": "За месяц"
    },
    "frequency": {
      "id": "TWICE_PER_MONTH",
      "name": "Два раза в месяц"
    }
  },
  "type": {
    "id": "open",
    "name": "Открытая"
  },
  "address": null,
  "response_url": null,
  "sort_point_distance": null,
  "published_at": "2025-12-03T15:20:01+06:00",
  "created_at": "2025-12-03T15:20:01+06:00",
  "archived": false,
  "apply_alternate_url": "https://hh.ru/applicant/vacancy_response?vacancyId=128373894",
  "show_logo_in_search": null,
  "show_contacts": true,
  "insider_interview": null,
  "url": "https://api.hh.ru/vacancies/128373894?host=hh.ru",
  "alternate_url": "https://hh.ru/vacancy/128373894",
  "relations": [],
  "employer": {
    "id": "1898463",
    "name": "Sharifa Com",
    "url": "https://api.hh.ru/employers/1898463",
    "alternate_url": "https://hh.ru/employer/1898463",
    "logo_urls": {
      "original": "https://img.hhcdn.ru/employer-logo-original-round/6583972.png",
      "90": "https://img.hhcdn.ru/employer-logo-round/6583973.png",
      "240": "https://img.hhcdn.ru/employer-logo-round/6583974.png"
    },
    "vacancies_url": "https://api.hh.ru/vacancies?employer_id=1898463",
    "country_id": 6,
    "accredited_it_employer": false,
    "trusted": true
  },
  "snippet": {
    "requirement": "Опыт работы с технологиями <highlighttext>.NET</highlighttext> Framework, ASP.NET, MS SQL, <highlighttext>.NET</highlighttext> Classic+CORE, MVC. Знание паттернов проектирования. Опыт работы от 3х...",
    "responsibility": "Выполнение задач по улучшению и исправлению готового функционала крупной системы. Разработка нового функционала и новых модулей системы."
  },
  "contacts": null,
  "schedule": {
    "id": "fullDay",
    "name": "Полный день"
  },
  "working_days": [],
  "working_time_intervals": [],
  "working_time_modes": [],
  "accept_temporary": false,
  "fly_in_fly_out_duration": [],
  "work_format": [
    {
      "id": "HYBRID",
      "name": "Гибрид"
    }
  ],
  "working_hours": [
    {
      "id": "HOURS_8",
      "name": "8 часов"
    }
  ],
  "work_schedule_by_days": [
    {
      "id": "FIVE_ON_TWO_OFF",
      "name": "5/2"
    },
    {
      "id": "FLEXIBLE",
      "name": "Свободный"
    }
  ],
  "night_shifts": false,
  "professional_roles": [
    {
      "id": "96",
      "name": "Программист, разработчик"
    }
  ],
  "accept_incomplete_resumes": false,
  "experience": {
    "id": "between3And6",
    "name": "От 3 до 6 лет"
  },
  "employment": {
    "id": "full",
    "name": "Полная занятость"
  },
  "employment_form": {
    "id": "FULL",
    "name": "Полная"
  },
  "internship": false,
  "adv_response_url": null,
  "is_adv_vacancy": false,
  "adv_context": null
}