{
  "id": "128387304",
  "premium": false,
  "name": "C# developer",
  "department": null,
  "has_test": false,
  "response_letter_required": false,
  "area": {
    "id": "2759",
    "name": "Ташкент",
    "url": "https://api.hh.ru/areas/2759"
  },
  "salary": {
    "from": 800,
    "to": null,
    "currency": "USD",
    "gross": false
  },
  "salary_range": {
    "from": 800,
    "to": null,
    "currency": "USD",
    "gross": false,
    "mode": {
      "id": "MONTH",
      "name": "За месяц"
    },
    "frequency": {
      "id": "TWICE_PER_MONTH",
      "name": "Два раза в месяц"
    }
  },
  "type": {
    "id": "open",
    "name": "Открытая"
  },
  "address": {
    "city": "Ташкент",
    "street": "улица Афросиаб",
    "building": "14",
    "lat": 41.299425,
    "lng": 69.271867,
    "description": null,
    "raw": "Ташкент, улица Афросиаб, 14",
    "metro": null,
    "metro_stations": [],
    "id": "5498304"
  },
  "response_url": null,
  "sort_point_distance": null,
  "published_at": "2025-12-03T18:45:23+06:00",
  "created_at": "2025-12-03T18:45:23+06:00",
  "archived": false,
  "apply_alternate_url": "https://hh.ru/applicant/vacancy_response?vacancyId=128387304",
  "show_logo_in_search": null,
  "show_contacts": true,
  "insider_interview": null,
  "url": "https://api.hh.ru/vacancies/128387304?host=hh.ru",
  "alternate_url": "https://hh.ru/vacancy/128387304",
  "relations": [],
  "employer": {
    "id": "4513614",
    "name": "Synel Software Development",
    "url": "https://api.hh.ru/employers/4513614",
    "alternate_url": "https://hh.ru/employer/4513614",
    "logo_urls": {
      "original": "https://img.hhcdn.ru/employer-logo-original/1410995.png",
      "90": "https://img.hhcdn.ru/employer-logo/7263640.png",
      "240": "https://img.hhcdn.ru/employer-logo/7263641.png"
    },
    "vacancies_url": "https://api.hh.ru/vacancies?employer_id=4513614",
    "country_id": 6,
    "accredited_it_employer": false,
    "trusted": true
  },
  "snippet": {
    "requirement": "Good knowledge of <highlighttext>C#</highlighttext> including ASP.Net. Experience with JS. Technical and spoken English.",
    "responsibility": null
  },
  "contacts": null,
  "schedule": {
    "id": "fullDay",
    "name": "Полный день"
  },
  "working_days": [],
  "working_time_intervals": [],
  "working_time_modes": [],
  "accept_temporary": false,
  "fly_in_fly_out_duration": [],
  "work_format": [],
  "working_hours": [
    {
      "id": "HOURS_8",
      "name": "8 часов"
    }
  ],
  "work_schedule_by_days": [
    {
      "id": "FIVE_ON_TWO_OFF",
      "name": "5/2"
    }
  ],
  "night_shifts": false,
  "professional_roles": [
    {
      "id": "96",
      "name": "Программист, разработчик"
    }
  ],
  "accept_incomplete_resumes": false,
  "experience": {
    "id": "between1And3",
    "name": "От 1 года до 3 лет"
  },
  "employment": {
    "id": "full",
    "name": "Полная занятость"
  },
  "employment_form": {
    "id": "FULL",
    "name": "Полная"
  },
  "internship": false,
  "adv_response_url": null,
  "is_adv_vacancy": false,
  "adv_context": null
}