{
  "id": "128309016",
  "premium": false,
  "name": "ИТ-лидер",
  "department": null,
  "has_test": false,
  "response_letter_required": false,
  "area": {
    "id": "1",
    "name": "Москва",
    "url": "https://api.hh.ru/areas/1"
  },
  "salary": null,
  "salary_range": null,
  "type": {
    "id": "open",
    "name": "Открытая"
  },
  "address": null,
  "response_url": null,
  "sort_point_distance": null,
  "published_at": "2025-12-23T14:25:04+06:00",
  "created_at": "2025-12-23T14:25:04+06:00",
  "archived": false,
  "apply_alternate_url": "https://hh.ru/applicant/vacancy_response?vacancyId=128309016",
  "show_logo_in_search": null,
  "show_contacts": false,
  "insider_interview": null,
  "url": "https://api.hh.ru/vacancies/128309016?host=hh.ru",
  "alternate_url": "https://hh.ru/vacancy/128309016",
  "relations": [],
  "employer": {
    "id": "3809754",
    "name": "ВТБ Факторинг",
    "url": "https://api.hh.ru/employers/3809754",
    "alternate_url": "https://hh.ru/employer/3809754",
    "logo_urls": {
      "original": "https://img.hhcdn.ru/employer-logo-original-round/3390144.png",
      "90": "https://img.hhcdn.ru/employer-logo-round/3390145.png",
      "240": "https://img.hhcdn.ru/employer-logo-round/3390146.png"
    },
    "vacancies_url": "https://api.hh.ru/vacancies?employer_id=3809754",
    "country_id": 1,
    "accredited_it_employer": false,
    "trusted": true
  },
  "snippet": {
    "requirement": "Опыт разработки ПО (любой стек + желательно опыт с <highlighttext>C#</highlighttext>). Опыт работы с реляционными базами данных, уверенные знания SQL. ",
    "responsibility": "Собеседование новых сотрудников, менторство, поддержание позитивного и продуктивного морального духа в команде. Обеспечение работы команды (разноуровневые разработчики, аналитики, тестировщики, devops..."
  },
  "contacts": null,
  "schedule": {
    "id": "fullDay",
    "name": "Полный день"
  },
  "working_days": [],
  "working_time_intervals": [],
  "working_time_modes": [],
  "accept_temporary": false,
  "fly_in_fly_out_duration": [],
  "work_format": [
    {
      "id": "HYBRID",
      "name": "Гибрид"
    }
  ],
  "working_hours": [
    {
      "id": "HOURS_8",
      "name": "8 часов"
    }
  ],
  "work_schedule_by_days": [
    {
      "id": "FIVE_ON_TWO_OFF",
      "name": "5/2"
    }
  ],
  "night_shifts": false,
  "professional_roles": [
    {
      "id": "104",
      "name": "Руководитель группы разработки"
    }
  ],
  "accept_incomplete_resumes": false,
  "experience": {
    "id": "between3And6",
    "name": "От 3 до 6 лет"
  },
  "employment": {
    "id": "full",
    "name": "Полная занятость"
  },
  "employment_form": {
    "id": "FULL",
    "name": "Полная"
  },
  "internship": false,
  "adv_response_url": null,
  "is_adv_vacancy": false,
  "adv_context": null
}