{
  "id": "128300788",
  "premium": false,
  "name": "Руководитель проектов",
  "department": null,
  "has_test": false,
  "response_letter_required": false,
  "area": {
    "id": "1",
    "name": "Москва",
    "url": "https://api.hh.ru/areas/1"
  },
  "salary": null,
  "salary_range": null,
  "type": {
    "id": "open",
    "name": "Открытая"
  },
  "address": null,
  "response_url": null,
  "sort_point_distance": null,
  "published_at": "2025-12-23T12:31:49+06:00",
  "created_at": "2025-12-23T12:31:49+06:00",
  "archived": false,
  "apply_alternate_url": "https://hh.ru/applicant/vacancy_response?vacancyId=128300788",
  "show_logo_in_search": null,
  "show_contacts": false,
  "insider_interview": null,
  "url": "https://api.hh.ru/vacancies/128300788?host=hh.ru",
  "alternate_url": "https://hh.ru/vacancy/128300788",
  "relations": [],
  "employer": {
    "id": "1648576",
    "name": "ЕСМ Групп Про",
    "url": "https://api.hh.ru/employers/1648576",
    "alternate_url": "https://hh.ru/employer/1648576",
    "logo_urls": {
      "original": "https://img.hhcdn.ru/employer-logo-original-round/1487964.png",
      "90": "https://img.hhcdn.ru/employer-logo-round/1487966.png",
      "240": "https://img.hhcdn.ru/employer-logo-round/1487967.png"
    },
    "vacancies_url": "https://api.hh.ru/vacancies?employer_id=1648576",
    "country_id": 1,
    "accredited_it_employer": false,
    "trusted": true
  },
  "snippet": {
    "requirement": "Законченное высшее образование. Опыт в IT-сфере и понимание процессов разработки продукта. Знание MS Office: Excel, Word. Личные качества: внимательность...",
    "responsibility": "Осуществление комплексного управления проектами с целью получения результата в установленный срок. Общий анализ требований бизнес-заказчика к внедрению и доработке..."
  },
  "contacts": null,
  "schedule": {
    "id": "remote",
    "name": "Удаленная работа"
  },
  "working_days": [],
  "working_time_intervals": [],
  "working_time_modes": [],
  "accept_temporary": false,
  "fly_in_fly_out_duration": [],
  "work_format": [
    {
      "id": "REMOTE",
      "name": "Удалённо"
    },
    {
      "id": "HYBRID",
      "name": "Гибрид"
    }
  ],
  "working_hours": [
    {
      "id": "HOURS_8",
      "name": "8 часов"
    }
  ],
  "work_schedule_by_days": [
    {
      "id": "FIVE_ON_TWO_OFF",
      "name": "5/2"
    }
  ],
  "night_shifts": false,
  "professional_roles": [
    {
      "id": "107",
      "name": "Руководитель проектов"
    }
  ],
  "accept_incomplete_resumes": false,
  "experience": {
    "id": "between3And6",
    "name": "От 3 до 6 лет"
  },
  "employment": {
    "id": "full",
    "name": "Полная занятость"
  },
  "employment_form": {
    "id": "FULL",
    "name": "Полная"
  },
  "internship": false,
  "adv_response_url": null,
  "is_adv_vacancy": false,
  "adv_context": null
}