{
  "id": "128328727",
  "premium": false,
  "name": "FullStack Engineer (React+ Node.js)",
  "department": null,
  "has_test": false,
  "response_letter_required": false,
  "area": {
    "id": "2492",
    "name": "Баку",
    "url": "https://api.hh.ru/areas/2492"
  },
  "salary": null,
  "salary_range": null,
  "type": {
    "id": "open",
    "name": "Открытая"
  },
  "address": null,
  "response_url": null,
  "sort_point_distance": null,
  "published_at": "2025-12-02T19:26:53+06:00",
  "created_at": "2025-12-02T19:26:53+06:00",
  "archived": false,
  "apply_alternate_url": "https://hh.ru/applicant/vacancy_response?vacancyId=128328727",
  "branding": {
    "type": "MAKEUP",
    "tariff": null
  },
  "show_logo_in_search": true,
  "show_contacts": false,
  "insider_interview": null,
  "url": "https://api.hh.ru/vacancies/128328727?host=hh.ru",
  "alternate_url": "https://hh.ru/vacancy/128328727",
  "relations": [],
  "employer": {
    "id": "851604",
    "name": "Andersen",
    "url": "https://api.hh.ru/employers/851604",
    "alternate_url": "https://hh.ru/employer/851604",
    "logo_urls": {
      "original": "https://img.hhcdn.ru/employer-logo-original-round/4243143.png",
      "90": "https://img.hhcdn.ru/employer-logo-round/4243144.png",
      "240": "https://img.hhcdn.ru/employer-logo-round/4243145.png"
    },
    "vacancies_url": "https://api.hh.ru/vacancies?employer_id=851604",
    "country_id": 4,
    "accredited_it_employer": false,
    "trusted": true
  },
  "snippet": {
    "requirement": "Excellent knowledge of modern frontend technologies such as React, TypeScript, CSS frameworks and backend technologies such as Node.js or <highlighttext>С#</highlighttext>. ",
    "responsibility": "Designing, developing, and technically enhancing complex frontend modules and interfaces. Building and maintaining reusable component libraries and design systems for..."
  },
  "contacts": null,
  "schedule": {
    "id": "remote",
    "name": "Удаленная работа"
  },
  "working_days": [],
  "working_time_intervals": [],
  "working_time_modes": [],
  "accept_temporary": false,
  "fly_in_fly_out_duration": [],
  "work_format": [
    {
      "id": "REMOTE",
      "name": "Удалённо"
    }
  ],
  "working_hours": [
    {
      "id": "HOURS_8",
      "name": "8 часов"
    }
  ],
  "work_schedule_by_days": [
    {
      "id": "FIVE_ON_TWO_OFF",
      "name": "5/2"
    }
  ],
  "night_shifts": false,
  "professional_roles": [
    {
      "id": "96",
      "name": "Программист, разработчик"
    }
  ],
  "accept_incomplete_resumes": false,
  "experience": {
    "id": "between3And6",
    "name": "От 3 до 6 лет"
  },
  "employment": {
    "id": "full",
    "name": "Полная занятость"
  },
  "employment_form": {
    "id": "FULL",
    "name": "Полная"
  },
  "internship": false,
  "adv_response_url": null,
  "is_adv_vacancy": false,
  "adv_context": null
}