{
  "id": "128316329",
  "premium": false,
  "name": "Стажер - Системный аналитик",
  "department": null,
  "has_test": false,
  "response_letter_required": false,
  "area": {
    "id": "1",
    "name": "Москва",
    "url": "https://api.hh.ru/areas/1"
  },
  "salary": null,
  "salary_range": null,
  "type": {
    "id": "open",
    "name": "Открытая"
  },
  "address": null,
  "response_url": null,
  "sort_point_distance": null,
  "published_at": "2025-12-02T16:19:59+06:00",
  "created_at": "2025-12-02T16:19:59+06:00",
  "archived": false,
  "apply_alternate_url": "https://hh.ru/applicant/vacancy_response?vacancyId=128316329",
  "branding": {
    "type": "MAKEUP",
    "tariff": null
  },
  "show_logo_in_search": true,
  "show_contacts": true,
  "insider_interview": null,
  "url": "https://api.hh.ru/vacancies/128316329?host=hh.ru",
  "alternate_url": "https://hh.ru/vacancy/128316329",
  "relations": [],
  "employer": {
    "id": "2733062",
    "name": "Лига Цифровой Экономики",
    "url": "https://api.hh.ru/employers/2733062",
    "alternate_url": "https://hh.ru/employer/2733062",
    "logo_urls": {
      "original": "https://img.hhcdn.ru/employer-logo-original-round/4233415.png",
      "90": "https://img.hhcdn.ru/employer-logo-round/4233416.png",
      "240": "https://img.hhcdn.ru/employer-logo-round/4233417.png"
    },
    "vacancies_url": "https://api.hh.ru/vacancies?employer_id=2733062",
    "country_id": 1,
    "accredited_it_employer": true,
    "trusted": true
  },
  "snippet": {
    "requirement": "Понимание концепции программирования и знакомство хотя бы с одним высокоуровневым языком (JavaScript, Python, <highlighttext>C#</highlighttext>, PHP). Желательно представление о структурах данных...",
    "responsibility": "Вести постановку задач на разработку. Сбирать и формализовать требования заказчика. Прорабатывать варианты реализации функциональности. Коммуницировать с разработчиками по вопросам реализации..."
  },
  "contacts": null,
  "schedule": {
    "id": "fullDay",
    "name": "Полный день"
  },
  "working_days": [],
  "working_time_intervals": [],
  "working_time_modes": [],
  "accept_temporary": false,
  "fly_in_fly_out_duration": [],
  "work_format": [],
  "working_hours": [
    {
      "id": "HOURS_8",
      "name": "8 часов"
    }
  ],
  "work_schedule_by_days": [
    {
      "id": "FIVE_ON_TWO_OFF",
      "name": "5/2"
    }
  ],
  "night_shifts": false,
  "professional_roles": [
    {
      "id": "148",
      "name": "Системный аналитик"
    }
  ],
  "accept_incomplete_resumes": false,
  "experience": {
    "id": "noExperience",
    "name": "Нет опыта"
  },
  "employment": {
    "id": "full",
    "name": "Полная занятость"
  },
  "employment_form": {
    "id": "FULL",
    "name": "Полная"
  },
  "internship": false,
  "adv_response_url": null,
  "is_adv_vacancy": false,
  "adv_context": null
}