{
  "id": "128367976",
  "premium": false,
  "name": "Fullstack разработчик",
  "department": null,
  "has_test": false,
  "response_letter_required": false,
  "area": {
    "id": "88",
    "name": "Казань",
    "url": "https://api.hh.ru/areas/88"
  },
  "salary": null,
  "salary_range": null,
  "type": {
    "id": "open",
    "name": "Открытая"
  },
  "address": null,
  "response_url": null,
  "sort_point_distance": null,
  "published_at": "2025-12-03T13:57:10+06:00",
  "created_at": "2025-12-03T13:57:10+06:00",
  "archived": false,
  "apply_alternate_url": "https://hh.ru/applicant/vacancy_response?vacancyId=128367976",
  "show_contacts": false,
  "insider_interview": null,
  "url": "https://api.hh.ru/vacancies/128367976?host=hh.ru",
  "alternate_url": "https://hh.ru/vacancy/128367976",
  "relations": [],
  "employer": {
    "id": "10395143",
    "name": "АЙТИМАКС",
    "url": "https://api.hh.ru/employers/10395143",
    "alternate_url": "https://hh.ru/employer/10395143",
    "logo_urls": null,
    "vacancies_url": "https://api.hh.ru/vacancies?employer_id=10395143",
    "country_id": 1,
    "accredited_it_employer": false,
    "trusted": true
  },
  "snippet": {
    "requirement": "Backend: <highlighttext>C#</highlighttext>, <highlighttext>.NET</highlighttext> Core, EF Core. Frontend: Bootstrap, JavaScript, Telerik Kendo UI (знание не обязательно). База данных: PostgreSQL. ",
    "responsibility": "Технологический стэк: Разработка и поддержка функциональных возможностей приложения. Оптимизация и рефакторинг кода для повышения производительности приложения. Участие в проектировании архитектуры..."
  },
  "contacts": null,
  "schedule": {
    "id": "remote",
    "name": "Удаленная работа"
  },
  "working_days": [],
  "working_time_intervals": [],
  "working_time_modes": [],
  "accept_temporary": false,
  "fly_in_fly_out_duration": [],
  "work_format": [
    {
      "id": "REMOTE",
      "name": "Удалённо"
    },
    {
      "id": "HYBRID",
      "name": "Гибрид"
    }
  ],
  "working_hours": [
    {
      "id": "HOURS_8",
      "name": "8 часов"
    }
  ],
  "work_schedule_by_days": [
    {
      "id": "FIVE_ON_TWO_OFF",
      "name": "5/2"
    }
  ],
  "night_shifts": false,
  "professional_roles": [
    {
      "id": "40",
      "name": "Другое"
    }
  ],
  "accept_incomplete_resumes": true,
  "experience": {
    "id": "noExperience",
    "name": "Нет опыта"
  },
  "employment": {
    "id": "full",
    "name": "Полная занятость"
  },
  "employment_form": {
    "id": "FULL",
    "name": "Полная"
  },
  "internship": false,
  "adv_response_url": null,
  "is_adv_vacancy": false,
  "adv_context": null
}