{
  "id": "128312320",
  "premium": false,
  "name": "Программист, Центр информационных технологий",
  "department": null,
  "has_test": false,
  "response_letter_required": false,
  "area": {
    "id": "2073",
    "name": "Серпухов (Московская область)",
    "url": "https://api.hh.ru/areas/2073"
  },
  "salary": {
    "from": null,
    "to": 150000,
    "currency": "RUR",
    "gross": false
  },
  "salary_range": {
    "from": null,
    "to": 150000,
    "currency": "RUR",
    "gross": false,
    "mode": {
      "id": "MONTH",
      "name": "За месяц"
    },
    "frequency": {
      "id": "MONTHLY",
      "name": "Раз в месяц"
    }
  },
  "type": {
    "id": "open",
    "name": "Открытая"
  },
  "address": {
    "city": "Серпухов",
    "street": "Луначарского улица",
    "building": "32",
    "lat": 54.919854,
    "lng": 37.415604,
    "description": null,
    "raw": "Серпухов, Луначарского улица, 32",
    "metro": null,
    "metro_stations": [],
    "id": "15136250"
  },
  "response_url": null,
  "sort_point_distance": null,
  "published_at": "2025-12-02T15:13:45+06:00",
  "created_at": "2025-12-02T15:13:45+06:00",
  "archived": false,
  "apply_alternate_url": "https://hh.ru/applicant/vacancy_response?vacancyId=128312320",
  "show_contacts": true,
  "insider_interview": null,
  "url": "https://api.hh.ru/vacancies/128312320?host=hh.ru",
  "alternate_url": "https://hh.ru/vacancy/128312320",
  "relations": [],
  "employer": {
    "id": "1670321",
    "name": "Серпуховский завод Металлист",
    "url": "https://api.hh.ru/employers/1670321",
    "alternate_url": "https://hh.ru/employer/1670321",
    "logo_urls": null,
    "vacancies_url": "https://api.hh.ru/vacancies?employer_id=1670321",
    "country_id": 1,
    "accredited_it_employer": false,
    "trusted": true
  },
  "snippet": {
    "requirement": "Высшее образование. - Владение языками программирования. - Умение работать с базами данных. - Навыки тестирования и отладки. - Знание операционных систем.",
    "responsibility": "Разработка и кодирование: Написание чистого, поддерживаемого и эффективного кода на одном или нескольких языках программирования (например Delphi, <highlighttext>C#</highlighttext>, Python и..."
  },
  "contacts": null,
  "schedule": {
    "id": "fullDay",
    "name": "Полный день"
  },
  "working_days": [],
  "working_time_intervals": [],
  "working_time_modes": [],
  "accept_temporary": false,
  "fly_in_fly_out_duration": [],
  "work_format": [
    {
      "id": "ON_SITE",
      "name": "На месте работодателя"
    }
  ],
  "working_hours": [
    {
      "id": "HOURS_8",
      "name": "8 часов"
    }
  ],
  "work_schedule_by_days": [
    {
      "id": "FIVE_ON_TWO_OFF",
      "name": "5/2"
    }
  ],
  "night_shifts": false,
  "professional_roles": [
    {
      "id": "96",
      "name": "Программист, разработчик"
    }
  ],
  "accept_incomplete_resumes": false,
  "experience": {
    "id": "between3And6",
    "name": "От 3 до 6 лет"
  },
  "employment": {
    "id": "full",
    "name": "Полная занятость"
  },
  "employment_form": {
    "id": "FULL",
    "name": "Полная"
  },
  "internship": false,
  "adv_response_url": null,
  "is_adv_vacancy": false,
  "adv_context": null
}