{
  "id": "128305646",
  "premium": false,
  "name": "Программист Middle+/Senior C# (Москва)",
  "department": null,
  "has_test": false,
  "response_letter_required": true,
  "area": {
    "id": "1",
    "name": "Москва",
    "url": "https://api.hh.ru/areas/1"
  },
  "salary": {
    "from": 250000,
    "to": null,
    "currency": "RUR",
    "gross": false
  },
  "salary_range": {
    "from": 250000,
    "to": null,
    "currency": "RUR",
    "gross": false,
    "mode": {
      "id": "MONTH",
      "name": "За месяц"
    },
    "frequency": {
      "id": "TWICE_PER_MONTH",
      "name": "Два раза в месяц"
    }
  },
  "type": {
    "id": "open",
    "name": "Открытая"
  },
  "address": null,
  "response_url": null,
  "sort_point_distance": null,
  "published_at": "2025-12-11T13:34:55+06:00",
  "created_at": "2025-12-11T13:34:55+06:00",
  "archived": false,
  "apply_alternate_url": "https://hh.ru/applicant/vacancy_response?vacancyId=128305646",
  "branding": {
    "type": "CONSTRUCTOR",
    "tariff": "BASIC"
  },
  "show_logo_in_search": true,
  "show_contacts": false,
  "insider_interview": null,
  "url": "https://api.hh.ru/vacancies/128305646?host=hh.ru",
  "alternate_url": "https://hh.ru/vacancy/128305646",
  "relations": [],
  "employer": {
    "id": "5451872",
    "name": "ПОРТАЛ",
    "url": "https://api.hh.ru/employers/5451872",
    "alternate_url": "https://hh.ru/employer/5451872",
    "logo_urls": {
      "original": "https://img.hhcdn.ru/employer-logo-original-round/6660437.jpeg",
      "90": "https://img.hhcdn.ru/employer-logo-round/6660438.jpeg",
      "240": "https://img.hhcdn.ru/employer-logo-round/6660439.jpeg"
    },
    "vacancies_url": "https://api.hh.ru/vacancies?employer_id=5451872",
    "country_id": 1,
    "accredited_it_employer": false,
    "trusted": true
  },
  "snippet": {
    "requirement": "5+ лет коммерческой разработки на <highlighttext>C#</highlighttext> / <highlighttext>.NET</highlighttext> Core. Глубокое знание ASP.NET Core (middleware, DI, pipelines). Отличное владение EF Core...",
    "responsibility": "Разработка и развитие backend-сервисов на <highlighttext>.NET</highlighttext> 8 / ASP.NET Core. Проектирование архитектуры, участие в техдизайне. Разработка микросервисов, интеграции, взаимодействие по..."
  },
  "contacts": null,
  "schedule": {
    "id": "remote",
    "name": "Удаленная работа"
  },
  "working_days": [],
  "working_time_intervals": [],
  "working_time_modes": [],
  "accept_temporary": false,
  "fly_in_fly_out_duration": [],
  "work_format": [
    {
      "id": "REMOTE",
      "name": "Удалённо"
    },
    {
      "id": "HYBRID",
      "name": "Гибрид"
    }
  ],
  "working_hours": [
    {
      "id": "HOURS_8",
      "name": "8 часов"
    }
  ],
  "work_schedule_by_days": [
    {
      "id": "FIVE_ON_TWO_OFF",
      "name": "5/2"
    }
  ],
  "night_shifts": false,
  "professional_roles": [
    {
      "id": "96",
      "name": "Программист, разработчик"
    }
  ],
  "accept_incomplete_resumes": false,
  "experience": {
    "id": "moreThan6",
    "name": "Более 6 лет"
  },
  "employment": {
    "id": "full",
    "name": "Полная занятость"
  },
  "employment_form": {
    "id": "FULL",
    "name": "Полная"
  },
  "internship": false,
  "adv_response_url": null,
  "is_adv_vacancy": false,
  "adv_context": null
}