{
  "id": "128311426",
  "premium": false,
  "name": "DevOps-инженер",
  "department": null,
  "has_test": false,
  "response_letter_required": false,
  "area": {
    "id": "1641",
    "name": "Набережные Челны",
    "url": "https://api.hh.ru/areas/1641"
  },
  "salary": null,
  "salary_range": null,
  "type": {
    "id": "open",
    "name": "Открытая"
  },
  "address": {
    "city": "Набережные Челны",
    "street": "Машиностроительная улица",
    "building": "91А",
    "lat": 55.73836751920443,
    "lng": 52.450044154769884,
    "description": null,
    "raw": "Набережные Челны, Машиностроительная улица, 91А",
    "metro": null,
    "metro_stations": [],
    "id": "20873184"
  },
  "response_url": null,
  "sort_point_distance": null,
  "published_at": "2025-12-23T15:00:27+06:00",
  "created_at": "2025-12-23T15:00:27+06:00",
  "archived": false,
  "apply_alternate_url": "https://hh.ru/applicant/vacancy_response?vacancyId=128311426",
  "show_logo_in_search": null,
  "show_contacts": true,
  "insider_interview": null,
  "url": "https://api.hh.ru/vacancies/128311426?host=hh.ru",
  "alternate_url": "https://hh.ru/vacancy/128311426",
  "relations": [],
  "employer": {
    "id": "4216955",
    "name": "PROFFIT GO",
    "url": "https://api.hh.ru/employers/4216955",
    "alternate_url": "https://hh.ru/employer/4216955",
    "logo_urls": {
      "original": "https://img.hhcdn.ru/employer-logo-original-round/6048047.jpg",
      "90": "https://img.hhcdn.ru/employer-logo-round/6048049.jpeg",
      "240": "https://img.hhcdn.ru/employer-logo-round/6048050.jpeg"
    },
    "vacancies_url": "https://api.hh.ru/vacancies?employer_id=4216955",
    "country_id": 1,
    "accredited_it_employer": true,
    "trusted": true
  },
  "snippet": {
    "requirement": "Опыт построения отказоустойчивых систем. Опыт реагирования на инциденты, связанные с инфраструктурой. Способность консультировать разработчиков по DevOps-практикам. Опыт настройки процессов...",
    "responsibility": "Построение отказоустойчивой системы. Реагирование на инциденты связанные с инфраструктурой. Консультация разработчиков по DevOps практикам. Настройка процессов непрерывной доставки кода (CI..."
  },
  "contacts": null,
  "schedule": {
    "id": "fullDay",
    "name": "Полный день"
  },
  "working_days": [],
  "working_time_intervals": [],
  "working_time_modes": [],
  "accept_temporary": false,
  "fly_in_fly_out_duration": [],
  "work_format": [
    {
      "id": "ON_SITE",
      "name": "На месте работодателя"
    }
  ],
  "working_hours": [
    {
      "id": "HOURS_8",
      "name": "8 часов"
    }
  ],
  "work_schedule_by_days": [
    {
      "id": "FIVE_ON_TWO_OFF",
      "name": "5/2"
    }
  ],
  "night_shifts": false,
  "professional_roles": [
    {
      "id": "160",
      "name": "DevOps-инженер"
    }
  ],
  "accept_incomplete_resumes": false,
  "experience": {
    "id": "between1And3",
    "name": "От 1 года до 3 лет"
  },
  "employment": {
    "id": "full",
    "name": "Полная занятость"
  },
  "employment_form": {
    "id": "FULL",
    "name": "Полная"
  },
  "internship": false,
  "adv_response_url": null,
  "is_adv_vacancy": false,
  "adv_context": null
}