{
  "id": "128393990",
  "premium": false,
  "name": "Системный аналитик / Full-stack Analyst (Middle+/Senior)",
  "department": null,
  "has_test": true,
  "response_letter_required": false,
  "area": {
    "id": "1",
    "name": "Москва",
    "url": "https://api.hh.ru/areas/1"
  },
  "salary": null,
  "salary_range": null,
  "type": {
    "id": "open",
    "name": "Открытая"
  },
  "address": {
    "city": "деревня Румянцево",
    "street": null,
    "building": "офисный парк Комсити",
    "lat": 55.634552,
    "lng": 37.430983,
    "description": null,
    "raw": "деревня Румянцево, офисный парк Комсити",
    "metro": {
      "station_name": "Румянцево",
      "line_name": "Сокольническая",
      "station_id": "1.513",
      "line_id": "1",
      "lat": 55.633,
      "lng": 37.4419
    },
    "metro_stations": [
      {
        "station_name": "Румянцево",
        "line_name": "Сокольническая",
        "station_id": "1.513",
        "line_id": "1",
        "lat": 55.633,
        "lng": 37.4419
      }
    ],
    "id": "16088447"
  },
  "response_url": null,
  "sort_point_distance": null,
  "published_at": "2025-12-03T20:31:02+06:00",
  "created_at": "2025-12-03T20:31:02+06:00",
  "archived": false,
  "apply_alternate_url": "https://hh.ru/applicant/vacancy_response?vacancyId=128393990",
  "show_logo_in_search": null,
  "show_contacts": true,
  "insider_interview": null,
  "url": "https://api.hh.ru/vacancies/128393990?host=hh.ru",
  "alternate_url": "https://hh.ru/vacancy/128393990",
  "relations": [],
  "employer": {
    "id": "3936097",
    "name": "Каргономика",
    "url": "https://api.hh.ru/employers/3936097",
    "alternate_url": "https://hh.ru/employer/3936097",
    "logo_urls": {
      "original": "https://img.hhcdn.ru/employer-logo-original-round/7017805.png",
      "90": "https://img.hhcdn.ru/employer-logo-round/7017806.png",
      "240": "https://img.hhcdn.ru/employer-logo-round/7017807.png"
    },
    "vacancies_url": "https://api.hh.ru/vacancies?employer_id=3936097",
    "country_id": 1,
    "accredited_it_employer": true,
    "trusted": true
  },
  "snippet": {
    "requirement": "Опыт системной/бизнес-аналитики в распределённых системах: 3+ года. Умеешь самостоятельно дособирать требования и фиксировать договорённости. Kafka: продюсеры/консьюмеры...",
    "responsibility": "Jira — постановка задач, статусы, сроки, оценка/факт, отчётность. GitLab — документация и артефакты: спеки/контракты, MR, ревью, история изменений. "
  },
  "contacts": null,
  "schedule": {
    "id": "fullDay",
    "name": "Полный день"
  },
  "working_days": [],
  "working_time_intervals": [],
  "working_time_modes": [],
  "accept_temporary": false,
  "fly_in_fly_out_duration": [],
  "work_format": [
    {
      "id": "ON_SITE",
      "name": "На месте работодателя"
    }
  ],
  "working_hours": [
    {
      "id": "HOURS_8",
      "name": "8 часов"
    }
  ],
  "work_schedule_by_days": [
    {
      "id": "FIVE_ON_TWO_OFF",
      "name": "5/2"
    }
  ],
  "night_shifts": false,
  "professional_roles": [
    {
      "id": "148",
      "name": "Системный аналитик"
    }
  ],
  "accept_incomplete_resumes": false,
  "experience": {
    "id": "between3And6",
    "name": "От 3 до 6 лет"
  },
  "employment": {
    "id": "full",
    "name": "Полная занятость"
  },
  "employment_form": {
    "id": "FULL",
    "name": "Полная"
  },
  "internship": false,
  "adv_response_url": null,
  "is_adv_vacancy": false,
  "adv_context": null
}