{
  "id": "128341174",
  "premium": false,
  "name": "Специалист технической поддержки (офис)",
  "department": null,
  "has_test": false,
  "response_letter_required": false,
  "area": {
    "id": "1",
    "name": "Москва",
    "url": "https://api.hh.ru/areas/1"
  },
  "salary": null,
  "salary_range": null,
  "type": {
    "id": "open",
    "name": "Открытая"
  },
  "address": {
    "city": "Москва",
    "street": "улица Правды",
    "building": "8к13",
    "lat": 55.786442705371506,
    "lng": 37.57991833729476,
    "description": null,
    "raw": "Москва, улица Правды, 8к13",
    "metro": {
      "station_name": "Савёловская",
      "line_name": "МЦД-1",
      "station_id": "131.699",
      "line_id": "131",
      "lat": 55.793936,
      "lng": 37.587038
    },
    "metro_stations": [
      {
        "station_name": "Савёловская",
        "line_name": "МЦД-1",
        "station_id": "131.699",
        "line_id": "131",
        "lat": 55.793936,
        "lng": 37.587038
      }
    ],
    "id": "16157281"
  },
  "response_url": null,
  "sort_point_distance": null,
  "published_at": "2025-12-23T23:16:19+06:00",
  "created_at": "2025-12-23T23:16:19+06:00",
  "archived": false,
  "apply_alternate_url": "https://hh.ru/applicant/vacancy_response?vacancyId=128341174",
  "show_logo_in_search": null,
  "show_contacts": false,
  "insider_interview": null,
  "url": "https://api.hh.ru/vacancies/128341174?host=hh.ru",
  "alternate_url": "https://hh.ru/vacancy/128341174",
  "relations": [],
  "employer": {
    "id": "2693274",
    "name": "Лимон",
    "url": "https://api.hh.ru/employers/2693274",
    "alternate_url": "https://hh.ru/employer/2693274",
    "logo_urls": {
      "original": "https://img.hhcdn.ru/employer-logo-original/1391437.png",
      "90": "https://img.hhcdn.ru/employer-logo/7185535.png",
      "240": "https://img.hhcdn.ru/employer-logo/7185536.png"
    },
    "vacancies_url": "https://api.hh.ru/vacancies?employer_id=2693274",
    "country_id": 1,
    "accredited_it_employer": true,
    "trusted": true
  },
  "snippet": {
    "requirement": "Знание принципов работы систем виртуализации и контейнеризации. Знание <highlighttext>C#</highlighttext>, <highlighttext>.Net</highlighttext>. Опыт работы с любой BI-платформой (АК Прогноз 5, Prognoz...",
    "responsibility": "Участие во внедрении и сопровождении ПО на территории заказчика (режимное предприятие, оформляется 3-я форма допуска к гостайне без ограничений..."
  },
  "contacts": null,
  "schedule": {
    "id": "fullDay",
    "name": "Полный день"
  },
  "working_days": [],
  "working_time_intervals": [],
  "working_time_modes": [],
  "accept_temporary": false,
  "fly_in_fly_out_duration": [],
  "work_format": [
    {
      "id": "ON_SITE",
      "name": "На месте работодателя"
    }
  ],
  "working_hours": [
    {
      "id": "HOURS_8",
      "name": "8 часов"
    }
  ],
  "work_schedule_by_days": [
    {
      "id": "FIVE_ON_TWO_OFF",
      "name": "5/2"
    }
  ],
  "night_shifts": true,
  "professional_roles": [
    {
      "id": "121",
      "name": "Специалист технической поддержки"
    }
  ],
  "accept_incomplete_resumes": false,
  "experience": {
    "id": "between1And3",
    "name": "От 1 года до 3 лет"
  },
  "employment": {
    "id": "full",
    "name": "Полная занятость"
  },
  "employment_form": {
    "id": "FULL",
    "name": "Полная"
  },
  "internship": false,
  "adv_response_url": null,
  "is_adv_vacancy": false,
  "adv_context": null
}