{
  "id": "128484570",
  "premium": false,
  "name": "Game Development Workshop Leader в TUMO Center",
  "department": null,
  "has_test": false,
  "response_letter_required": true,
  "area": {
    "id": "159",
    "name": "Астана",
    "url": "https://api.hh.ru/areas/159"
  },
  "salary": null,
  "salary_range": null,
  "type": {
    "id": "open",
    "name": "Открытая"
  },
  "address": {
    "city": "Астана",
    "street": "проспект Мангилик Ел",
    "building": "B1",
    "lat": 51.089227,
    "lng": 71.41629,
    "description": null,
    "raw": "Астана, проспект Мангилик Ел, B1",
    "metro": null,
    "metro_stations": [],
    "id": "20390021"
  },
  "response_url": null,
  "sort_point_distance": null,
  "published_at": "2025-12-23T12:22:39+06:00",
  "created_at": "2025-12-23T12:22:39+06:00",
  "archived": false,
  "apply_alternate_url": "https://hh.ru/applicant/vacancy_response?vacancyId=128484570",
  "show_logo_in_search": null,
  "show_contacts": false,
  "insider_interview": null,
  "url": "https://api.hh.ru/vacancies/128484570?host=hh.ru",
  "alternate_url": "https://hh.ru/vacancy/128484570",
  "relations": [],
  "employer": {
    "id": "12280968",
    "name": "Alem.ai Foundation",
    "url": "https://api.hh.ru/employers/12280968",
    "alternate_url": "https://hh.ru/employer/12280968",
    "logo_urls": {
      "original": "https://img.hhcdn.ru/employer-logo-original/1459057.png",
      "90": "https://img.hhcdn.ru/employer-logo/7455842.png",
      "240": "https://img.hhcdn.ru/employer-logo/7455843.png"
    },
    "vacancies_url": "https://api.hh.ru/vacancies?employer_id=12280968",
    "country_id": 3,
    "accredited_it_employer": false,
    "trusted": true
  },
  "snippet": {
    "requirement": "Превосходное владение Unity, языком программирования <highlighttext>C#</highlighttext> и Visual Studio Code. - Навыки создания 2D/3D игр и интеграции интерактивных...",
    "responsibility": "Проведение месячных мастерских по разработке игр в соответствии с утвержденными учебными материалами. - Оценка проектов студентов по завершении каждого мастер-класса..."
  },
  "contacts": null,
  "schedule": {
    "id": "shift",
    "name": "Сменный график"
  },
  "working_days": [],
  "working_time_intervals": [
    {
      "id": "from_four_to_six_hours_in_a_day",
      "name": "Можно сменами по 4-6 часов в день"
    }
  ],
  "working_time_modes": [],
  "accept_temporary": false,
  "fly_in_fly_out_duration": [],
  "work_format": [
    {
      "id": "ON_SITE",
      "name": "На месте работодателя"
    }
  ],
  "working_hours": [
    {
      "id": "HOURS_6",
      "name": "6 часов"
    }
  ],
  "work_schedule_by_days": [
    {
      "id": "FOUR_ON_THREE_OFF",
      "name": "4/3"
    }
  ],
  "night_shifts": false,
  "professional_roles": [
    {
      "id": "96",
      "name": "Программист, разработчик"
    }
  ],
  "accept_incomplete_resumes": false,
  "experience": {
    "id": "between1And3",
    "name": "От 1 года до 3 лет"
  },
  "employment": {
    "id": "part",
    "name": "Частичная занятость"
  },
  "employment_form": {
    "id": "PART",
    "name": "Частичная"
  },
  "internship": false,
  "adv_response_url": null,
  "is_adv_vacancy": false,
  "adv_context": null
}