{
  "id": "128421775",
  "premium": false,
  "name": "Программист C#",
  "department": null,
  "has_test": false,
  "response_letter_required": false,
  "area": {
    "id": "2",
    "name": "Санкт-Петербург",
    "url": "https://api.hh.ru/areas/2"
  },
  "salary": null,
  "salary_range": null,
  "type": {
    "id": "open",
    "name": "Открытая"
  },
  "address": {
    "city": "Санкт-Петербург",
    "street": "проспект Испытателей",
    "building": "30к2",
    "lat": 60.006017,
    "lng": 30.264215,
    "description": null,
    "raw": "Санкт-Петербург, проспект Испытателей, 30к2",
    "metro": {
      "station_name": "Комендантский проспект",
      "line_name": "Фрунзенско-Приморская",
      "station_id": "18.245",
      "line_id": "18",
      "lat": 60.008591,
      "lng": 30.258663
    },
    "metro_stations": [
      {
        "station_name": "Комендантский проспект",
        "line_name": "Фрунзенско-Приморская",
        "station_id": "18.245",
        "line_id": "18",
        "lat": 60.008591,
        "lng": 30.258663
      }
    ],
    "id": "3371458"
  },
  "response_url": null,
  "sort_point_distance": null,
  "published_at": "2025-12-04T13:57:49+06:00",
  "created_at": "2025-12-04T13:57:49+06:00",
  "archived": false,
  "apply_alternate_url": "https://hh.ru/applicant/vacancy_response?vacancyId=128421775",
  "show_logo_in_search": null,
  "show_contacts": false,
  "insider_interview": null,
  "url": "https://api.hh.ru/vacancies/128421775?host=hh.ru",
  "alternate_url": "https://hh.ru/vacancy/128421775",
  "relations": [],
  "employer": {
    "id": "4412645",
    "name": "РадарИТ",
    "url": "https://api.hh.ru/employers/4412645",
    "alternate_url": "https://hh.ru/employer/4412645",
    "logo_urls": {
      "original": "https://img.hhcdn.ru/employer-logo-original-round/4243898.png",
      "90": "https://img.hhcdn.ru/employer-logo-round/4243900.png",
      "240": "https://img.hhcdn.ru/employer-logo-round/4243901.png"
    },
    "vacancies_url": "https://api.hh.ru/vacancies?employer_id=4412645",
    "country_id": 1,
    "accredited_it_employer": true,
    "trusted": true
  },
  "snippet": {
    "requirement": "Высшее техническое или незаконченное техническое образование. Опыт работы PostgreSQL и <highlighttext>.NET</highlighttext> Framework, ASP.NET Core. Опыт работы <highlighttext>C#</highlighttext> и REST API. ",
    "responsibility": "Разработка backend автоматизированной системы управления предприятием."
  },
  "contacts": null,
  "schedule": {
    "id": "remote",
    "name": "Удаленная работа"
  },
  "working_days": [],
  "working_time_intervals": [],
  "working_time_modes": [],
  "accept_temporary": true,
  "fly_in_fly_out_duration": [],
  "work_format": [
    {
      "id": "REMOTE",
      "name": "Удалённо"
    }
  ],
  "working_hours": [
    {
      "id": "HOURS_8",
      "name": "8 часов"
    }
  ],
  "work_schedule_by_days": [
    {
      "id": "FIVE_ON_TWO_OFF",
      "name": "5/2"
    }
  ],
  "night_shifts": false,
  "professional_roles": [
    {
      "id": "96",
      "name": "Программист, разработчик"
    }
  ],
  "accept_incomplete_resumes": false,
  "experience": {
    "id": "between1And3",
    "name": "От 1 года до 3 лет"
  },
  "employment": {
    "id": "full",
    "name": "Полная занятость"
  },
  "employment_form": {
    "id": "FULL",
    "name": "Полная"
  },
  "internship": false,
  "adv_response_url": null,
  "is_adv_vacancy": false,
  "adv_context": null
}