{
  "id": "128471951",
  "premium": false,
  "name": "C# разработчик",
  "department": null,
  "has_test": false,
  "response_letter_required": false,
  "area": {
    "id": "66",
    "name": "Нижний Новгород",
    "url": "https://api.hh.ru/areas/66"
  },
  "salary": null,
  "salary_range": null,
  "type": {
    "id": "open",
    "name": "Открытая"
  },
  "address": {
    "city": "Нижний Новгород",
    "street": "Ошарская улица",
    "building": "96Б",
    "lat": 56.307756,
    "lng": 44.019479,
    "description": null,
    "raw": "Нижний Новгород, Ошарская улица, 96Б",
    "metro": {
      "station_name": "Горьковская",
      "line_name": "Автозаводская",
      "station_id": "50.278",
      "line_id": "50",
      "lat": 56.313933,
      "lng": 43.99482
    },
    "metro_stations": [
      {
        "station_name": "Горьковская",
        "line_name": "Автозаводская",
        "station_id": "50.278",
        "line_id": "50",
        "lat": 56.313933,
        "lng": 43.99482
      }
    ],
    "id": "19590104"
  },
  "response_url": null,
  "sort_point_distance": null,
  "published_at": "2025-12-05T14:42:20+06:00",
  "created_at": "2025-12-05T14:42:20+06:00",
  "archived": false,
  "apply_alternate_url": "https://hh.ru/applicant/vacancy_response?vacancyId=128471951",
  "show_logo_in_search": null,
  "show_contacts": false,
  "insider_interview": null,
  "url": "https://api.hh.ru/vacancies/128471951?host=hh.ru",
  "alternate_url": "https://hh.ru/vacancy/128471951",
  "relations": [],
  "employer": {
    "id": "760",
    "name": "САТЕЛ, Группа компаний",
    "url": "https://api.hh.ru/employers/760",
    "alternate_url": "https://hh.ru/employer/760",
    "logo_urls": {
      "original": "https://img.hhcdn.ru/employer-logo-original/1402753.png",
      "90": "https://img.hhcdn.ru/employer-logo/7230684.png",
      "240": "https://img.hhcdn.ru/employer-logo/7230685.png"
    },
    "vacancies_url": "https://api.hh.ru/vacancies?employer_id=760",
    "country_id": 1,
    "accredited_it_employer": false,
    "trusted": true
  },
  "snippet": {
    "requirement": "<highlighttext>C#</highlighttext>; ASP.NET; <highlighttext>.NET</highlighttext> Core, Entity Framework. Опыт написания или поддержки консольных, серверных приложений. Rest API. SQL (MySQL и PostgreSQL). ",
    "responsibility": "Небольшая суть работы для понимания: Разработка и поддержка модулей телефонии (VoIP)."
  },
  "contacts": null,
  "schedule": {
    "id": "fullDay",
    "name": "Полный день"
  },
  "working_days": [],
  "working_time_intervals": [],
  "working_time_modes": [],
  "accept_temporary": false,
  "fly_in_fly_out_duration": [],
  "work_format": [
    {
      "id": "ON_SITE",
      "name": "На месте работодателя"
    }
  ],
  "working_hours": [
    {
      "id": "HOURS_8",
      "name": "8 часов"
    }
  ],
  "work_schedule_by_days": [
    {
      "id": "FIVE_ON_TWO_OFF",
      "name": "5/2"
    }
  ],
  "night_shifts": false,
  "professional_roles": [
    {
      "id": "96",
      "name": "Программист, разработчик"
    }
  ],
  "accept_incomplete_resumes": false,
  "experience": {
    "id": "between1And3",
    "name": "От 1 года до 3 лет"
  },
  "employment": {
    "id": "full",
    "name": "Полная занятость"
  },
  "employment_form": {
    "id": "FULL",
    "name": "Полная"
  },
  "internship": false,
  "adv_response_url": null,
  "is_adv_vacancy": false,
  "adv_context": null
}