{
  "id": "128432005",
  "premium": false,
  "name": "C#/.NET-разработчик",
  "department": null,
  "has_test": false,
  "response_letter_required": false,
  "area": {
    "id": "1002",
    "name": "Минск",
    "url": "https://api.hh.ru/areas/1002"
  },
  "salary": null,
  "salary_range": null,
  "type": {
    "id": "open",
    "name": "Открытая"
  },
  "address": {
    "city": "Минск",
    "street": "Логойский тракт",
    "building": "37",
    "lat": 53.955617,
    "lng": 27.62024,
    "description": null,
    "raw": "Минск, Логойский тракт, 37",
    "metro": null,
    "metro_stations": [],
    "id": "17840089"
  },
  "response_url": null,
  "sort_point_distance": null,
  "published_at": "2025-12-04T16:49:01+06:00",
  "created_at": "2025-12-04T16:49:01+06:00",
  "archived": false,
  "apply_alternate_url": "https://hh.ru/applicant/vacancy_response?vacancyId=128432005",
  "show_logo_in_search": null,
  "show_contacts": true,
  "insider_interview": null,
  "url": "https://api.hh.ru/vacancies/128432005?host=hh.ru",
  "alternate_url": "https://hh.ru/vacancy/128432005",
  "relations": [],
  "employer": {
    "id": "4428667",
    "name": "Оулс Груп",
    "url": "https://api.hh.ru/employers/4428667",
    "alternate_url": "https://hh.ru/employer/4428667",
    "logo_urls": {
      "original": "https://img.hhcdn.ru/employer-logo-original-round/3257931.png",
      "90": "https://img.hhcdn.ru/employer-logo-round/3257932.png",
      "240": "https://img.hhcdn.ru/employer-logo-round/3257933.png"
    },
    "vacancies_url": "https://api.hh.ru/vacancies?employer_id=4428667",
    "country_id": 4,
    "accredited_it_employer": false,
    "trusted": true
  },
  "snippet": {
    "requirement": "Опыт разработки <highlighttext>C#</highlighttext>/<highlighttext>.Net</highlighttext>. Опыт построения REST API. Опыт работы с SQL базами данных PostrgesSQL и/или MS SQL. ",
    "responsibility": null
  },
  "contacts": null,
  "schedule": {
    "id": "remote",
    "name": "Удаленная работа"
  },
  "working_days": [],
  "working_time_intervals": [],
  "working_time_modes": [],
  "accept_temporary": false,
  "fly_in_fly_out_duration": [],
  "work_format": [
    {
      "id": "REMOTE",
      "name": "Удалённо"
    }
  ],
  "working_hours": [
    {
      "id": "HOURS_8",
      "name": "8 часов"
    }
  ],
  "work_schedule_by_days": [
    {
      "id": "FIVE_ON_TWO_OFF",
      "name": "5/2"
    }
  ],
  "night_shifts": false,
  "professional_roles": [
    {
      "id": "96",
      "name": "Программист, разработчик"
    }
  ],
  "accept_incomplete_resumes": false,
  "experience": {
    "id": "between3And6",
    "name": "От 3 до 6 лет"
  },
  "employment": {
    "id": "full",
    "name": "Полная занятость"
  },
  "employment_form": {
    "id": "FULL",
    "name": "Полная"
  },
  "internship": false,
  "adv_response_url": null,
  "is_adv_vacancy": false,
  "adv_context": null
}