{
  "id": "128487094",
  "premium": false,
  "name": "Senior Backend Developer",
  "department": null,
  "has_test": false,
  "response_letter_required": false,
  "area": {
    "id": "236",
    "name": "Кипр",
    "url": "https://api.hh.ru/areas/236"
  },
  "salary": null,
  "salary_range": null,
  "type": {
    "id": "open",
    "name": "Открытая"
  },
  "address": {
    "city": "район Лимассол",
    "street": "Агиос Афанасиос",
    "building": null,
    "lat": 34.70203109985682,
    "lng": 33.05956106376384,
    "description": null,
    "raw": "район Лимассол, Агиос Афанасиос",
    "metro": null,
    "metro_stations": [],
    "id": "20965365"
  },
  "response_url": null,
  "sort_point_distance": null,
  "published_at": "2025-12-05T18:39:58+06:00",
  "created_at": "2025-12-05T18:39:58+06:00",
  "archived": false,
  "apply_alternate_url": "https://hh.ru/applicant/vacancy_response?vacancyId=128487094",
  "show_logo_in_search": null,
  "show_contacts": true,
  "insider_interview": null,
  "url": "https://api.hh.ru/vacancies/128487094?host=hh.ru",
  "alternate_url": "https://hh.ru/vacancy/128487094",
  "relations": [],
  "employer": {
    "id": "1020641",
    "name": "PrimeXM Services (Cyprus) Limited",
    "url": "https://api.hh.ru/employers/1020641",
    "alternate_url": "https://hh.ru/employer/1020641",
    "logo_urls": {
      "original": "https://img.hhcdn.ru/employer-logo-original-round/692758.png",
      "90": "https://img.hhcdn.ru/employer-logo-round/692759.png",
      "240": "https://img.hhcdn.ru/employer-logo-round/692760.png"
    },
    "vacancies_url": "https://api.hh.ru/vacancies?employer_id=1020641",
    "country_id": 1,
    "accredited_it_employer": false,
    "trusted": true
  },
  "snippet": {
    "requirement": "Strong expertise in Go and/or <highlighttext>C#</highlighttext>. Strong understanding of software architecture and system design principles. Databases: MySQL/MariaDB, Clickhouse...",
    "responsibility": "Design, develop, and maintain backend services and APIs. Solve complex performance problems and architectural challenges. Lead features from concept through..."
  },
  "contacts": null,
  "schedule": {
    "id": "fullDay",
    "name": "Полный день"
  },
  "working_days": [],
  "working_time_intervals": [],
  "working_time_modes": [],
  "accept_temporary": false,
  "fly_in_fly_out_duration": [],
  "work_format": [
    {
      "id": "ON_SITE",
      "name": "На месте работодателя"
    }
  ],
  "working_hours": [
    {
      "id": "HOURS_8",
      "name": "8 часов"
    }
  ],
  "work_schedule_by_days": [
    {
      "id": "FIVE_ON_TWO_OFF",
      "name": "5/2"
    }
  ],
  "night_shifts": false,
  "professional_roles": [
    {
      "id": "96",
      "name": "Программист, разработчик"
    }
  ],
  "accept_incomplete_resumes": true,
  "experience": {
    "id": "moreThan6",
    "name": "Более 6 лет"
  },
  "employment": {
    "id": "full",
    "name": "Полная занятость"
  },
  "employment_form": {
    "id": "FULL",
    "name": "Полная"
  },
  "internship": false,
  "adv_response_url": null,
  "is_adv_vacancy": false,
  "adv_context": null
}