{
  "id": "128444302",
  "premium": false,
  "name": "Unity Developer (Senior)",
  "department": null,
  "has_test": true,
  "response_letter_required": false,
  "area": {
    "id": "1",
    "name": "Москва",
    "url": "https://api.hh.ru/areas/1"
  },
  "salary": null,
  "salary_range": null,
  "type": {
    "id": "open",
    "name": "Открытая"
  },
  "address": null,
  "response_url": null,
  "sort_point_distance": null,
  "published_at": "2025-12-04T20:20:22+06:00",
  "created_at": "2025-12-04T20:20:22+06:00",
  "archived": false,
  "apply_alternate_url": "https://hh.ru/applicant/vacancy_response?vacancyId=128444302",
  "show_logo_in_search": null,
  "show_contacts": false,
  "insider_interview": null,
  "url": "https://api.hh.ru/vacancies/128444302?host=hh.ru",
  "alternate_url": "https://hh.ru/vacancy/128444302",
  "relations": [],
  "employer": {
    "id": "6064074",
    "name": "Meowpunk",
    "url": "https://api.hh.ru/employers/6064074",
    "alternate_url": "https://hh.ru/employer/6064074",
    "logo_urls": {
      "original": "https://img.hhcdn.ru/employer-logo-original-round/6131164.jpeg",
      "90": "https://img.hhcdn.ru/employer-logo-round/6131165.jpeg",
      "240": "https://img.hhcdn.ru/employer-logo-round/6131166.jpeg"
    },
    "vacancies_url": "https://api.hh.ru/vacancies?employer_id=6064074",
    "country_id": 1,
    "accredited_it_employer": true,
    "trusted": true
  },
  "snippet": {
    "requirement": "Коммерческий опыт разработки на Unity 3+ лет. Отличное знание <highlighttext>C#</highlighttext>, понимание архитектуры. Опыт работы с DI (VContainer/Zenject). ",
    "responsibility": "Проектирование и реализация новых фичей (от оценки до финальной интеграции). Верстка и интеграция интерфейсов (uGUI). Настройка анимаций (твины) и игровых..."
  },
  "contacts": null,
  "schedule": {
    "id": "remote",
    "name": "Удаленная работа"
  },
  "working_days": [],
  "working_time_intervals": [],
  "working_time_modes": [],
  "accept_temporary": false,
  "fly_in_fly_out_duration": [],
  "work_format": [
    {
      "id": "REMOTE",
      "name": "Удалённо"
    }
  ],
  "working_hours": [
    {
      "id": "HOURS_8",
      "name": "8 часов"
    }
  ],
  "work_schedule_by_days": [
    {
      "id": "FIVE_ON_TWO_OFF",
      "name": "5/2"
    }
  ],
  "night_shifts": false,
  "professional_roles": [
    {
      "id": "96",
      "name": "Программист, разработчик"
    }
  ],
  "accept_incomplete_resumes": false,
  "experience": {
    "id": "between3And6",
    "name": "От 3 до 6 лет"
  },
  "employment": {
    "id": "full",
    "name": "Полная занятость"
  },
  "employment_form": {
    "id": "FULL",
    "name": "Полная"
  },
  "internship": false,
  "adv_response_url": null,
  "is_adv_vacancy": false,
  "adv_context": null
}