{
  "id": "128487219",
  "premium": false,
  "name": "Разработчик игр",
  "department": null,
  "has_test": false,
  "response_letter_required": false,
  "area": {
    "id": "83",
    "name": "Смоленск",
    "url": "https://api.hh.ru/areas/83"
  },
  "salary": null,
  "salary_range": null,
  "type": {
    "id": "open",
    "name": "Открытая"
  },
  "address": {
    "city": "Смоленск",
    "street": "улица Попова",
    "building": "100",
    "lat": 54.760049,
    "lng": 32.112481,
    "description": null,
    "raw": "Смоленск, улица Попова, 100",
    "metro": null,
    "metro_stations": [],
    "id": "15901328"
  },
  "response_url": null,
  "sort_point_distance": null,
  "published_at": "2025-12-05T18:41:56+06:00",
  "created_at": "2025-12-05T18:41:56+06:00",
  "archived": false,
  "apply_alternate_url": "https://hh.ru/applicant/vacancy_response?vacancyId=128487219",
  "show_logo_in_search": null,
  "show_contacts": true,
  "insider_interview": null,
  "url": "https://api.hh.ru/vacancies/128487219?host=hh.ru",
  "alternate_url": "https://hh.ru/vacancy/128487219",
  "relations": [],
  "employer": {
    "id": "1229814",
    "name": "ЛАЗЕРТАГ",
    "url": "https://api.hh.ru/employers/1229814",
    "alternate_url": "https://hh.ru/employer/1229814",
    "logo_urls": {
      "original": "https://img.hhcdn.ru/employer-logo-original-round/2814814.jpeg",
      "90": "https://img.hhcdn.ru/employer-logo-round/2814815.jpeg",
      "240": "https://img.hhcdn.ru/employer-logo-round/2814816.jpeg"
    },
    "vacancies_url": "https://api.hh.ru/vacancies?employer_id=1229814",
    "country_id": 1,
    "accredited_it_employer": false,
    "trusted": true
  },
  "snippet": {
    "requirement": "Наличие портфолио (коммерческих или собственных проектов). — Опыт работы с языком программирования <highlighttext>C#</highlighttext>. — Представление о программном обеспечении, используемом в игровой индустрии. — ",
    "responsibility": "...корпоративных VR-проектов. — Разработка многопользовательских решений. — Взаимодействие с художниками, дизайнерами, тестировщиками и другими разработчиками. — Программирование на <highlighttext>C#</highlighttext>. — Рецензирование кода, оптимизация."
  },
  "contacts": null,
  "schedule": {
    "id": "fullDay",
    "name": "Полный день"
  },
  "working_days": [],
  "working_time_intervals": [],
  "working_time_modes": [],
  "accept_temporary": false,
  "fly_in_fly_out_duration": [],
  "work_format": [
    {
      "id": "ON_SITE",
      "name": "На месте работодателя"
    }
  ],
  "working_hours": [
    {
      "id": "HOURS_8",
      "name": "8 часов"
    }
  ],
  "work_schedule_by_days": [
    {
      "id": "FIVE_ON_TWO_OFF",
      "name": "5/2"
    }
  ],
  "night_shifts": false,
  "professional_roles": [
    {
      "id": "96",
      "name": "Программист, разработчик"
    }
  ],
  "accept_incomplete_resumes": false,
  "experience": {
    "id": "noExperience",
    "name": "Нет опыта"
  },
  "employment": {
    "id": "full",
    "name": "Полная занятость"
  },
  "employment_form": {
    "id": "FULL",
    "name": "Полная"
  },
  "internship": false,
  "adv_response_url": null,
  "is_adv_vacancy": false,
  "adv_context": null
}