{
  "id": "128472087",
  "premium": false,
  "name": "Разработчик RPA (Junior\\Intern)",
  "department": null,
  "has_test": true,
  "response_letter_required": false,
  "area": {
    "id": "66",
    "name": "Нижний Новгород",
    "url": "https://api.hh.ru/areas/66"
  },
  "salary": null,
  "salary_range": null,
  "type": {
    "id": "open",
    "name": "Открытая"
  },
  "address": null,
  "response_url": null,
  "sort_point_distance": null,
  "published_at": "2025-12-05T14:45:20+06:00",
  "created_at": "2025-12-05T14:45:20+06:00",
  "archived": false,
  "apply_alternate_url": "https://hh.ru/applicant/vacancy_response?vacancyId=128472087",
  "branding": {
    "type": "MAKEUP",
    "tariff": null
  },
  "show_logo_in_search": true,
  "show_contacts": false,
  "insider_interview": null,
  "url": "https://api.hh.ru/vacancies/128472087?host=hh.ru",
  "alternate_url": "https://hh.ru/vacancy/128472087",
  "relations": [],
  "employer": {
    "id": "2748",
    "name": "Ростелеком",
    "url": "https://api.hh.ru/employers/2748",
    "alternate_url": "https://hh.ru/employer/2748",
    "logo_urls": {
      "original": "https://img.hhcdn.ru/employer-logo-original-round/2812974.jpeg",
      "90": "https://img.hhcdn.ru/employer-logo-round/2812975.jpeg",
      "240": "https://img.hhcdn.ru/employer-logo-round/2812976.jpeg"
    },
    "vacancies_url": "https://api.hh.ru/vacancies?employer_id=2748",
    "country_id": 1,
    "accredited_it_employer": false,
    "trusted": true
  },
  "snippet": {
    "requirement": "Понимание принципов автоматизации процессов (цикл «захват‑обработка‑вывод»). Начальные знания программирования (Python / <highlighttext>C#</highlighttext> / JavaScript — плюс). Умение разбивать процессы на шаги...",
    "responsibility": "Разрабатывать и настраивать RPA‑ботов на платформе Sherpa RPA. Анализировать бизнес‑процессы для выявления точек автоматизации. Тестировать и отлаживать сценарии..."
  },
  "contacts": null,
  "schedule": {
    "id": "remote",
    "name": "Удаленная работа"
  },
  "working_days": [],
  "working_time_intervals": [],
  "working_time_modes": [],
  "accept_temporary": true,
  "fly_in_fly_out_duration": [],
  "work_format": [
    {
      "id": "REMOTE",
      "name": "Удалённо"
    }
  ],
  "working_hours": [
    {
      "id": "HOURS_8",
      "name": "8 часов"
    }
  ],
  "work_schedule_by_days": [
    {
      "id": "FIVE_ON_TWO_OFF",
      "name": "5/2"
    }
  ],
  "night_shifts": false,
  "professional_roles": [
    {
      "id": "96",
      "name": "Программист, разработчик"
    }
  ],
  "accept_incomplete_resumes": true,
  "experience": {
    "id": "noExperience",
    "name": "Нет опыта"
  },
  "employment": {
    "id": "full",
    "name": "Полная занятость"
  },
  "employment_form": {
    "id": "FULL",
    "name": "Полная"
  },
  "internship": true,
  "adv_response_url": null,
  "is_adv_vacancy": false,
  "adv_context": null
}