{
  "id": "128436284",
  "premium": false,
  "name": "Инженер-программист",
  "department": null,
  "has_test": false,
  "response_letter_required": false,
  "area": {
    "id": "79",
    "name": "Саратов",
    "url": "https://api.hh.ru/areas/79"
  },
  "salary": null,
  "salary_range": null,
  "type": {
    "id": "open",
    "name": "Открытая"
  },
  "address": {
    "city": "Саратов",
    "street": "Элмашевская улица",
    "building": "3А",
    "lat": 51.586056,
    "lng": 45.946949,
    "description": null,
    "raw": "Саратов, Элмашевская улица, 3А",
    "metro": null,
    "metro_stations": [],
    "id": "1678346"
  },
  "response_url": null,
  "sort_point_distance": null,
  "published_at": "2025-12-04T17:55:43+06:00",
  "created_at": "2025-12-04T17:55:43+06:00",
  "archived": false,
  "apply_alternate_url": "https://hh.ru/applicant/vacancy_response?vacancyId=128436284",
  "show_logo_in_search": null,
  "show_contacts": true,
  "insider_interview": null,
  "url": "https://api.hh.ru/vacancies/128436284?host=hh.ru",
  "alternate_url": "https://hh.ru/vacancy/128436284",
  "relations": [],
  "employer": {
    "id": "2772364",
    "name": "НПП Инжект",
    "url": "https://api.hh.ru/employers/2772364",
    "alternate_url": "https://hh.ru/employer/2772364",
    "logo_urls": {
      "original": "https://img.hhcdn.ru/employer-logo-original/1420500.png",
      "90": "https://img.hhcdn.ru/employer-logo/7301649.png",
      "240": "https://img.hhcdn.ru/employer-logo/7301650.png"
    },
    "vacancies_url": "https://api.hh.ru/vacancies?employer_id=2772364",
    "country_id": 1,
    "accredited_it_employer": false,
    "trusted": true
  },
  "snippet": {
    "requirement": "Владение <highlighttext>C#</highlighttext>. Опыт участия в проектной работе. Умение самостоятельно подобрать платформу/инструменты для выполнения задач. Написание программ для микроконтроллеров с...",
    "responsibility": "Написание программного обеспечения для управления производственным оборудованием. Разработка программного обеспечения верхнего уровня (желательно MS Visual Studio). Написание программной оболочки для..."
  },
  "contacts": null,
  "schedule": {
    "id": "fullDay",
    "name": "Полный день"
  },
  "working_days": [],
  "working_time_intervals": [],
  "working_time_modes": [],
  "accept_temporary": false,
  "fly_in_fly_out_duration": [],
  "work_format": [],
  "working_hours": [
    {
      "id": "HOURS_8",
      "name": "8 часов"
    }
  ],
  "work_schedule_by_days": [
    {
      "id": "FIVE_ON_TWO_OFF",
      "name": "5/2"
    }
  ],
  "night_shifts": false,
  "professional_roles": [
    {
      "id": "96",
      "name": "Программист, разработчик"
    }
  ],
  "accept_incomplete_resumes": false,
  "experience": {
    "id": "between1And3",
    "name": "От 1 года до 3 лет"
  },
  "employment": {
    "id": "full",
    "name": "Полная занятость"
  },
  "employment_form": {
    "id": "FULL",
    "name": "Полная"
  },
  "internship": false,
  "adv_response_url": null,
  "is_adv_vacancy": false,
  "adv_context": null
}