{
  "id": "128438242",
  "premium": false,
  "name": "Full-stack разработчик",
  "department": null,
  "has_test": false,
  "response_letter_required": false,
  "area": {
    "id": "1002",
    "name": "Минск",
    "url": "https://api.hh.ru/areas/1002"
  },
  "salary": {
    "from": 2000,
    "to": 4000,
    "currency": "BYR",
    "gross": true
  },
  "salary_range": {
    "from": 2000,
    "to": 4000,
    "currency": "BYR",
    "gross": true,
    "mode": {
      "id": "MONTH",
      "name": "За месяц"
    },
    "frequency": {
      "id": "TWICE_PER_MONTH",
      "name": "Два раза в месяц"
    }
  },
  "type": {
    "id": "open",
    "name": "Открытая"
  },
  "address": {
    "city": "Минск",
    "street": "улица Академика Купревича",
    "building": "1/5",
    "lat": 53.927734,
    "lng": 27.68119,
    "description": null,
    "raw": "Минск, улица Академика Купревича, 1/5",
    "metro": {
      "station_name": "Борисовский тракт",
      "line_name": "Московская",
      "station_id": "62.403",
      "line_id": "62",
      "lat": 53.938506,
      "lng": 27.665865
    },
    "metro_stations": [
      {
        "station_name": "Борисовский тракт",
        "line_name": "Московская",
        "station_id": "62.403",
        "line_id": "62",
        "lat": 53.938506,
        "lng": 27.665865
      },
      {
        "station_name": "Уручье",
        "line_name": "Московская",
        "station_id": "62.402",
        "line_id": "62",
        "lat": 53.945348,
        "lng": 27.68782
      }
    ],
    "id": "692068"
  },
  "response_url": null,
  "sort_point_distance": null,
  "published_at": "2025-12-22T18:26:57+06:00",
  "created_at": "2025-12-22T18:26:57+06:00",
  "archived": false,
  "apply_alternate_url": "https://hh.ru/applicant/vacancy_response?vacancyId=128438242",
  "show_logo_in_search": null,
  "show_contacts": false,
  "insider_interview": null,
  "url": "https://api.hh.ru/vacancies/128438242?host=hh.ru",
  "alternate_url": "https://hh.ru/vacancy/128438242",
  "relations": [],
  "employer": {
    "id": "2200026",
    "name": "Оранж Процесс",
    "url": "https://api.hh.ru/employers/2200026",
    "alternate_url": "https://hh.ru/employer/2200026",
    "logo_urls": {
      "original": "https://img.hhcdn.ru/employer-logo-original-round/5489671.png",
      "90": "https://img.hhcdn.ru/employer-logo-round/5489672.png",
      "240": "https://img.hhcdn.ru/employer-logo-round/5489673.png"
    },
    "vacancies_url": "https://api.hh.ru/vacancies?employer_id=2200026",
    "country_id": 4,
    "accredited_it_employer": false,
    "trusted": true
  },
  "snippet": {
    "requirement": "Амбиции - стимул браться за более сложные задачи, искать подходы, не сдаваться при отсутствии решения «влоб». Ответственность – готовность принимать на себя...",
    "responsibility": "Участие в командных митингах по данной теме. Стек, который мы используем: MSSQL, PostgreSQL. <highlighttext>C#</highlighttext> (<highlighttext>.NET</highlighttext> Core, <highlighttext>.NET</highlighttext> Framework, <highlighttext>.NET</highlighttext> 8). "
  },
  "contacts": null,
  "schedule": {
    "id": "fullDay",
    "name": "Полный день"
  },
  "working_days": [],
  "working_time_intervals": [],
  "working_time_modes": [],
  "accept_temporary": false,
  "fly_in_fly_out_duration": [],
  "work_format": [
    {
      "id": "ON_SITE",
      "name": "На месте работодателя"
    }
  ],
  "working_hours": [
    {
      "id": "HOURS_8",
      "name": "8 часов"
    }
  ],
  "work_schedule_by_days": [
    {
      "id": "FIVE_ON_TWO_OFF",
      "name": "5/2"
    }
  ],
  "night_shifts": false,
  "professional_roles": [
    {
      "id": "96",
      "name": "Программист, разработчик"
    }
  ],
  "accept_incomplete_resumes": true,
  "experience": {
    "id": "between1And3",
    "name": "От 1 года до 3 лет"
  },
  "employment": {
    "id": "full",
    "name": "Полная занятость"
  },
  "employment_form": {
    "id": "FULL",
    "name": "Полная"
  },
  "internship": false,
  "adv_response_url": null,
  "is_adv_vacancy": false,
  "adv_context": null
}