{
  "id": "128479841",
  "premium": false,
  "name": "Senior C# Разработчик",
  "department": null,
  "has_test": false,
  "response_letter_required": true,
  "area": {
    "id": "2758",
    "name": "Тбилиси",
    "url": "https://api.hh.ru/areas/2758"
  },
  "salary": null,
  "salary_range": null,
  "type": {
    "id": "open",
    "name": "Открытая"
  },
  "address": {
    "city": "Тбилиси",
    "street": null,
    "building": null,
    "lat": 41.69308,
    "lng": 44.80156,
    "description": null,
    "raw": "Тбилиси",
    "metro": null,
    "metro_stations": [],
    "id": "19347124"
  },
  "response_url": null,
  "sort_point_distance": null,
  "published_at": "2025-12-05T16:46:51+06:00",
  "created_at": "2025-12-05T16:46:51+06:00",
  "archived": false,
  "apply_alternate_url": "https://hh.ru/applicant/vacancy_response?vacancyId=128479841",
  "show_logo_in_search": null,
  "show_contacts": false,
  "insider_interview": null,
  "url": "https://api.hh.ru/vacancies/128479841?host=hh.ru",
  "alternate_url": "https://hh.ru/vacancy/128479841",
  "relations": [],
  "employer": {
    "id": "1037224",
    "name": "Extreme Developers",
    "url": "https://api.hh.ru/employers/1037224",
    "alternate_url": "https://hh.ru/employer/1037224",
    "logo_urls": {
      "original": "https://img.hhcdn.ru/employer-logo-original-round/2246258.png",
      "90": "https://img.hhcdn.ru/employer-logo-round/2246259.png",
      "240": "https://img.hhcdn.ru/employer-logo-round/2246260.png"
    },
    "vacancies_url": "https://api.hh.ru/vacancies?employer_id=1037224",
    "country_id": 1,
    "accredited_it_employer": true,
    "trusted": true
  },
  "snippet": {
    "requirement": "Экспертиза в <highlighttext>C#</highlighttext>: Ты имеешь богатый опыт коммерческой разработки на <highlighttext>C#</highlighttext> и глубоко понимаешь платформу <highlighttext>.NET</highlighttext>. Опыт в архитектуре ПО...",
    "responsibility": "Разработка на <highlighttext>C#</highlighttext>: Лично писать сложный, критически важный код для ядра фреймворка в среде Unity. Работа с распределенными системами: Проектировать..."
  },
  "contacts": null,
  "schedule": {
    "id": "remote",
    "name": "Удаленная работа"
  },
  "working_days": [],
  "working_time_intervals": [],
  "working_time_modes": [],
  "accept_temporary": false,
  "fly_in_fly_out_duration": [],
  "work_format": [
    {
      "id": "REMOTE",
      "name": "Удалённо"
    }
  ],
  "working_hours": [
    {
      "id": "HOURS_8",
      "name": "8 часов"
    }
  ],
  "work_schedule_by_days": [
    {
      "id": "FIVE_ON_TWO_OFF",
      "name": "5/2"
    }
  ],
  "night_shifts": false,
  "professional_roles": [
    {
      "id": "96",
      "name": "Программист, разработчик"
    }
  ],
  "accept_incomplete_resumes": false,
  "experience": {
    "id": "moreThan6",
    "name": "Более 6 лет"
  },
  "employment": {
    "id": "full",
    "name": "Полная занятость"
  },
  "employment_form": {
    "id": "FULL",
    "name": "Полная"
  },
  "internship": false,
  "adv_response_url": null,
  "is_adv_vacancy": false,
  "adv_context": null
}