{
  "id": "128488856",
  "premium": false,
  "name": "Стажер-исследователь",
  "department": null,
  "has_test": false,
  "response_letter_required": false,
  "area": {
    "id": "1",
    "name": "Москва",
    "url": "https://api.hh.ru/areas/1"
  },
  "salary": null,
  "salary_range": null,
  "type": {
    "id": "open",
    "name": "Открытая"
  },
  "address": {
    "city": "Москва",
    "street": "Электродная улица",
    "building": "2с1",
    "lat": 55.757024,
    "lng": 37.750793,
    "description": null,
    "raw": "Москва, Электродная улица, 2с1",
    "metro": {
      "station_name": "Шоссе Энтузиастов",
      "line_name": "Калининская",
      "station_id": "8.158",
      "line_id": "8",
      "lat": 55.75809,
      "lng": 37.751703
    },
    "metro_stations": [
      {
        "station_name": "Шоссе Энтузиастов",
        "line_name": "Калининская",
        "station_id": "8.158",
        "line_id": "8",
        "lat": 55.75809,
        "lng": 37.751703
      }
    ],
    "id": "14264811"
  },
  "response_url": null,
  "sort_point_distance": null,
  "published_at": "2025-12-05T19:13:14+06:00",
  "created_at": "2025-12-05T19:13:14+06:00",
  "archived": false,
  "apply_alternate_url": "https://hh.ru/applicant/vacancy_response?vacancyId=128488856",
  "show_logo_in_search": null,
  "show_contacts": false,
  "insider_interview": null,
  "url": "https://api.hh.ru/vacancies/128488856?host=hh.ru",
  "alternate_url": "https://hh.ru/vacancy/128488856",
  "relations": [],
  "employer": {
    "id": "673212",
    "name": "НИИГРАФИТ",
    "url": "https://api.hh.ru/employers/673212",
    "alternate_url": "https://hh.ru/employer/673212",
    "logo_urls": {
      "original": "https://img.hhcdn.ru/employer-logo-original-round/3947334.jpeg",
      "90": "https://img.hhcdn.ru/employer-logo-round/3947335.jpeg",
      "240": "https://img.hhcdn.ru/employer-logo-round/3947336.jpeg"
    },
    "vacancies_url": "https://api.hh.ru/vacancies?employer_id=673212",
    "country_id": 1,
    "accredited_it_employer": false,
    "trusted": true
  },
  "snippet": {
    "requirement": "Студент старших курсов технических специальностей. Знания в одной из областей: программирование (Python/<highlighttext>C#</highlighttext>) или физико-химическое моделирование + желание развиваться...",
    "responsibility": "Изучение инструментов моделирования (ANSYS, COMSOL) и стека разработки (<highlighttext>C#</highlighttext>, Python). Помощь в проведении расчетов и разработке модулей ПО. "
  },
  "contacts": null,
  "schedule": {
    "id": "fullDay",
    "name": "Полный день"
  },
  "working_days": [],
  "working_time_intervals": [],
  "working_time_modes": [],
  "accept_temporary": false,
  "fly_in_fly_out_duration": [],
  "work_format": [
    {
      "id": "ON_SITE",
      "name": "На месте работодателя"
    },
    {
      "id": "HYBRID",
      "name": "Гибрид"
    }
  ],
  "working_hours": [
    {
      "id": "HOURS_8",
      "name": "8 часов"
    }
  ],
  "work_schedule_by_days": [
    {
      "id": "FIVE_ON_TWO_OFF",
      "name": "5/2"
    }
  ],
  "night_shifts": false,
  "professional_roles": [
    {
      "id": "156",
      "name": "BI-аналитик, аналитик данных"
    }
  ],
  "accept_incomplete_resumes": false,
  "experience": {
    "id": "noExperience",
    "name": "Нет опыта"
  },
  "employment": {
    "id": "full",
    "name": "Полная занятость"
  },
  "employment_form": {
    "id": "FULL",
    "name": "Полная"
  },
  "internship": true,
  "adv_response_url": null,
  "is_adv_vacancy": false,
  "adv_context": null
}