{
  "id": "128484345",
  "premium": false,
  "name": "BackEnd Engineer (.Net)",
  "department": null,
  "has_test": false,
  "response_letter_required": false,
  "area": {
    "id": "2814",
    "name": "Батуми",
    "url": "https://api.hh.ru/areas/2814"
  },
  "salary": null,
  "salary_range": null,
  "type": {
    "id": "open",
    "name": "Открытая"
  },
  "address": {
    "city": "Батуми",
    "street": "улица Тбел Абусеридзе",
    "building": "5А",
    "lat": 41.639829,
    "lng": 41.621606,
    "description": null,
    "raw": "Батуми, улица Тбел Абусеридзе, 5А",
    "metro": null,
    "metro_stations": [],
    "id": "12843190"
  },
  "response_url": null,
  "sort_point_distance": null,
  "published_at": "2025-12-05T17:51:32+06:00",
  "created_at": "2025-12-05T17:51:32+06:00",
  "archived": false,
  "apply_alternate_url": "https://hh.ru/applicant/vacancy_response?vacancyId=128484345",
  "show_logo_in_search": null,
  "show_contacts": false,
  "insider_interview": null,
  "url": "https://api.hh.ru/vacancies/128484345?host=hh.ru",
  "alternate_url": "https://hh.ru/vacancy/128484345",
  "relations": [],
  "employer": {
    "id": "9607411",
    "name": "Georgian Data Solutions",
    "url": "https://api.hh.ru/employers/9607411",
    "alternate_url": "https://hh.ru/employer/9607411",
    "logo_urls": {
      "original": "https://img.hhcdn.ru/employer-logo-original-round/5904232.jpeg",
      "90": "https://img.hhcdn.ru/employer-logo-round/5904233.jpeg",
      "240": "https://img.hhcdn.ru/employer-logo-round/5904234.jpeg"
    },
    "vacancies_url": "https://api.hh.ru/vacancies?employer_id=9607411",
    "country_id": 8,
    "accredited_it_employer": false,
    "trusted": true
  },
  "snippet": {
    "requirement": "3+ years of experience in <highlighttext>C#</highlighttext> <highlighttext>.NET</highlighttext> development (including EF, WebAPI, <highlighttext>.NET</highlighttext>. Core). Familiarity with RabbitMQ and MassTransit. ",
    "responsibility": "Engage in development activities on the <highlighttext>.NET</highlighttext> platform. Analyze technical specifications and develop complex technical solutions based on the results. "
  },
  "contacts": null,
  "schedule": {
    "id": "fullDay",
    "name": "Полный день"
  },
  "working_days": [],
  "working_time_intervals": [],
  "working_time_modes": [],
  "accept_temporary": false,
  "fly_in_fly_out_duration": [],
  "work_format": [
    {
      "id": "ON_SITE",
      "name": "На месте работодателя"
    },
    {
      "id": "HYBRID",
      "name": "Гибрид"
    }
  ],
  "working_hours": [
    {
      "id": "HOURS_8",
      "name": "8 часов"
    }
  ],
  "work_schedule_by_days": [
    {
      "id": "FIVE_ON_TWO_OFF",
      "name": "5/2"
    }
  ],
  "night_shifts": false,
  "professional_roles": [
    {
      "id": "96",
      "name": "Программист, разработчик"
    }
  ],
  "accept_incomplete_resumes": false,
  "experience": {
    "id": "between3And6",
    "name": "От 3 до 6 лет"
  },
  "employment": {
    "id": "full",
    "name": "Полная занятость"
  },
  "employment_form": {
    "id": "FULL",
    "name": "Полная"
  },
  "internship": false,
  "adv_response_url": null,
  "is_adv_vacancy": false,
  "adv_context": null
}