{
  "id": "128484564",
  "premium": false,
  "name": "Разработчик BPMSoft Senior",
  "department": null,
  "has_test": false,
  "response_letter_required": false,
  "area": {
    "id": "1",
    "name": "Москва",
    "url": "https://api.hh.ru/areas/1"
  },
  "salary": null,
  "salary_range": null,
  "type": {
    "id": "open",
    "name": "Открытая"
  },
  "address": null,
  "response_url": null,
  "sort_point_distance": null,
  "published_at": "2025-12-05T17:55:20+06:00",
  "created_at": "2025-12-05T17:55:20+06:00",
  "archived": false,
  "apply_alternate_url": "https://hh.ru/applicant/vacancy_response?vacancyId=128484564",
  "branding": {
    "type": "MAKEUP",
    "tariff": null
  },
  "show_logo_in_search": true,
  "show_contacts": false,
  "insider_interview": null,
  "url": "https://api.hh.ru/vacancies/128484564?host=hh.ru",
  "alternate_url": "https://hh.ru/vacancy/128484564",
  "relations": [],
  "employer": {
    "id": "4614421",
    "name": "RedLab",
    "url": "https://api.hh.ru/employers/4614421",
    "alternate_url": "https://hh.ru/employer/4614421",
    "logo_urls": {
      "original": "https://img.hhcdn.ru/employer-logo-original/1404568.png",
      "90": "https://img.hhcdn.ru/employer-logo/7237940.png",
      "240": "https://img.hhcdn.ru/employer-logo/7237941.png"
    },
    "vacancies_url": "https://api.hh.ru/vacancies?employer_id=4614421",
    "country_id": 1,
    "accredited_it_employer": true,
    "trusted": true
  },
  "snippet": {
    "requirement": "Коммерческий опыт от 5 лет и уверенное знание <highlighttext>C#</highlighttext>, <highlighttext>.NET</highlighttext>, ASP.NET, WebApi, JavaScript и фреймворки, HTML/CSS, SQL, MVC. ",
    "responsibility": "Разработка новых модулей системы и доработка существующих; back-end и front-end BPMSoft. Настройка бизнес-процессов в системе, отчетов и..."
  },
  "contacts": null,
  "schedule": {
    "id": "remote",
    "name": "Удаленная работа"
  },
  "working_days": [],
  "working_time_intervals": [],
  "working_time_modes": [],
  "accept_temporary": false,
  "fly_in_fly_out_duration": [],
  "work_format": [
    {
      "id": "REMOTE",
      "name": "Удалённо"
    }
  ],
  "working_hours": [
    {
      "id": "HOURS_8",
      "name": "8 часов"
    }
  ],
  "work_schedule_by_days": [
    {
      "id": "FIVE_ON_TWO_OFF",
      "name": "5/2"
    }
  ],
  "night_shifts": false,
  "professional_roles": [
    {
      "id": "96",
      "name": "Программист, разработчик"
    }
  ],
  "accept_incomplete_resumes": false,
  "experience": {
    "id": "between3And6",
    "name": "От 3 до 6 лет"
  },
  "employment": {
    "id": "full",
    "name": "Полная занятость"
  },
  "employment_form": {
    "id": "FULL",
    "name": "Полная"
  },
  "internship": false,
  "adv_response_url": null,
  "is_adv_vacancy": false,
  "adv_context": null
}