{
  "id": "128493174",
  "premium": false,
  "name": "C# разработчик (в офис)",
  "department": null,
  "has_test": false,
  "response_letter_required": false,
  "area": {
    "id": "96",
    "name": "Ижевск",
    "url": "https://api.hh.ru/areas/96"
  },
  "salary": null,
  "salary_range": null,
  "type": {
    "id": "open",
    "name": "Открытая"
  },
  "address": {
    "city": "Ижевск",
    "street": "улица имени Вадима Сивкова",
    "building": "279",
    "lat": 56.861161,
    "lng": 53.204304,
    "description": null,
    "raw": "Ижевск, улица имени Вадима Сивкова, 279",
    "metro": null,
    "metro_stations": [],
    "id": "736309"
  },
  "response_url": null,
  "sort_point_distance": null,
  "published_at": "2025-12-05T20:48:42+06:00",
  "created_at": "2025-12-05T20:48:42+06:00",
  "archived": false,
  "apply_alternate_url": "https://hh.ru/applicant/vacancy_response?vacancyId=128493174",
  "show_logo_in_search": null,
  "show_contacts": true,
  "insider_interview": null,
  "url": "https://api.hh.ru/vacancies/128493174?host=hh.ru",
  "alternate_url": "https://hh.ru/vacancy/128493174",
  "relations": [],
  "employer": {
    "id": "62065",
    "name": "Русские Информационные Технологии",
    "url": "https://api.hh.ru/employers/62065",
    "alternate_url": "https://hh.ru/employer/62065",
    "logo_urls": {
      "original": "https://img.hhcdn.ru/employer-logo-original-round/6905521.png",
      "90": "https://img.hhcdn.ru/employer-logo-round/6905522.png",
      "240": "https://img.hhcdn.ru/employer-logo-round/6905523.png"
    },
    "vacancies_url": "https://api.hh.ru/vacancies?employer_id=62065",
    "country_id": 1,
    "accredited_it_employer": true,
    "trusted": true
  },
  "snippet": {
    "requirement": "Опыт коммерческой разработки на <highlighttext>C#</highlighttext> от 2-х лет. Понимание работы платформы <highlighttext>.NET</highlighttext> Framework. Знание SQL, опыт работы с PostgresSQL. ",
    "responsibility": "Задачи: разработка нового функционала, доработка и сопровождение существующих проектов продукта. Работа в аккредитованной IT-компании."
  },
  "contacts": null,
  "schedule": {
    "id": "fullDay",
    "name": "Полный день"
  },
  "working_days": [],
  "working_time_intervals": [],
  "working_time_modes": [],
  "accept_temporary": false,
  "fly_in_fly_out_duration": [],
  "work_format": [
    {
      "id": "ON_SITE",
      "name": "На месте работодателя"
    }
  ],
  "working_hours": [
    {
      "id": "HOURS_8",
      "name": "8 часов"
    }
  ],
  "work_schedule_by_days": [
    {
      "id": "FIVE_ON_TWO_OFF",
      "name": "5/2"
    }
  ],
  "night_shifts": false,
  "professional_roles": [
    {
      "id": "96",
      "name": "Программист, разработчик"
    }
  ],
  "accept_incomplete_resumes": false,
  "experience": {
    "id": "between3And6",
    "name": "От 3 до 6 лет"
  },
  "employment": {
    "id": "full",
    "name": "Полная занятость"
  },
  "employment_form": {
    "id": "FULL",
    "name": "Полная"
  },
  "internship": false,
  "adv_response_url": null,
  "is_adv_vacancy": false,
  "adv_context": null
}