{
  "id": "128475362",
  "premium": false,
  "name": "Senior Database Developer",
  "department": null,
  "has_test": false,
  "response_letter_required": false,
  "area": {
    "id": "1",
    "name": "Москва",
    "url": "https://api.hh.ru/areas/1"
  },
  "salary": null,
  "salary_range": null,
  "type": {
    "id": "open",
    "name": "Открытая"
  },
  "address": {
    "city": "Москва",
    "street": "Ленинградское шоссе",
    "building": "39Ас3",
    "lat": 55.836443,
    "lng": 37.481729,
    "description": null,
    "raw": "Москва, Ленинградское шоссе, 39Ас3",
    "metro": {
      "station_name": "Водный стадион",
      "line_name": "Замоскворецкая",
      "station_id": "2.29",
      "line_id": "2",
      "lat": 55.838978,
      "lng": 37.487515
    },
    "metro_stations": [
      {
        "station_name": "Водный стадион",
        "line_name": "Замоскворецкая",
        "station_id": "2.29",
        "line_id": "2",
        "lat": 55.838978,
        "lng": 37.487515
      }
    ],
    "id": "18793627"
  },
  "response_url": null,
  "sort_point_distance": null,
  "published_at": "2025-12-05T15:40:17+06:00",
  "created_at": "2025-12-05T15:40:17+06:00",
  "archived": false,
  "apply_alternate_url": "https://hh.ru/applicant/vacancy_response?vacancyId=128475362",
  "branding": {
    "type": "MAKEUP",
    "tariff": null
  },
  "show_logo_in_search": true,
  "show_contacts": false,
  "insider_interview": null,
  "url": "https://api.hh.ru/vacancies/128475362?host=hh.ru",
  "alternate_url": "https://hh.ru/vacancy/128475362",
  "relations": [],
  "employer": {
    "id": "1057",
    "name": "Лаборатория Касперского",
    "url": "https://api.hh.ru/employers/1057",
    "alternate_url": "https://hh.ru/employer/1057",
    "logo_urls": {
      "original": "https://img.hhcdn.ru/employer-logo-original/1391729.png",
      "90": "https://img.hhcdn.ru/employer-logo/7186699.png",
      "240": "https://img.hhcdn.ru/employer-logo/7186700.png"
    },
    "vacancies_url": "https://api.hh.ru/vacancies?employer_id=1057",
    "country_id": 1,
    "accredited_it_employer": true,
    "trusted": true
  },
  "snippet": {
    "requirement": "Опыт разработки на одном из языков: <highlighttext>C#</highlighttext>, Python, Go. Умение быстро разбираться в чужом коде, оптимизировать и рефакторить как свой...",
    "responsibility": "Реализация сложной бизнес-логики на уровне БД. Участвовать в создании и поддержке архитектуры баз данных. Построение и поддержание инфраструктуры, необходимой..."
  },
  "contacts": null,
  "schedule": {
    "id": "remote",
    "name": "Удаленная работа"
  },
  "working_days": [],
  "working_time_intervals": [],
  "working_time_modes": [],
  "accept_temporary": false,
  "fly_in_fly_out_duration": [],
  "work_format": [
    {
      "id": "ON_SITE",
      "name": "На месте работодателя"
    },
    {
      "id": "REMOTE",
      "name": "Удалённо"
    },
    {
      "id": "HYBRID",
      "name": "Гибрид"
    }
  ],
  "working_hours": [
    {
      "id": "HOURS_8",
      "name": "8 часов"
    }
  ],
  "work_schedule_by_days": [
    {
      "id": "FIVE_ON_TWO_OFF",
      "name": "5/2"
    }
  ],
  "night_shifts": false,
  "professional_roles": [
    {
      "id": "165",
      "name": "Дата-сайентист"
    }
  ],
  "accept_incomplete_resumes": false,
  "experience": {
    "id": "moreThan6",
    "name": "Более 6 лет"
  },
  "employment": {
    "id": "full",
    "name": "Полная занятость"
  },
  "employment_form": {
    "id": "FULL",
    "name": "Полная"
  },
  "internship": false,
  "adv_response_url": null,
  "is_adv_vacancy": false,
  "adv_context": null
}