{
  "id": "128479184",
  "premium": false,
  "name": "Фуллстек-разработчик Node+React Developer (AI-Driven Development)",
  "department": null,
  "has_test": false,
  "response_letter_required": false,
  "area": {
    "id": "234",
    "name": "Румыния",
    "url": "https://api.hh.ru/areas/234"
  },
  "salary": {
    "from": 3500,
    "to": 4500,
    "currency": "USD",
    "gross": true
  },
  "salary_range": {
    "from": 3500,
    "to": 4500,
    "currency": "USD",
    "gross": true,
    "mode": {
      "id": "MONTH",
      "name": "За месяц"
    },
    "frequency": {
      "id": "MONTHLY",
      "name": "Раз в месяц"
    }
  },
  "type": {
    "id": "open",
    "name": "Открытая"
  },
  "address": null,
  "response_url": null,
  "sort_point_distance": null,
  "published_at": "2025-12-05T16:36:56+06:00",
  "created_at": "2025-12-05T16:36:56+06:00",
  "archived": false,
  "apply_alternate_url": "https://hh.ru/applicant/vacancy_response?vacancyId=128479184",
  "show_logo_in_search": null,
  "show_contacts": false,
  "insider_interview": null,
  "url": "https://api.hh.ru/vacancies/128479184?host=hh.ru",
  "alternate_url": "https://hh.ru/vacancy/128479184",
  "relations": [],
  "employer": {
    "id": "1469299",
    "name": "Valletta.Software",
    "url": "https://api.hh.ru/employers/1469299",
    "alternate_url": "https://hh.ru/employer/1469299",
    "logo_urls": {
      "original": "https://img.hhcdn.ru/employer-logo-original/1480647.png",
      "90": "https://img.hhcdn.ru/employer-logo/11967530.png",
      "240": "https://img.hhcdn.ru/employer-logo/11967531.png"
    },
    "vacancies_url": "https://api.hh.ru/vacancies?employer_id=1469299",
    "country_id": 1,
    "accredited_it_employer": false,
    "trusted": true
  },
  "snippet": {
    "requirement": "100% Remote, working time zone GMT+4. You will work in an international team, so knowledge of English B2...",
    "responsibility": "Vallettasoftware - custom mobile/web software developer in the US and Europe. Our teams implement IT projects of varying complexity, including..."
  },
  "contacts": null,
  "schedule": {
    "id": "remote",
    "name": "Удаленная работа"
  },
  "working_days": [],
  "working_time_intervals": [],
  "working_time_modes": [],
  "accept_temporary": true,
  "fly_in_fly_out_duration": [],
  "work_format": [
    {
      "id": "REMOTE",
      "name": "Удалённо"
    }
  ],
  "working_hours": [
    {
      "id": "HOURS_8",
      "name": "8 часов"
    }
  ],
  "work_schedule_by_days": [
    {
      "id": "FIVE_ON_TWO_OFF",
      "name": "5/2"
    }
  ],
  "night_shifts": false,
  "professional_roles": [
    {
      "id": "96",
      "name": "Программист, разработчик"
    }
  ],
  "accept_incomplete_resumes": false,
  "experience": {
    "id": "between3And6",
    "name": "От 3 до 6 лет"
  },
  "employment": {
    "id": "full",
    "name": "Полная занятость"
  },
  "employment_form": {
    "id": "FULL",
    "name": "Полная"
  },
  "internship": false,
  "adv_response_url": null,
  "is_adv_vacancy": false,
  "adv_context": null
}