{
  "id": "128420090",
  "premium": false,
  "name": "C#/.NET-разработчик",
  "department": {
    "id": "47939-47939-it",
    "name": "Ак Барс Банк, ИТ"
  },
  "has_test": false,
  "response_letter_required": false,
  "area": {
    "id": "88",
    "name": "Казань",
    "url": "https://api.hh.ru/areas/88"
  },
  "salary": null,
  "salary_range": null,
  "type": {
    "id": "open",
    "name": "Открытая"
  },
  "address": {
    "city": "Казань",
    "street": "Ново-Савиновский район, Меридианная улица",
    "building": "4",
    "lat": 55.817153,
    "lng": 49.118002,
    "description": null,
    "raw": "Казань, Ново-Савиновский район, Меридианная улица, 4",
    "metro": null,
    "metro_stations": [],
    "id": "14570440"
  },
  "response_url": null,
  "sort_point_distance": null,
  "published_at": "2025-12-04T13:31:02+06:00",
  "created_at": "2025-12-04T13:31:02+06:00",
  "archived": false,
  "apply_alternate_url": "https://hh.ru/applicant/vacancy_response?vacancyId=128420090",
  "branding": {
    "type": "MAKEUP",
    "tariff": null
  },
  "brand_snippet": {
    "logo": null,
    "logo_xs": null,
    "logo_scalable": {
      "default": {
        "width": 108,
        "height": 38,
        "url": "https://img.hhcdn.ru/brand-snippet-pictures/01416.png"
      },
      "xs": {
        "width": 101,
        "height": 34,
        "url": "https://img.hhcdn.ru/brand-snippet-pictures/01417.png"
      }
    },
    "picture": null,
    "picture_xs": null,
    "picture_scalable": {
      "default": {
        "width": 218,
        "height": 367,
        "url": "https://img.hhcdn.ru/brand-snippet-pictures/01418.png"
      },
      "xs": {
        "width": 178,
        "height": 187,
        "url": "https://img.hhcdn.ru/brand-snippet-pictures/01419.png"
      }
    },
    "background": {
      "color": "#CADFEA",
      "gradient": null
    }
  },
  "show_logo_in_search": true,
  "show_contacts": false,
  "insider_interview": null,
  "url": "https://api.hh.ru/vacancies/128420090?host=hh.ru",
  "alternate_url": "https://hh.ru/vacancy/128420090",
  "relations": [],
  "employer": {
    "id": "47939",
    "name": "Ак Барс Банк",
    "url": "https://api.hh.ru/employers/47939",
    "alternate_url": "https://hh.ru/employer/47939",
    "logo_urls": {
      "original": "https://img.hhcdn.ru/employer-logo-original/1416191.png",
      "90": "https://img.hhcdn.ru/employer-logo/7284420.png",
      "240": "https://img.hhcdn.ru/employer-logo/7284421.png"
    },
    "vacancies_url": "https://api.hh.ru/vacancies?employer_id=47939",
    "country_id": 1,
    "accredited_it_employer": false,
    "trusted": true
  },
  "snippet": {
    "requirement": "Высшее образование. Опыт коммерческой разработки на <highlighttext>C#</highlighttext>/<highlighttext>.NET</highlighttext> от 2-3х лет. Глубокое понимание <highlighttext>.NET</highlighttext> Core, ASP.NETCore, REST API. ",
    "responsibility": "Разработкой и поддержкой backend-части приложений на <highlighttext>C#</highlighttext>/<highlighttext>.NET</highlighttext> (Core). Участием в проектировании архитектуры и принятии технических решений. "
  },
  "contacts": null,
  "schedule": {
    "id": "fullDay",
    "name": "Полный день"
  },
  "working_days": [],
  "working_time_intervals": [],
  "working_time_modes": [],
  "accept_temporary": false,
  "fly_in_fly_out_duration": [],
  "work_format": [
    {
      "id": "HYBRID",
      "name": "Гибрид"
    }
  ],
  "working_hours": [
    {
      "id": "HOURS_8",
      "name": "8 часов"
    }
  ],
  "work_schedule_by_days": [
    {
      "id": "FIVE_ON_TWO_OFF",
      "name": "5/2"
    }
  ],
  "night_shifts": false,
  "professional_roles": [
    {
      "id": "96",
      "name": "Программист, разработчик"
    }
  ],
  "accept_incomplete_resumes": false,
  "experience": {
    "id": "between3And6",
    "name": "От 3 до 6 лет"
  },
  "employment": {
    "id": "full",
    "name": "Полная занятость"
  },
  "employment_form": {
    "id": "FULL",
    "name": "Полная"
  },
  "internship": false,
  "adv_response_url": null,
  "is_adv_vacancy": false,
  "adv_context": null
}