{
  "id": "128491295",
  "premium": false,
  "name": "Team Lead команды разработки",
  "department": null,
  "has_test": true,
  "response_letter_required": false,
  "area": {
    "id": "1",
    "name": "Москва",
    "url": "https://api.hh.ru/areas/1"
  },
  "salary": null,
  "salary_range": null,
  "type": {
    "id": "open",
    "name": "Открытая"
  },
  "address": {
    "city": "Москва",
    "street": "Западный административный округ, район Солнцево, Киевское шоссе, 22-й километр",
    "building": "6Ас1кВ2",
    "lat": 55.63565413365392,
    "lng": 37.4306396772461,
    "description": null,
    "raw": "Москва, Западный административный округ, район Солнцево, Киевское шоссе, 22-й километр, 6Ас1кВ2",
    "metro": {
      "station_name": "Говорово",
      "line_name": "Солнцевская",
      "station_id": "133.609",
      "line_id": "133",
      "lat": 55.6588,
      "lng": 37.4174
    },
    "metro_stations": [
      {
        "station_name": "Говорово",
        "line_name": "Солнцевская",
        "station_id": "133.609",
        "line_id": "133",
        "lat": 55.6588,
        "lng": 37.4174
      },
      {
        "station_name": "Румянцево",
        "line_name": "Сокольническая",
        "station_id": "1.513",
        "line_id": "1",
        "lat": 55.633,
        "lng": 37.4419
      },
      {
        "station_name": "Саларьево",
        "line_name": "Сокольническая",
        "station_id": "1.514",
        "line_id": "1",
        "lat": 55.6227,
        "lng": 37.424
      },
      {
        "station_name": "Тропарево",
        "line_name": "Сокольническая",
        "station_id": "1.505",
        "line_id": "1",
        "lat": 55.6459,
        "lng": 37.4725
      }
    ],
    "id": "20966799"
  },
  "response_url": null,
  "sort_point_distance": null,
  "published_at": "2025-12-05T20:01:10+06:00",
  "created_at": "2025-12-05T20:01:10+06:00",
  "archived": false,
  "apply_alternate_url": "https://hh.ru/applicant/vacancy_response?vacancyId=128491295",
  "show_logo_in_search": null,
  "show_contacts": true,
  "insider_interview": null,
  "url": "https://api.hh.ru/vacancies/128491295?host=hh.ru",
  "alternate_url": "https://hh.ru/vacancy/128491295",
  "relations": [],
  "employer": {
    "id": "3936097",
    "name": "Каргономика",
    "url": "https://api.hh.ru/employers/3936097",
    "alternate_url": "https://hh.ru/employer/3936097",
    "logo_urls": {
      "original": "https://img.hhcdn.ru/employer-logo-original-round/7017805.png",
      "90": "https://img.hhcdn.ru/employer-logo-round/7017806.png",
      "240": "https://img.hhcdn.ru/employer-logo-round/7017807.png"
    },
    "vacancies_url": "https://api.hh.ru/vacancies?employer_id=3936097",
    "country_id": 1,
    "accredited_it_employer": true,
    "trusted": true
  },
  "snippet": {
    "requirement": "Обязательные требования (must have). Опыт: 2+ года на позиции тимлида.",
    "responsibility": "Техническое лидерство (hands-on ~40%). Участие в разработке на стеке <highlighttext>.NET</highlighttext> + Vue. Участие в проектировании архитектуры новых продуктов и..."
  },
  "contacts": null,
  "schedule": {
    "id": "fullDay",
    "name": "Полный день"
  },
  "working_days": [],
  "working_time_intervals": [],
  "working_time_modes": [],
  "accept_temporary": false,
  "fly_in_fly_out_duration": [],
  "work_format": [
    {
      "id": "ON_SITE",
      "name": "На месте работодателя"
    }
  ],
  "working_hours": [
    {
      "id": "HOURS_8",
      "name": "8 часов"
    }
  ],
  "work_schedule_by_days": [
    {
      "id": "FIVE_ON_TWO_OFF",
      "name": "5/2"
    }
  ],
  "night_shifts": false,
  "professional_roles": [
    {
      "id": "104",
      "name": "Руководитель группы разработки"
    }
  ],
  "accept_incomplete_resumes": false,
  "experience": {
    "id": "between3And6",
    "name": "От 3 до 6 лет"
  },
  "employment": {
    "id": "full",
    "name": "Полная занятость"
  },
  "employment_form": {
    "id": "FULL",
    "name": "Полная"
  },
  "internship": false,
  "adv_response_url": null,
  "is_adv_vacancy": false,
  "adv_context": null
}