{
  "id": "128488694",
  "premium": false,
  "name": "C#/.NET Developer (Desktop Apps)",
  "department": null,
  "has_test": true,
  "response_letter_required": false,
  "area": {
    "id": "2",
    "name": "Санкт-Петербург",
    "url": "https://api.hh.ru/areas/2"
  },
  "salary": null,
  "salary_range": null,
  "type": {
    "id": "open",
    "name": "Открытая"
  },
  "address": null,
  "response_url": null,
  "sort_point_distance": null,
  "published_at": "2025-12-23T19:09:09+06:00",
  "created_at": "2025-12-23T19:09:09+06:00",
  "archived": false,
  "apply_alternate_url": "https://hh.ru/applicant/vacancy_response?vacancyId=128488694",
  "branding": {
    "type": "CONSTRUCTOR",
    "tariff": "BASIC"
  },
  "show_logo_in_search": true,
  "show_contacts": false,
  "insider_interview": null,
  "url": "https://api.hh.ru/vacancies/128488694?host=hh.ru",
  "alternate_url": "https://hh.ru/vacancy/128488694",
  "relations": [],
  "employer": {
    "id": "723714",
    "name": "ZennoLab",
    "url": "https://api.hh.ru/employers/723714",
    "alternate_url": "https://hh.ru/employer/723714",
    "logo_urls": {
      "original": "https://img.hhcdn.ru/employer-logo-original-round/6872417.png",
      "90": "https://img.hhcdn.ru/employer-logo-round/6872418.png",
      "240": "https://img.hhcdn.ru/employer-logo-round/6872419.png"
    },
    "vacancies_url": "https://api.hh.ru/vacancies?employer_id=723714",
    "country_id": 1,
    "accredited_it_employer": true,
    "trusted": true
  },
  "snippet": {
    "requirement": "Опыт разработки на <highlighttext>C#</highlighttext> не менее 3 лет. Опыт работы с платформой <highlighttext>.NET</highlighttext> более 3 лет. Опыт создания WinForms контролов...",
    "responsibility": "Разрабатывать новый функционал. Настраивать интеграции с другими системами. Обеспечивать производительность и эффективную работу высоконагруженного приложения. Обеспечивать качество кода, проводить рефакторинг..."
  },
  "contacts": null,
  "schedule": {
    "id": "remote",
    "name": "Удаленная работа"
  },
  "working_days": [],
  "working_time_intervals": [],
  "working_time_modes": [],
  "accept_temporary": false,
  "fly_in_fly_out_duration": [],
  "work_format": [
    {
      "id": "REMOTE",
      "name": "Удалённо"
    }
  ],
  "working_hours": [
    {
      "id": "HOURS_8",
      "name": "8 часов"
    }
  ],
  "work_schedule_by_days": [
    {
      "id": "FIVE_ON_TWO_OFF",
      "name": "5/2"
    }
  ],
  "night_shifts": false,
  "professional_roles": [
    {
      "id": "96",
      "name": "Программист, разработчик"
    }
  ],
  "accept_incomplete_resumes": false,
  "experience": {
    "id": "between3And6",
    "name": "От 3 до 6 лет"
  },
  "employment": {
    "id": "full",
    "name": "Полная занятость"
  },
  "employment_form": {
    "id": "FULL",
    "name": "Полная"
  },
  "internship": false,
  "adv_response_url": null,
  "is_adv_vacancy": false,
  "adv_context": null
}