{
  "id": "128431076",
  "premium": false,
  "name": "Backend .NET разработчик",
  "department": null,
  "has_test": false,
  "response_letter_required": false,
  "area": {
    "id": "1",
    "name": "Москва",
    "url": "https://api.hh.ru/areas/1"
  },
  "salary": null,
  "salary_range": null,
  "type": {
    "id": "open",
    "name": "Открытая"
  },
  "address": null,
  "response_url": null,
  "sort_point_distance": null,
  "published_at": "2025-12-04T16:33:46+06:00",
  "created_at": "2025-12-04T16:33:46+06:00",
  "archived": false,
  "apply_alternate_url": "https://hh.ru/applicant/vacancy_response?vacancyId=128431076",
  "show_logo_in_search": null,
  "show_contacts": false,
  "insider_interview": null,
  "url": "https://api.hh.ru/vacancies/128431076?host=hh.ru",
  "alternate_url": "https://hh.ru/vacancy/128431076",
  "relations": [],
  "employer": {
    "id": "180028",
    "name": "Finstar Financial Group",
    "url": "https://api.hh.ru/employers/180028",
    "alternate_url": "https://hh.ru/employer/180028",
    "logo_urls": {
      "original": "https://img.hhcdn.ru/employer-logo-original-round/3183663.jpeg",
      "90": "https://img.hhcdn.ru/employer-logo-round/3183664.jpeg",
      "240": "https://img.hhcdn.ru/employer-logo-round/3183665.jpeg"
    },
    "vacancies_url": "https://api.hh.ru/vacancies?employer_id=180028",
    "country_id": 1,
    "accredited_it_employer": false,
    "trusted": true
  },
  "snippet": {
    "requirement": "Уверенный коммерческий опыт на <highlighttext>C#</highlighttext> ASP.NET Core. ASP.NET (MVC, WebAPI). Опыт написания сложных SQL запросов. Опыт написания API, опыт интеграции...",
    "responsibility": "Проектирование и разработка программного обеспечения продукта FinBeat. Написание API, интеграция с внешними системами. Поддержка работающих решений. Адаптация ПО для зарубежных..."
  },
  "contacts": null,
  "schedule": {
    "id": "remote",
    "name": "Удаленная работа"
  },
  "working_days": [],
  "working_time_intervals": [],
  "working_time_modes": [],
  "accept_temporary": false,
  "fly_in_fly_out_duration": [],
  "work_format": [
    {
      "id": "REMOTE",
      "name": "Удалённо"
    }
  ],
  "working_hours": [
    {
      "id": "HOURS_8",
      "name": "8 часов"
    }
  ],
  "work_schedule_by_days": [
    {
      "id": "FIVE_ON_TWO_OFF",
      "name": "5/2"
    }
  ],
  "night_shifts": false,
  "professional_roles": [
    {
      "id": "96",
      "name": "Программист, разработчик"
    }
  ],
  "accept_incomplete_resumes": false,
  "experience": {
    "id": "between3And6",
    "name": "От 3 до 6 лет"
  },
  "employment": {
    "id": "full",
    "name": "Полная занятость"
  },
  "employment_form": {
    "id": "FULL",
    "name": "Полная"
  },
  "internship": false,
  "adv_response_url": null,
  "is_adv_vacancy": false,
  "adv_context": null
}