{
  "id": "128493032",
  "premium": false,
  "name": "C# Backend developer",
  "department": null,
  "has_test": false,
  "response_letter_required": false,
  "area": {
    "id": "1",
    "name": "Москва",
    "url": "https://api.hh.ru/areas/1"
  },
  "salary": null,
  "salary_range": null,
  "type": {
    "id": "open",
    "name": "Открытая"
  },
  "address": null,
  "response_url": null,
  "sort_point_distance": null,
  "published_at": "2025-12-23T20:43:53+06:00",
  "created_at": "2025-12-23T20:43:53+06:00",
  "archived": false,
  "apply_alternate_url": "https://hh.ru/applicant/vacancy_response?vacancyId=128493032",
  "show_logo_in_search": null,
  "show_contacts": false,
  "insider_interview": null,
  "url": "https://api.hh.ru/vacancies/128493032?host=hh.ru",
  "alternate_url": "https://hh.ru/vacancy/128493032",
  "relations": [],
  "employer": {
    "id": "9664375",
    "name": "Puzzle Point",
    "url": "https://api.hh.ru/employers/9664375",
    "alternate_url": "https://hh.ru/employer/9664375",
    "logo_urls": {
      "original": "https://img.hhcdn.ru/employer-logo-original/1387399.png",
      "90": "https://img.hhcdn.ru/employer-logo/7169383.png",
      "240": "https://img.hhcdn.ru/employer-logo/7169384.png"
    },
    "vacancies_url": "https://api.hh.ru/vacancies?employer_id=9664375",
    "country_id": 1,
    "accredited_it_employer": false,
    "trusted": true
  },
  "snippet": {
    "requirement": "<highlighttext>C#</highlighttext> <highlighttext>.NET</highlighttext> (3+ года коммерческого опыта в игровых проектах), ASP.NET Core 6+, async/await. PostgreSQL (запросы, оптимизация, транзакции). ",
    "responsibility": "Создавать и поддерживать высоконагруженные сервисы игрового бэкенда (социальные функции, экономика, матчмейкинг, прогресс). Отбор резюме. Первичное собеседование с HR. Техническое собеседование."
  },
  "contacts": null,
  "schedule": {
    "id": "remote",
    "name": "Удаленная работа"
  },
  "working_days": [],
  "working_time_intervals": [],
  "working_time_modes": [],
  "accept_temporary": false,
  "fly_in_fly_out_duration": [],
  "work_format": [
    {
      "id": "REMOTE",
      "name": "Удалённо"
    }
  ],
  "working_hours": [
    {
      "id": "HOURS_8",
      "name": "8 часов"
    }
  ],
  "work_schedule_by_days": [
    {
      "id": "FIVE_ON_TWO_OFF",
      "name": "5/2"
    }
  ],
  "night_shifts": false,
  "professional_roles": [
    {
      "id": "96",
      "name": "Программист, разработчик"
    }
  ],
  "accept_incomplete_resumes": false,
  "experience": {
    "id": "between3And6",
    "name": "От 3 до 6 лет"
  },
  "employment": {
    "id": "full",
    "name": "Полная занятость"
  },
  "employment_form": {
    "id": "FULL",
    "name": "Полная"
  },
  "internship": false,
  "adv_response_url": null,
  "is_adv_vacancy": false,
  "adv_context": null
}