{
  "id": "128445587",
  "premium": false,
  "name": "Ведущий инженер-программист Python (в офисе)",
  "department": null,
  "has_test": false,
  "response_letter_required": false,
  "area": {
    "id": "1",
    "name": "Москва",
    "url": "https://api.hh.ru/areas/1"
  },
  "salary": null,
  "salary_range": null,
  "type": {
    "id": "open",
    "name": "Открытая"
  },
  "address": {
    "city": null,
    "street": null,
    "building": null,
    "lat": null,
    "lng": null,
    "description": null,
    "raw": null,
    "metro": {
      "station_name": "Новокузнецкая",
      "line_name": "Замоскворецкая",
      "station_id": "2.89",
      "line_id": "2",
      "lat": 55.742391,
      "lng": 37.62928
    },
    "metro_stations": [
      {
        "station_name": "Новокузнецкая",
        "line_name": "Замоскворецкая",
        "station_id": "2.89",
        "line_id": "2",
        "lat": 55.742391,
        "lng": 37.62928
      },
      {
        "station_name": "Третьяковская",
        "line_name": "Калужско-Рижская",
        "station_id": "6.90",
        "line_id": "6",
        "lat": 55.74073,
        "lng": 37.625624
      },
      {
        "station_name": "Третьяковская",
        "line_name": "Калининская",
        "station_id": "8.91",
        "line_id": "8",
        "lat": 55.741125,
        "lng": 37.626142
      }
    ],
    "id": "18577590"
  },
  "response_url": null,
  "sort_point_distance": null,
  "published_at": "2025-12-22T20:56:03+06:00",
  "created_at": "2025-12-22T20:56:03+06:00",
  "archived": false,
  "apply_alternate_url": "https://hh.ru/applicant/vacancy_response?vacancyId=128445587",
  "show_logo_in_search": null,
  "show_contacts": false,
  "insider_interview": null,
  "url": "https://api.hh.ru/vacancies/128445587?host=hh.ru",
  "alternate_url": "https://hh.ru/vacancy/128445587",
  "relations": [],
  "employer": {
    "id": "4244784",
    "name": "ВиКонт",
    "url": "https://api.hh.ru/employers/4244784",
    "alternate_url": "https://hh.ru/employer/4244784",
    "logo_urls": {
      "original": "https://img.hhcdn.ru/employer-logo-original/1401280.png",
      "90": "https://img.hhcdn.ru/employer-logo/7224891.png",
      "240": "https://img.hhcdn.ru/employer-logo/7224892.png"
    },
    "vacancies_url": "https://api.hh.ru/vacancies?employer_id=4244784",
    "country_id": 1,
    "accredited_it_employer": false,
    "trusted": true
  },
  "snippet": {
    "requirement": "...и библиотеками для извлечения признаков из временных рядов. Умение оптимизировать код для работы с большими объемами данных. Знание языка <highlighttext>C#</highlighttext>.",
    "responsibility": "Разработка прикладного ПО на Python для Windows и Linux (Backend: алгоритмика, математика). Доработка и поддержка существующего ПО. Проектирование программных решений. "
  },
  "contacts": null,
  "schedule": {
    "id": "fullDay",
    "name": "Полный день"
  },
  "working_days": [],
  "working_time_intervals": [],
  "working_time_modes": [],
  "accept_temporary": false,
  "fly_in_fly_out_duration": [],
  "work_format": [],
  "working_hours": [
    {
      "id": "HOURS_8",
      "name": "8 часов"
    }
  ],
  "work_schedule_by_days": [
    {
      "id": "FIVE_ON_TWO_OFF",
      "name": "5/2"
    }
  ],
  "night_shifts": false,
  "professional_roles": [
    {
      "id": "96",
      "name": "Программист, разработчик"
    }
  ],
  "accept_incomplete_resumes": false,
  "experience": {
    "id": "between3And6",
    "name": "От 3 до 6 лет"
  },
  "employment": {
    "id": "full",
    "name": "Полная занятость"
  },
  "employment_form": {
    "id": "FULL",
    "name": "Полная"
  },
  "internship": false,
  "adv_response_url": null,
  "is_adv_vacancy": false,
  "adv_context": null
}