{
  "id": "128464339",
  "premium": false,
  "name": "Ведущий разработчик BPMSoft",
  "department": null,
  "has_test": false,
  "response_letter_required": false,
  "area": {
    "id": "78",
    "name": "Самара",
    "url": "https://api.hh.ru/areas/78"
  },
  "salary": {
    "from": 150000,
    "to": null,
    "currency": "RUR",
    "gross": false
  },
  "salary_range": {
    "from": 150000,
    "to": null,
    "currency": "RUR",
    "gross": false,
    "mode": {
      "id": "MONTH",
      "name": "За месяц"
    },
    "frequency": null
  },
  "type": {
    "id": "open",
    "name": "Открытая"
  },
  "address": {
    "city": "Самара",
    "street": "Московское шоссе",
    "building": "4Ас2",
    "lat": 53.203344,
    "lng": 50.145163,
    "description": null,
    "raw": "Самара, Московское шоссе, 4Ас2",
    "metro": {
      "station_name": "Алабинская",
      "line_name": "Первая",
      "station_id": "54.509",
      "line_id": "54",
      "lat": 53.209689,
      "lng": 50.134417
    },
    "metro_stations": [
      {
        "station_name": "Алабинская",
        "line_name": "Первая",
        "station_id": "54.509",
        "line_id": "54",
        "lat": 53.209689,
        "lng": 50.134417
      },
      {
        "station_name": "Гагаринская",
        "line_name": "Первая",
        "station_id": "54.309",
        "line_id": "54",
        "lat": 53.200442,
        "lng": 50.176595
      },
      {
        "station_name": "Московская",
        "line_name": "Первая",
        "station_id": "54.308",
        "line_id": "54",
        "lat": 53.203791,
        "lng": 50.159832
      },
      {
        "station_name": "Российская",
        "line_name": "Первая",
        "station_id": "54.307",
        "line_id": "54",
        "lat": 53.211385,
        "lng": 50.15022
      }
    ],
    "id": "20954699"
  },
  "response_url": null,
  "sort_point_distance": null,
  "published_at": "2025-12-05T12:36:36+06:00",
  "created_at": "2025-12-05T12:36:36+06:00",
  "archived": false,
  "apply_alternate_url": "https://hh.ru/applicant/vacancy_response?vacancyId=128464339",
  "show_logo_in_search": null,
  "show_contacts": true,
  "insider_interview": null,
  "url": "https://api.hh.ru/vacancies/128464339?host=hh.ru",
  "alternate_url": "https://hh.ru/vacancy/128464339",
  "relations": [],
  "employer": {
    "id": "3011909",
    "name": "БК",
    "url": "https://api.hh.ru/employers/3011909",
    "alternate_url": "https://hh.ru/employer/3011909",
    "logo_urls": {
      "original": "https://img.hhcdn.ru/employer-logo-original-round/2281027.jpeg",
      "90": "https://img.hhcdn.ru/employer-logo-round/2281028.jpeg",
      "240": "https://img.hhcdn.ru/employer-logo-round/2281029.jpeg"
    },
    "vacancies_url": "https://api.hh.ru/vacancies?employer_id=3011909",
    "country_id": 1,
    "accredited_it_employer": true,
    "trusted": true
  },
  "snippet": {
    "requirement": "Опыт разработки под BPMSoft (bpm'online, Creatio). Хорошее знание и опыт в <highlighttext>C#</highlighttext>, JavaScript, Ext.JS. Опыт с СУБД: MySQL, PostgreSQL...",
    "responsibility": "Проектирование и разработка комплексных алгоритмов, ключевых компонентов и интеграционных потоков. Анализ и минимизация технических рисков. Выполнение оптимизационных и рефакторинговых работ. "
  },
  "contacts": null,
  "schedule": {
    "id": "remote",
    "name": "Удаленная работа"
  },
  "working_days": [],
  "working_time_intervals": [],
  "working_time_modes": [],
  "accept_temporary": false,
  "fly_in_fly_out_duration": [],
  "work_format": [
    {
      "id": "ON_SITE",
      "name": "На месте работодателя"
    },
    {
      "id": "REMOTE",
      "name": "Удалённо"
    },
    {
      "id": "HYBRID",
      "name": "Гибрид"
    }
  ],
  "working_hours": [
    {
      "id": "HOURS_8",
      "name": "8 часов"
    }
  ],
  "work_schedule_by_days": [
    {
      "id": "FIVE_ON_TWO_OFF",
      "name": "5/2"
    }
  ],
  "night_shifts": false,
  "professional_roles": [
    {
      "id": "96",
      "name": "Программист, разработчик"
    }
  ],
  "accept_incomplete_resumes": false,
  "experience": {
    "id": "between1And3",
    "name": "От 1 года до 3 лет"
  },
  "employment": {
    "id": "full",
    "name": "Полная занятость"
  },
  "employment_form": {
    "id": "FULL",
    "name": "Полная"
  },
  "internship": false,
  "adv_response_url": null,
  "is_adv_vacancy": false,
  "adv_context": null
}