{
  "id": "128476932",
  "premium": false,
  "name": "Руководитель группы разработки/Team Lead (GO/C#)",
  "department": null,
  "has_test": false,
  "response_letter_required": false,
  "area": {
    "id": "1",
    "name": "Москва",
    "url": "https://api.hh.ru/areas/1"
  },
  "salary": null,
  "salary_range": null,
  "type": {
    "id": "anonymous",
    "name": "Анонимная"
  },
  "address": null,
  "response_url": null,
  "sort_point_distance": null,
  "published_at": "2025-12-05T16:05:52+06:00",
  "created_at": "2025-12-05T16:05:52+06:00",
  "archived": false,
  "apply_alternate_url": "https://hh.ru/applicant/vacancy_response?vacancyId=128476932",
  "show_contacts": false,
  "insider_interview": null,
  "url": "https://api.hh.ru/vacancies/128476932?host=hh.ru",
  "alternate_url": "https://hh.ru/vacancy/128476932",
  "relations": [],
  "employer": {
    "name": "Финтех",
    "trusted": true
  },
  "snippet": {
    "requirement": "Глубокий опыт в Go как основном языке. Дополнительный опыт в <highlighttext>C#</highlighttext> или NodeJS будет плюсом. Умение проектировать высоконагруженные и модульные...",
    "responsibility": "Спроектировать архитектуру нового продукта, включая: Сформировать команду с нуля: подбор, онбординг, распределение ролей. Организовать инженерные процессы: CI/CD, ревью, тестирование..."
  },
  "contacts": null,
  "schedule": {
    "id": "remote",
    "name": "Удаленная работа"
  },
  "working_days": [],
  "working_time_intervals": [],
  "working_time_modes": [],
  "accept_temporary": false,
  "fly_in_fly_out_duration": [],
  "work_format": [
    {
      "id": "REMOTE",
      "name": "Удалённо"
    }
  ],
  "working_hours": [
    {
      "id": "HOURS_8",
      "name": "8 часов"
    }
  ],
  "work_schedule_by_days": [
    {
      "id": "FIVE_ON_TWO_OFF",
      "name": "5/2"
    }
  ],
  "night_shifts": false,
  "professional_roles": [
    {
      "id": "104",
      "name": "Руководитель группы разработки"
    }
  ],
  "accept_incomplete_resumes": false,
  "experience": {
    "id": "between3And6",
    "name": "От 3 до 6 лет"
  },
  "employment": {
    "id": "full",
    "name": "Полная занятость"
  },
  "employment_form": {
    "id": "FULL",
    "name": "Полная"
  },
  "internship": false,
  "adv_response_url": null,
  "is_adv_vacancy": false,
  "adv_context": null
}