{
  "id": "128482788",
  "premium": false,
  "name": "Разработчик AI-агентов и LLM-приложений",
  "department": null,
  "has_test": true,
  "response_letter_required": false,
  "area": {
    "id": "1",
    "name": "Москва",
    "url": "https://api.hh.ru/areas/1"
  },
  "salary": null,
  "salary_range": null,
  "type": {
    "id": "open",
    "name": "Открытая"
  },
  "address": {
    "city": "Москва",
    "street": "улица Шаболовка",
    "building": null,
    "lat": 55.719455,
    "lng": 37.609227,
    "description": null,
    "raw": "Москва, улица Шаболовка",
    "metro": {
      "station_name": "Шаболовская",
      "line_name": "Калужско-Рижская",
      "station_id": "6.157",
      "line_id": "6",
      "lat": 55.718828,
      "lng": 37.607892
    },
    "metro_stations": [
      {
        "station_name": "Шаболовская",
        "line_name": "Калужско-Рижская",
        "station_id": "6.157",
        "line_id": "6",
        "lat": 55.718828,
        "lng": 37.607892
      }
    ],
    "id": "20956700"
  },
  "response_url": null,
  "sort_point_distance": null,
  "published_at": "2025-12-05T17:29:58+06:00",
  "created_at": "2025-12-05T17:29:58+06:00",
  "archived": false,
  "apply_alternate_url": "https://hh.ru/applicant/vacancy_response?vacancyId=128482788",
  "show_logo_in_search": null,
  "show_contacts": false,
  "insider_interview": null,
  "url": "https://api.hh.ru/vacancies/128482788?host=hh.ru",
  "alternate_url": "https://hh.ru/vacancy/128482788",
  "relations": [],
  "employer": {
    "id": "946607",
    "name": "СБЕРКОРУС",
    "url": "https://api.hh.ru/employers/946607",
    "alternate_url": "https://hh.ru/employer/946607",
    "logo_urls": {
      "original": "https://img.hhcdn.ru/employer-logo-original/1396585.png",
      "90": "https://img.hhcdn.ru/employer-logo/7206123.png",
      "240": "https://img.hhcdn.ru/employer-logo/7206124.png"
    },
    "vacancies_url": "https://api.hh.ru/vacancies?employer_id=946607",
    "country_id": 1,
    "accredited_it_employer": true,
    "trusted": true
  },
  "snippet": {
    "requirement": "Программирования Python (приоритет), <highlighttext>.NET</highlighttext> (будет плюсом, но не обязательно), включая создание и интеграцию backend-сервисов и WebUI для AI-решений. ",
    "responsibility": "Разрабатывать backend-сервисы на Python (чат-бот на сайте). Внедрять и оптимизировать ML решения (NLP, CV, LLM). Настраивать деплоймент продуктов..."
  },
  "contacts": null,
  "schedule": {
    "id": "fullDay",
    "name": "Полный день"
  },
  "working_days": [],
  "working_time_intervals": [],
  "working_time_modes": [],
  "accept_temporary": false,
  "fly_in_fly_out_duration": [],
  "work_format": [
    {
      "id": "HYBRID",
      "name": "Гибрид"
    }
  ],
  "working_hours": [
    {
      "id": "HOURS_8",
      "name": "8 часов"
    }
  ],
  "work_schedule_by_days": [
    {
      "id": "FIVE_ON_TWO_OFF",
      "name": "5/2"
    }
  ],
  "night_shifts": false,
  "professional_roles": [
    {
      "id": "96",
      "name": "Программист, разработчик"
    }
  ],
  "accept_incomplete_resumes": false,
  "experience": {
    "id": "between3And6",
    "name": "От 3 до 6 лет"
  },
  "employment": {
    "id": "full",
    "name": "Полная занятость"
  },
  "employment_form": {
    "id": "FULL",
    "name": "Полная"
  },
  "internship": false,
  "adv_response_url": null,
  "is_adv_vacancy": false,
  "adv_context": null
}