{
  "id": "128429846",
  "premium": false,
  "name": "Разработчик .Net (Senior)",
  "department": null,
  "has_test": true,
  "response_letter_required": false,
  "area": {
    "id": "1",
    "name": "Москва",
    "url": "https://api.hh.ru/areas/1"
  },
  "salary": null,
  "salary_range": null,
  "type": {
    "id": "open",
    "name": "Открытая"
  },
  "address": null,
  "response_url": null,
  "sort_point_distance": null,
  "published_at": "2025-12-04T16:11:01+06:00",
  "created_at": "2025-12-04T16:11:01+06:00",
  "archived": false,
  "apply_alternate_url": "https://hh.ru/applicant/vacancy_response?vacancyId=128429846",
  "branding": {
    "type": "MAKEUP",
    "tariff": null
  },
  "show_logo_in_search": true,
  "show_contacts": false,
  "insider_interview": null,
  "url": "https://api.hh.ru/vacancies/128429846?host=hh.ru",
  "alternate_url": "https://hh.ru/vacancy/128429846",
  "relations": [],
  "employer": {
    "id": "6189",
    "name": "Bell Integrator",
    "url": "https://api.hh.ru/employers/6189",
    "alternate_url": "https://hh.ru/employer/6189",
    "logo_urls": {
      "original": "https://img.hhcdn.ru/employer-logo-original-round/6739101.jpeg",
      "90": "https://img.hhcdn.ru/employer-logo-round/6739102.jpeg",
      "240": "https://img.hhcdn.ru/employer-logo-round/6739103.jpeg"
    },
    "vacancies_url": "https://api.hh.ru/vacancies?employer_id=6189",
    "country_id": 1,
    "accredited_it_employer": true,
    "trusted": true
  },
  "snippet": {
    "requirement": "Опыт в разработке не менее 5 лет на языке <highlighttext>C#</highlighttext>. <highlighttext>C#</highlighttext> 10+ версии. Необходим опыт интеграции с системами: Solar...",
    "responsibility": "Работа с требованиями: документирование, процесс управления, декомпозиция, тестирование."
  },
  "contacts": null,
  "schedule": {
    "id": "remote",
    "name": "Удаленная работа"
  },
  "working_days": [],
  "working_time_intervals": [],
  "working_time_modes": [],
  "accept_temporary": false,
  "fly_in_fly_out_duration": [],
  "work_format": [
    {
      "id": "ON_SITE",
      "name": "На месте работодателя"
    },
    {
      "id": "REMOTE",
      "name": "Удалённо"
    },
    {
      "id": "HYBRID",
      "name": "Гибрид"
    }
  ],
  "working_hours": [
    {
      "id": "HOURS_8",
      "name": "8 часов"
    }
  ],
  "work_schedule_by_days": [
    {
      "id": "FIVE_ON_TWO_OFF",
      "name": "5/2"
    }
  ],
  "night_shifts": false,
  "professional_roles": [
    {
      "id": "96",
      "name": "Программист, разработчик"
    }
  ],
  "accept_incomplete_resumes": false,
  "experience": {
    "id": "moreThan6",
    "name": "Более 6 лет"
  },
  "employment": {
    "id": "full",
    "name": "Полная занятость"
  },
  "employment_form": {
    "id": "FULL",
    "name": "Полная"
  },
  "internship": false,
  "adv_response_url": null,
  "is_adv_vacancy": false,
  "adv_context": null
}