{
  "id": "128486014",
  "premium": false,
  "name": "Senior C# Developer",
  "department": {
    "id": "invitro-6093-it",
    "name": "ИНВИТРО. ИТ"
  },
  "has_test": false,
  "response_letter_required": false,
  "area": {
    "id": "1",
    "name": "Москва",
    "url": "https://api.hh.ru/areas/1"
  },
  "salary": null,
  "salary_range": null,
  "type": {
    "id": "open",
    "name": "Открытая"
  },
  "address": null,
  "response_url": null,
  "sort_point_distance": null,
  "published_at": "2025-12-05T18:19:05+06:00",
  "created_at": "2025-12-05T18:19:05+06:00",
  "archived": false,
  "apply_alternate_url": "https://hh.ru/applicant/vacancy_response?vacancyId=128486014",
  "branding": {
    "type": "MAKEUP",
    "tariff": null
  },
  "show_logo_in_search": true,
  "show_contacts": false,
  "insider_interview": null,
  "url": "https://api.hh.ru/vacancies/128486014?host=hh.ru",
  "alternate_url": "https://hh.ru/vacancy/128486014",
  "relations": [],
  "employer": {
    "id": "6093",
    "name": "ИНВИТРО",
    "url": "https://api.hh.ru/employers/6093",
    "alternate_url": "https://hh.ru/employer/6093",
    "logo_urls": {
      "original": "https://img.hhcdn.ru/employer-logo-original/1408816.png",
      "90": "https://img.hhcdn.ru/employer-logo/7254924.png",
      "240": "https://img.hhcdn.ru/employer-logo/7254925.png"
    },
    "vacancies_url": "https://api.hh.ru/vacancies?employer_id=6093",
    "country_id": 1,
    "accredited_it_employer": false,
    "trusted": true
  },
  "snippet": {
    "requirement": "Опыт работы с <highlighttext>.NET</highlighttext> 6/7/8, понимание особенностей и нововведений. Знание <highlighttext>C#</highlighttext>: LINQ, async/await, делегаты, рефлексия, generics, паттерны...",
    "responsibility": "Проектировать архитектуру новых сервисов, искать сбалансированные решения. Анализировать и апгрейдить процессы разработки: ревью, покрытие тестами, гит флоу. Наполнять, приоритизировать и..."
  },
  "contacts": null,
  "schedule": {
    "id": "remote",
    "name": "Удаленная работа"
  },
  "working_days": [],
  "working_time_intervals": [],
  "working_time_modes": [],
  "accept_temporary": false,
  "fly_in_fly_out_duration": [],
  "work_format": [
    {
      "id": "ON_SITE",
      "name": "На месте работодателя"
    },
    {
      "id": "REMOTE",
      "name": "Удалённо"
    },
    {
      "id": "HYBRID",
      "name": "Гибрид"
    }
  ],
  "working_hours": [
    {
      "id": "HOURS_8",
      "name": "8 часов"
    }
  ],
  "work_schedule_by_days": [
    {
      "id": "FIVE_ON_TWO_OFF",
      "name": "5/2"
    }
  ],
  "night_shifts": false,
  "professional_roles": [
    {
      "id": "96",
      "name": "Программист, разработчик"
    }
  ],
  "accept_incomplete_resumes": false,
  "experience": {
    "id": "between3And6",
    "name": "От 3 до 6 лет"
  },
  "employment": {
    "id": "full",
    "name": "Полная занятость"
  },
  "employment_form": {
    "id": "FULL",
    "name": "Полная"
  },
  "internship": false,
  "adv_response_url": null,
  "is_adv_vacancy": false,
  "adv_context": null
}