{
  "id": "128476198",
  "premium": false,
  "name": "C#/.NET-разработчик",
  "department": null,
  "has_test": false,
  "response_letter_required": false,
  "area": {
    "id": "66",
    "name": "Нижний Новгород",
    "url": "https://api.hh.ru/areas/66"
  },
  "salary": null,
  "salary_range": null,
  "type": {
    "id": "open",
    "name": "Открытая"
  },
  "address": null,
  "response_url": null,
  "sort_point_distance": null,
  "published_at": "2025-12-05T15:55:01+06:00",
  "created_at": "2025-12-05T15:55:01+06:00",
  "archived": false,
  "apply_alternate_url": "https://hh.ru/applicant/vacancy_response?vacancyId=128476198",
  "show_logo_in_search": null,
  "show_contacts": false,
  "insider_interview": null,
  "url": "https://api.hh.ru/vacancies/128476198?host=hh.ru",
  "alternate_url": "https://hh.ru/vacancy/128476198",
  "relations": [],
  "employer": {
    "id": "10898826",
    "name": "Стеллар",
    "url": "https://api.hh.ru/employers/10898826",
    "alternate_url": "https://hh.ru/employer/10898826",
    "logo_urls": {
      "original": "https://img.hhcdn.ru/employer-logo-original-round/6637024.png",
      "90": "https://img.hhcdn.ru/employer-logo-round/6637025.png",
      "240": "https://img.hhcdn.ru/employer-logo-round/6637026.png"
    },
    "vacancies_url": "https://api.hh.ru/vacancies?employer_id=10898826",
    "country_id": 1,
    "accredited_it_employer": true,
    "trusted": true
  },
  "snippet": {
    "requirement": "Знание <highlighttext>C#</highlighttext> и фреймворков <highlighttext>.Net</highlighttext> 6-8. Знание принципов микросервисной архитектуры. Знание принципов работы транспортов: Rest, Kafka. Владение навыками работы...",
    "responsibility": "Поддержка: ИТ-отсрочку и HR / юридические консультации 24/7. Личный бренд: выступления на конференциях, митапах, написание статей."
  },
  "contacts": null,
  "schedule": {
    "id": "remote",
    "name": "Удаленная работа"
  },
  "working_days": [],
  "working_time_intervals": [],
  "working_time_modes": [],
  "accept_temporary": false,
  "fly_in_fly_out_duration": [],
  "work_format": [
    {
      "id": "REMOTE",
      "name": "Удалённо"
    }
  ],
  "working_hours": [
    {
      "id": "HOURS_8",
      "name": "8 часов"
    }
  ],
  "work_schedule_by_days": [
    {
      "id": "FIVE_ON_TWO_OFF",
      "name": "5/2"
    }
  ],
  "night_shifts": false,
  "professional_roles": [
    {
      "id": "96",
      "name": "Программист, разработчик"
    }
  ],
  "accept_incomplete_resumes": false,
  "experience": {
    "id": "between3And6",
    "name": "От 3 до 6 лет"
  },
  "employment": {
    "id": "full",
    "name": "Полная занятость"
  },
  "employment_form": {
    "id": "FULL",
    "name": "Полная"
  },
  "internship": false,
  "adv_response_url": null,
  "is_adv_vacancy": false,
  "adv_context": null
}