{
  "id": "128494955",
  "premium": false,
  "name": "Backend разработчик",
  "department": null,
  "has_test": false,
  "response_letter_required": false,
  "area": {
    "id": "1",
    "name": "Москва",
    "url": "https://api.hh.ru/areas/1"
  },
  "salary": null,
  "salary_range": null,
  "type": {
    "id": "open",
    "name": "Открытая"
  },
  "address": null,
  "response_url": null,
  "sort_point_distance": null,
  "published_at": "2025-12-23T21:59:39+06:00",
  "created_at": "2025-12-23T21:59:39+06:00",
  "archived": false,
  "apply_alternate_url": "https://hh.ru/applicant/vacancy_response?vacancyId=128494955",
  "show_logo_in_search": null,
  "show_contacts": false,
  "insider_interview": null,
  "url": "https://api.hh.ru/vacancies/128494955?host=hh.ru",
  "alternate_url": "https://hh.ru/vacancy/128494955",
  "relations": [],
  "employer": {
    "id": "2615100",
    "name": "НитросДэйта Рус",
    "url": "https://api.hh.ru/employers/2615100",
    "alternate_url": "https://hh.ru/employer/2615100",
    "logo_urls": {
      "original": "https://img.hhcdn.ru/employer-logo-original-round/2311031.png",
      "90": "https://img.hhcdn.ru/employer-logo-round/2311032.png",
      "240": "https://img.hhcdn.ru/employer-logo-round/2311033.png"
    },
    "vacancies_url": "https://api.hh.ru/vacancies?employer_id=2615100",
    "country_id": 1,
    "accredited_it_employer": false,
    "trusted": true
  },
  "snippet": {
    "requirement": "Знания базы данных MS SQL Server. <highlighttext>.Net</highlighttext> Core 5+, Visual Studio 2022. Restful API на <highlighttext>C#</highlighttext>. GRPC. ",
    "responsibility": "Разработка backend для Web и мобильных приложений на <highlighttext>.NET</highlighttext>."
  },
  "contacts": null,
  "schedule": {
    "id": "remote",
    "name": "Удаленная работа"
  },
  "working_days": [],
  "working_time_intervals": [],
  "working_time_modes": [],
  "accept_temporary": false,
  "fly_in_fly_out_duration": [],
  "work_format": [
    {
      "id": "ON_SITE",
      "name": "На месте работодателя"
    },
    {
      "id": "REMOTE",
      "name": "Удалённо"
    },
    {
      "id": "HYBRID",
      "name": "Гибрид"
    }
  ],
  "working_hours": [
    {
      "id": "HOURS_8",
      "name": "8 часов"
    }
  ],
  "work_schedule_by_days": [
    {
      "id": "FIVE_ON_TWO_OFF",
      "name": "5/2"
    }
  ],
  "night_shifts": false,
  "professional_roles": [
    {
      "id": "96",
      "name": "Программист, разработчик"
    }
  ],
  "accept_incomplete_resumes": false,
  "experience": {
    "id": "between1And3",
    "name": "От 1 года до 3 лет"
  },
  "employment": {
    "id": "full",
    "name": "Полная занятость"
  },
  "employment_form": {
    "id": "FULL",
    "name": "Полная"
  },
  "internship": false,
  "adv_response_url": null,
  "is_adv_vacancy": false,
  "adv_context": null
}