{
  "id": "128434819",
  "premium": false,
  "name": "Backend разработчик C#, Go",
  "department": null,
  "has_test": false,
  "response_letter_required": false,
  "area": {
    "id": "1",
    "name": "Москва",
    "url": "https://api.hh.ru/areas/1"
  },
  "salary": {
    "from": 200000,
    "to": null,
    "currency": "RUR",
    "gross": false
  },
  "salary_range": {
    "from": 200000,
    "to": null,
    "currency": "RUR",
    "gross": false,
    "mode": {
      "id": "MONTH",
      "name": "За месяц"
    },
    "frequency": {
      "id": "TWICE_PER_MONTH",
      "name": "Два раза в месяц"
    }
  },
  "type": {
    "id": "open",
    "name": "Открытая"
  },
  "address": {
    "city": "посёлок городского типа Отрадное",
    "street": "Пятницкое шоссе",
    "building": "1с8",
    "lat": 55.878310398636565,
    "lng": 37.33136788758851,
    "description": null,
    "raw": "посёлок городского типа Отрадное, Пятницкое шоссе, 1с8",
    "metro": {
      "station_name": "Митино",
      "line_name": "Арбатско-Покровская",
      "station_id": "3.183",
      "line_id": "3",
      "lat": 55.846098,
      "lng": 37.36122
    },
    "metro_stations": [
      {
        "station_name": "Митино",
        "line_name": "Арбатско-Покровская",
        "station_id": "3.183",
        "line_id": "3",
        "lat": 55.846098,
        "lng": 37.36122
      },
      {
        "station_name": "Пятницкое шоссе",
        "line_name": "Арбатско-Покровская",
        "station_id": "3.463",
        "line_id": "3",
        "lat": 55.853634,
        "lng": 37.353108
      }
    ],
    "id": "20939703"
  },
  "response_url": null,
  "sort_point_distance": null,
  "published_at": "2025-12-22T17:32:26+06:00",
  "created_at": "2025-12-22T17:32:26+06:00",
  "archived": false,
  "apply_alternate_url": "https://hh.ru/applicant/vacancy_response?vacancyId=128434819",
  "show_logo_in_search": null,
  "show_contacts": true,
  "insider_interview": null,
  "url": "https://api.hh.ru/vacancies/128434819?host=hh.ru",
  "alternate_url": "https://hh.ru/vacancy/128434819",
  "relations": [],
  "employer": {
    "id": "3010622",
    "name": "Happy Hamster",
    "url": "https://api.hh.ru/employers/3010622",
    "alternate_url": "https://hh.ru/employer/3010622",
    "logo_urls": {
      "original": "https://img.hhcdn.ru/employer-logo-original-round/4270039.png",
      "90": "https://img.hhcdn.ru/employer-logo-round/4270040.png",
      "240": "https://img.hhcdn.ru/employer-logo-round/4270041.png"
    },
    "vacancies_url": "https://api.hh.ru/vacancies?employer_id=3010622",
    "country_id": 1,
    "accredited_it_employer": false,
    "trusted": true
  },
  "snippet": {
    "requirement": "Гибкое мышление и умение мыслить нестандартно. Отличное знание <highlighttext>C#</highlighttext> (<highlighttext>.NET</highlighttext> Core), Golang, Git и PostgreSQL. Умение извлекать требования и составлять...",
    "responsibility": "Дорабатывать и расширять основной API для мобильного приложения. Поддерживать роботов-советников сделанных на <highlighttext>C#</highlighttext> и интегрированных с основным API. "
  },
  "contacts": null,
  "schedule": {
    "id": "fullDay",
    "name": "Полный день"
  },
  "working_days": [],
  "working_time_intervals": [],
  "working_time_modes": [],
  "accept_temporary": true,
  "fly_in_fly_out_duration": [],
  "work_format": [
    {
      "id": "HYBRID",
      "name": "Гибрид"
    }
  ],
  "working_hours": [
    {
      "id": "HOURS_8",
      "name": "8 часов"
    }
  ],
  "work_schedule_by_days": [
    {
      "id": "FIVE_ON_TWO_OFF",
      "name": "5/2"
    }
  ],
  "night_shifts": false,
  "professional_roles": [
    {
      "id": "96",
      "name": "Программист, разработчик"
    }
  ],
  "accept_incomplete_resumes": true,
  "experience": {
    "id": "between3And6",
    "name": "От 3 до 6 лет"
  },
  "employment": {
    "id": "full",
    "name": "Полная занятость"
  },
  "employment_form": {
    "id": "FULL",
    "name": "Полная"
  },
  "internship": false,
  "adv_response_url": null,
  "is_adv_vacancy": false,
  "adv_context": null
}