{
  "id": "128434572",
  "premium": false,
  "name": "C#/.Net разработчик",
  "department": null,
  "has_test": false,
  "response_letter_required": true,
  "area": {
    "id": "76",
    "name": "Ростов-на-Дону",
    "url": "https://api.hh.ru/areas/76"
  },
  "salary": {
    "from": 30000,
    "to": 150000,
    "currency": "RUR",
    "gross": false
  },
  "salary_range": {
    "from": 30000,
    "to": 150000,
    "currency": "RUR",
    "gross": false,
    "mode": {
      "id": "MONTH",
      "name": "За месяц"
    },
    "frequency": {
      "id": "MONTHLY",
      "name": "Раз в месяц"
    }
  },
  "type": {
    "id": "open",
    "name": "Открытая"
  },
  "address": null,
  "response_url": null,
  "sort_point_distance": null,
  "published_at": "2025-12-04T17:29:07+06:00",
  "created_at": "2025-12-04T17:29:07+06:00",
  "archived": false,
  "apply_alternate_url": "https://hh.ru/applicant/vacancy_response?vacancyId=128434572",
  "show_logo_in_search": null,
  "show_contacts": false,
  "insider_interview": null,
  "url": "https://api.hh.ru/vacancies/128434572?host=hh.ru",
  "alternate_url": "https://hh.ru/vacancy/128434572",
  "relations": [],
  "employer": {
    "id": "5833744",
    "name": "ITPDevelopment",
    "url": "https://api.hh.ru/employers/5833744",
    "alternate_url": "https://hh.ru/employer/5833744",
    "logo_urls": {
      "original": "https://img.hhcdn.ru/employer-logo-original-round/7098885.png",
      "90": "https://img.hhcdn.ru/employer-logo-round/7098886.png",
      "240": "https://img.hhcdn.ru/employer-logo-round/7098887.png"
    },
    "vacancies_url": "https://api.hh.ru/vacancies?employer_id=5833744",
    "country_id": 1,
    "accredited_it_employer": false,
    "trusted": true
  },
  "snippet": {
    "requirement": "Язык: <highlighttext>C#</highlighttext>. Платформа: <highlighttext>.NET</highlighttext> Core / <highlighttext>.NET</highlighttext> 5+. Базы данных: MS SQL Server, Entity Framework (Core). Архитектура: RESTful API, ООП...",
    "responsibility": "...тестирования и запуска. Написание чистого, поддерживаемого и эффективного кода на <highlighttext>C#</highlighttext>. Работа с реляционными базами данных (PostgreSQL), их проектирование и..."
  },
  "contacts": null,
  "schedule": {
    "id": "remote",
    "name": "Удаленная работа"
  },
  "working_days": [],
  "working_time_intervals": [],
  "working_time_modes": [],
  "accept_temporary": true,
  "fly_in_fly_out_duration": [],
  "work_format": [
    {
      "id": "REMOTE",
      "name": "Удалённо"
    }
  ],
  "working_hours": [
    {
      "id": "HOURS_8",
      "name": "8 часов"
    }
  ],
  "work_schedule_by_days": [
    {
      "id": "FIVE_ON_TWO_OFF",
      "name": "5/2"
    }
  ],
  "night_shifts": false,
  "professional_roles": [
    {
      "id": "96",
      "name": "Программист, разработчик"
    }
  ],
  "accept_incomplete_resumes": false,
  "experience": {
    "id": "between1And3",
    "name": "От 1 года до 3 лет"
  },
  "employment": {
    "id": "full",
    "name": "Полная занятость"
  },
  "employment_form": {
    "id": "FULL",
    "name": "Полная"
  },
  "internship": false,
  "adv_response_url": null,
  "is_adv_vacancy": false,
  "adv_context": null
}