{
  "id": "128423898",
  "premium": false,
  "name": "Руководитель отдела программной разработки (Team Lead/IT Lead)",
  "department": null,
  "has_test": false,
  "response_letter_required": false,
  "area": {
    "id": "83",
    "name": "Смоленск",
    "url": "https://api.hh.ru/areas/83"
  },
  "salary": null,
  "salary_range": null,
  "type": {
    "id": "open",
    "name": "Открытая"
  },
  "address": {
    "city": "Смоленск",
    "street": "улица Конёнкова",
    "building": "4А",
    "lat": 54.783752,
    "lng": 32.050461,
    "description": null,
    "raw": "Смоленск, улица Конёнкова, 4А",
    "metro": null,
    "metro_stations": [],
    "id": "1856364"
  },
  "response_url": null,
  "sort_point_distance": null,
  "published_at": "2025-12-04T14:34:39+06:00",
  "created_at": "2025-12-04T14:34:39+06:00",
  "archived": false,
  "apply_alternate_url": "https://hh.ru/applicant/vacancy_response?vacancyId=128423898",
  "branding": {
    "type": "MAKEUP",
    "tariff": null
  },
  "show_logo_in_search": true,
  "show_contacts": true,
  "insider_interview": null,
  "url": "https://api.hh.ru/vacancies/128423898?host=hh.ru",
  "alternate_url": "https://hh.ru/vacancy/128423898",
  "relations": [],
  "employer": {
    "id": "3191643",
    "name": "ЦИФРА",
    "url": "https://api.hh.ru/employers/3191643",
    "alternate_url": "https://hh.ru/employer/3191643",
    "logo_urls": {
      "original": "https://img.hhcdn.ru/employer-logo-original-round/4048442.png",
      "90": "https://img.hhcdn.ru/employer-logo-round/4048443.png",
      "240": "https://img.hhcdn.ru/employer-logo-round/4048444.png"
    },
    "vacancies_url": "https://api.hh.ru/vacancies?employer_id=3191643",
    "country_id": 1,
    "accredited_it_employer": true,
    "trusted": true
  },
  "snippet": {
    "requirement": "Желательно знание одного или нескольких стеков: <highlighttext>C#</highlighttext>, <highlighttext>.NET</highlighttext>, React, SQL/PostgreSQL. Понимание принципов архитектурного проектирования, SOLID, CI/CD, Git. ",
    "responsibility": "Управление командой программной разработки. Управлять ресурсами продуктовых команд. Развивать команду разработки, быть для них лидером: удерживать, мотивировать, развивать разработчиков, создавать..."
  },
  "contacts": null,
  "schedule": {
    "id": "fullDay",
    "name": "Полный день"
  },
  "working_days": [],
  "working_time_intervals": [],
  "working_time_modes": [],
  "accept_temporary": false,
  "fly_in_fly_out_duration": [],
  "work_format": [
    {
      "id": "ON_SITE",
      "name": "На месте работодателя"
    }
  ],
  "working_hours": [
    {
      "id": "HOURS_8",
      "name": "8 часов"
    }
  ],
  "work_schedule_by_days": [
    {
      "id": "FIVE_ON_TWO_OFF",
      "name": "5/2"
    }
  ],
  "night_shifts": false,
  "professional_roles": [
    {
      "id": "104",
      "name": "Руководитель группы разработки"
    }
  ],
  "accept_incomplete_resumes": false,
  "experience": {
    "id": "between3And6",
    "name": "От 3 до 6 лет"
  },
  "employment": {
    "id": "full",
    "name": "Полная занятость"
  },
  "employment_form": {
    "id": "FULL",
    "name": "Полная"
  },
  "internship": false,
  "adv_response_url": null,
  "is_adv_vacancy": false,
  "adv_context": null
}