{
  "id": "128440751",
  "premium": false,
  "name": "Начальник группы",
  "department": null,
  "has_test": false,
  "response_letter_required": false,
  "area": {
    "id": "1",
    "name": "Москва",
    "url": "https://api.hh.ru/areas/1"
  },
  "salary": {
    "from": 250000,
    "to": null,
    "currency": "RUR",
    "gross": true
  },
  "salary_range": {
    "from": 250000,
    "to": null,
    "currency": "RUR",
    "gross": true,
    "mode": {
      "id": "MONTH",
      "name": "За месяц"
    },
    "frequency": {
      "id": "TWICE_PER_MONTH",
      "name": "Два раза в месяц"
    }
  },
  "type": {
    "id": "open",
    "name": "Открытая"
  },
  "address": {
    "city": "Москва",
    "street": "Ткацкая улица",
    "building": "19",
    "lat": 55.78647868153787,
    "lng": 37.72786132009841,
    "description": null,
    "raw": "Москва, Ткацкая улица, 19",
    "metro": {
      "station_name": "Семеновская",
      "line_name": "Арбатско-Покровская",
      "station_id": "3.130",
      "line_id": "3",
      "lat": 55.783096,
      "lng": 37.719289
    },
    "metro_stations": [
      {
        "station_name": "Семеновская",
        "line_name": "Арбатско-Покровская",
        "station_id": "3.130",
        "line_id": "3",
        "lat": 55.783096,
        "lng": 37.719289
      }
    ],
    "id": "369898"
  },
  "response_url": null,
  "sort_point_distance": null,
  "published_at": "2025-12-04T19:12:53+06:00",
  "created_at": "2025-12-04T19:12:53+06:00",
  "archived": false,
  "apply_alternate_url": "https://hh.ru/applicant/vacancy_response?vacancyId=128440751",
  "branding": {
    "type": "MAKEUP",
    "tariff": null
  },
  "show_logo_in_search": true,
  "show_contacts": false,
  "insider_interview": null,
  "url": "https://api.hh.ru/vacancies/128440751?host=hh.ru",
  "alternate_url": "https://hh.ru/vacancy/128440751",
  "relations": [],
  "employer": {
    "id": "973282",
    "name": "Аэроприбор-Восход",
    "url": "https://api.hh.ru/employers/973282",
    "alternate_url": "https://hh.ru/employer/973282",
    "logo_urls": {
      "original": "https://img.hhcdn.ru/employer-logo-original-round/2512828.jpeg",
      "90": "https://img.hhcdn.ru/employer-logo-round/2512829.jpeg",
      "240": "https://img.hhcdn.ru/employer-logo-round/2512830.jpeg"
    },
    "vacancies_url": "https://api.hh.ru/vacancies?employer_id=973282",
    "country_id": 1,
    "accredited_it_employer": false,
    "trusted": true
  },
  "snippet": {
    "requirement": "Отличное знание языка программирования <highlighttext>C#</highlighttext>. Умение работать с конструкторской и технологической документацией. Хорошее знание программных продуктов компании ТопСистемы (T-Flex...",
    "responsibility": "Администрирование PDM системы предприятия (T-Flex): установка информационной базы PDM системы, настройка штатных методов организации резервного копирования информационной базы. "
  },
  "contacts": null,
  "schedule": {
    "id": "fullDay",
    "name": "Полный день"
  },
  "working_days": [],
  "working_time_intervals": [],
  "working_time_modes": [],
  "accept_temporary": false,
  "fly_in_fly_out_duration": [],
  "work_format": [
    {
      "id": "ON_SITE",
      "name": "На месте работодателя"
    }
  ],
  "working_hours": [
    {
      "id": "HOURS_8",
      "name": "8 часов"
    }
  ],
  "work_schedule_by_days": [
    {
      "id": "FIVE_ON_TWO_OFF",
      "name": "5/2"
    }
  ],
  "night_shifts": false,
  "professional_roles": [
    {
      "id": "132",
      "name": "Учитель, преподаватель, педагог"
    }
  ],
  "accept_incomplete_resumes": false,
  "experience": {
    "id": "between3And6",
    "name": "От 3 до 6 лет"
  },
  "employment": {
    "id": "full",
    "name": "Полная занятость"
  },
  "employment_form": {
    "id": "FULL",
    "name": "Полная"
  },
  "internship": false,
  "adv_response_url": null,
  "is_adv_vacancy": false,
  "adv_context": null
}