{
  "id": "128471964",
  "premium": false,
  "name": "Тимлид программист-разработчик",
  "department": null,
  "has_test": false,
  "response_letter_required": false,
  "area": {
    "id": "72",
    "name": "Пермь",
    "url": "https://api.hh.ru/areas/72"
  },
  "salary": {
    "from": 130000,
    "to": null,
    "currency": "RUR",
    "gross": false
  },
  "salary_range": {
    "from": 130000,
    "to": null,
    "currency": "RUR",
    "gross": false,
    "mode": {
      "id": "MONTH",
      "name": "За месяц"
    },
    "frequency": {
      "id": "TWICE_PER_MONTH",
      "name": "Два раза в месяц"
    }
  },
  "type": {
    "id": "open",
    "name": "Открытая"
  },
  "address": {
    "city": "Пермь",
    "street": "Марии Загуменных",
    "building": "14а",
    "lat": 58.043019,
    "lng": 56.100894,
    "description": null,
    "raw": "Пермь, Марии Загуменных, 14а",
    "metro": null,
    "metro_stations": [],
    "id": "59700"
  },
  "response_url": null,
  "sort_point_distance": null,
  "published_at": "2025-12-05T14:42:29+06:00",
  "created_at": "2025-12-05T14:42:29+06:00",
  "archived": false,
  "apply_alternate_url": "https://hh.ru/applicant/vacancy_response?vacancyId=128471964",
  "show_logo_in_search": null,
  "show_contacts": true,
  "insider_interview": null,
  "url": "https://api.hh.ru/vacancies/128471964?host=hh.ru",
  "alternate_url": "https://hh.ru/vacancy/128471964",
  "relations": [],
  "employer": {
    "id": "722245",
    "name": "НПП ТИК",
    "url": "https://api.hh.ru/employers/722245",
    "alternate_url": "https://hh.ru/employer/722245",
    "logo_urls": {
      "original": "https://img.hhcdn.ru/employer-logo-original-round/2851347.png",
      "90": "https://img.hhcdn.ru/employer-logo-round/2851348.png",
      "240": "https://img.hhcdn.ru/employer-logo-round/2851349.png"
    },
    "vacancies_url": "https://api.hh.ru/vacancies?employer_id=722245",
    "country_id": 1,
    "accredited_it_employer": false,
    "trusted": true
  },
  "snippet": {
    "requirement": "Задачи не простые, но интересные. Специалист в нашей команде обогатится знаниями из областей математики, механики, физики и др. - ",
    "responsibility": "Разработка приложений на <highlighttext>С#</highlighttext> (WPF). - Программирование в Unix-подобных операционных системах (часть кода крутится под ОС внутри \"железяк\"). - "
  },
  "contacts": null,
  "schedule": {
    "id": "fullDay",
    "name": "Полный день"
  },
  "working_days": [],
  "working_time_intervals": [],
  "working_time_modes": [],
  "accept_temporary": false,
  "fly_in_fly_out_duration": [],
  "work_format": [
    {
      "id": "ON_SITE",
      "name": "На месте работодателя"
    }
  ],
  "working_hours": [
    {
      "id": "HOURS_8",
      "name": "8 часов"
    }
  ],
  "work_schedule_by_days": [
    {
      "id": "FIVE_ON_TWO_OFF",
      "name": "5/2"
    }
  ],
  "night_shifts": false,
  "professional_roles": [
    {
      "id": "96",
      "name": "Программист, разработчик"
    }
  ],
  "accept_incomplete_resumes": true,
  "experience": {
    "id": "between3And6",
    "name": "От 3 до 6 лет"
  },
  "employment": {
    "id": "full",
    "name": "Полная занятость"
  },
  "employment_form": {
    "id": "FULL",
    "name": "Полная"
  },
  "internship": false,
  "adv_response_url": null,
  "is_adv_vacancy": false,
  "adv_context": null
}