{
  "id": "128430017",
  "premium": false,
  "name": "Инженер-программист Турбо",
  "department": null,
  "has_test": false,
  "response_letter_required": false,
  "area": {
    "id": "1",
    "name": "Москва",
    "url": "https://api.hh.ru/areas/1"
  },
  "salary": null,
  "salary_range": null,
  "type": {
    "id": "open",
    "name": "Открытая"
  },
  "address": null,
  "response_url": null,
  "sort_point_distance": null,
  "published_at": "2025-12-04T16:14:28+06:00",
  "created_at": "2025-12-04T16:14:28+06:00",
  "archived": false,
  "apply_alternate_url": "https://hh.ru/applicant/vacancy_response?vacancyId=128430017",
  "show_logo_in_search": null,
  "show_contacts": true,
  "insider_interview": null,
  "url": "https://api.hh.ru/vacancies/128430017?host=hh.ru",
  "alternate_url": "https://hh.ru/vacancy/128430017",
  "relations": [],
  "employer": {
    "id": "1947314",
    "name": "ANCOR",
    "url": "https://api.hh.ru/employers/1947314",
    "alternate_url": "https://hh.ru/employer/1947314",
    "logo_urls": {
      "original": "https://img.hhcdn.ru/employer-logo-original/1394389.png",
      "90": "https://img.hhcdn.ru/employer-logo/7197339.png",
      "240": "https://img.hhcdn.ru/employer-logo/7197340.png"
    },
    "vacancies_url": "https://api.hh.ru/vacancies?employer_id=1947314",
    "country_id": 1,
    "accredited_it_employer": false,
    "trusted": true
  },
  "snippet": {
    "requirement": "Знание языка программирования: Турбо Скрипт (собственный объектно-ориентированного язык программирования платформы Турбо). Знание: <highlighttext>C#</highlighttext>, JavaScript, VBS. Знание баз данных: PostgreSQL...",
    "responsibility": "Обеспечивать поддержку и стабильную работу бизнес-приложений и информационных систем на платформе Турбо. Вести разработку решений на платформе Турбо и..."
  },
  "contacts": null,
  "schedule": {
    "id": "fullDay",
    "name": "Полный день"
  },
  "working_days": [],
  "working_time_intervals": [],
  "working_time_modes": [],
  "accept_temporary": false,
  "fly_in_fly_out_duration": [],
  "work_format": [
    {
      "id": "HYBRID",
      "name": "Гибрид"
    }
  ],
  "working_hours": [
    {
      "id": "HOURS_8",
      "name": "8 часов"
    }
  ],
  "work_schedule_by_days": [
    {
      "id": "FIVE_ON_TWO_OFF",
      "name": "5/2"
    }
  ],
  "night_shifts": false,
  "professional_roles": [
    {
      "id": "96",
      "name": "Программист, разработчик"
    }
  ],
  "accept_incomplete_resumes": false,
  "experience": {
    "id": "between1And3",
    "name": "От 1 года до 3 лет"
  },
  "employment": {
    "id": "full",
    "name": "Полная занятость"
  },
  "employment_form": {
    "id": "FULL",
    "name": "Полная"
  },
  "internship": false,
  "adv_response_url": null,
  "is_adv_vacancy": false,
  "adv_context": null
}