{
  "id": "128467887",
  "premium": false,
  "name": "Backend-разработчик",
  "department": null,
  "has_test": false,
  "response_letter_required": false,
  "area": {
    "id": "1",
    "name": "Москва",
    "url": "https://api.hh.ru/areas/1"
  },
  "salary": null,
  "salary_range": null,
  "type": {
    "id": "open",
    "name": "Открытая"
  },
  "address": {
    "city": "Новомосковский административный округ",
    "street": "Киевское шоссе, 22-й километр",
    "building": "6с1",
    "lat": 55.633785,
    "lng": 37.431989,
    "description": null,
    "raw": "Новомосковский административный округ, Киевское шоссе, 22-й километр, 6с1",
    "metro": null,
    "metro_stations": [],
    "id": "15618926"
  },
  "response_url": null,
  "sort_point_distance": null,
  "published_at": "2025-12-05T13:39:22+06:00",
  "created_at": "2025-12-05T13:39:22+06:00",
  "archived": false,
  "apply_alternate_url": "https://hh.ru/applicant/vacancy_response?vacancyId=128467887",
  "show_logo_in_search": null,
  "show_contacts": true,
  "insider_interview": null,
  "url": "https://api.hh.ru/vacancies/128467887?host=hh.ru",
  "alternate_url": "https://hh.ru/vacancy/128467887",
  "relations": [],
  "employer": {
    "id": "3936097",
    "name": "Каргономика",
    "url": "https://api.hh.ru/employers/3936097",
    "alternate_url": "https://hh.ru/employer/3936097",
    "logo_urls": {
      "original": "https://img.hhcdn.ru/employer-logo-original-round/7017805.png",
      "90": "https://img.hhcdn.ru/employer-logo-round/7017806.png",
      "240": "https://img.hhcdn.ru/employer-logo-round/7017807.png"
    },
    "vacancies_url": "https://api.hh.ru/vacancies?employer_id=3936097",
    "country_id": 1,
    "accredited_it_employer": true,
    "trusted": true
  },
  "snippet": {
    "requirement": "Опыт работы backend разработчиком на нашем стеке от 3х лет. Отличные знания asp.net core 6, Ef Core, LINQ, PostgresQL...",
    "responsibility": "Мы развиваем ЭКОсистему, снижающую расходы транспортных компаний через внедрение эффективных решений в сфере покупки, эксплуатации и продажи коммерческой техники. "
  },
  "contacts": null,
  "schedule": {
    "id": "fullDay",
    "name": "Полный день"
  },
  "working_days": [],
  "working_time_intervals": [],
  "working_time_modes": [],
  "accept_temporary": false,
  "fly_in_fly_out_duration": [],
  "work_format": [
    {
      "id": "ON_SITE",
      "name": "На месте работодателя"
    }
  ],
  "working_hours": [
    {
      "id": "HOURS_8",
      "name": "8 часов"
    }
  ],
  "work_schedule_by_days": [
    {
      "id": "FIVE_ON_TWO_OFF",
      "name": "5/2"
    }
  ],
  "night_shifts": false,
  "professional_roles": [
    {
      "id": "96",
      "name": "Программист, разработчик"
    }
  ],
  "accept_incomplete_resumes": false,
  "experience": {
    "id": "between3And6",
    "name": "От 3 до 6 лет"
  },
  "employment": {
    "id": "full",
    "name": "Полная занятость"
  },
  "employment_form": {
    "id": "FULL",
    "name": "Полная"
  },
  "internship": false,
  "adv_response_url": null,
  "is_adv_vacancy": false,
  "adv_context": null
}