{
  "id": "128446411",
  "premium": false,
  "name": "Senior Software Development Engineer (C#), Core Integrations Team",
  "department": null,
  "has_test": false,
  "response_letter_required": false,
  "area": {
    "id": "146",
    "name": "Сербия",
    "url": "https://api.hh.ru/areas/146"
  },
  "salary": null,
  "salary_range": null,
  "type": {
    "id": "open",
    "name": "Открытая"
  },
  "address": null,
  "response_url": null,
  "sort_point_distance": null,
  "published_at": "2025-12-22T21:25:00+06:00",
  "created_at": "2025-12-22T21:25:00+06:00",
  "archived": false,
  "apply_alternate_url": "https://hh.ru/applicant/vacancy_response?vacancyId=128446411",
  "show_logo_in_search": null,
  "show_contacts": false,
  "insider_interview": null,
  "url": "https://api.hh.ru/vacancies/128446411?host=hh.ru",
  "alternate_url": "https://hh.ru/vacancy/128446411",
  "relations": [],
  "employer": {
    "id": "2997381",
    "name": "Access Softek (ИП Рытиков Сергей Сергеевич)",
    "url": "https://api.hh.ru/employers/2997381",
    "alternate_url": "https://hh.ru/employer/2997381",
    "logo_urls": {
      "original": "https://img.hhcdn.ru/employer-logo-original-round/3788946.png",
      "90": "https://img.hhcdn.ru/employer-logo-round/3788947.png",
      "240": "https://img.hhcdn.ru/employer-logo-round/3788948.png"
    },
    "vacancies_url": "https://api.hh.ru/vacancies?employer_id=2997381",
    "country_id": 1,
    "accredited_it_employer": false,
    "trusted": true
  },
  "snippet": {
    "requirement": "5+ лет опыта в качестве Back-end разработчика. <highlighttext>C#</highlighttext>, ASP.NET. HTTP, SOAP, TCP. Entity Framework и SQL. NUnit/xUnit. ",
    "responsibility": "Проектировать, разрабатывать и поддерживать backend-сервисы и API. Вносить вклад в основной back-end-сервис, создавая адаптеры и улучшая ключевые..."
  },
  "contacts": null,
  "schedule": {
    "id": "remote",
    "name": "Удаленная работа"
  },
  "working_days": [],
  "working_time_intervals": [],
  "working_time_modes": [],
  "accept_temporary": false,
  "fly_in_fly_out_duration": [],
  "work_format": [
    {
      "id": "REMOTE",
      "name": "Удалённо"
    }
  ],
  "working_hours": [
    {
      "id": "HOURS_8",
      "name": "8 часов"
    }
  ],
  "work_schedule_by_days": [
    {
      "id": "FIVE_ON_TWO_OFF",
      "name": "5/2"
    }
  ],
  "night_shifts": false,
  "professional_roles": [
    {
      "id": "96",
      "name": "Программист, разработчик"
    }
  ],
  "accept_incomplete_resumes": false,
  "experience": {
    "id": "moreThan6",
    "name": "Более 6 лет"
  },
  "employment": {
    "id": "full",
    "name": "Полная занятость"
  },
  "employment_form": {
    "id": "FULL",
    "name": "Полная"
  },
  "internship": false,
  "adv_response_url": null,
  "is_adv_vacancy": false,
  "adv_context": null
}