{
  "id": "128462305",
  "premium": false,
  "name": "Программист Unity",
  "department": null,
  "has_test": false,
  "response_letter_required": false,
  "area": {
    "id": "104",
    "name": "Челябинск",
    "url": "https://api.hh.ru/areas/104"
  },
  "salary": {
    "from": 70000,
    "to": null,
    "currency": "RUR",
    "gross": false
  },
  "salary_range": {
    "from": 70000,
    "to": null,
    "currency": "RUR",
    "gross": false,
    "mode": {
      "id": "MONTH",
      "name": "За месяц"
    },
    "frequency": {
      "id": "TWICE_PER_MONTH",
      "name": "Два раза в месяц"
    }
  },
  "type": {
    "id": "open",
    "name": "Открытая"
  },
  "address": {
    "city": "Челябинск",
    "street": "улица Танкистов",
    "building": "179А",
    "lat": 55.168856,
    "lng": 61.470763,
    "description": null,
    "raw": "Челябинск, улица Танкистов, 179А",
    "metro": null,
    "metro_stations": [],
    "id": "20951789"
  },
  "response_url": null,
  "sort_point_distance": null,
  "published_at": "2025-12-05T11:57:45+06:00",
  "created_at": "2025-12-05T11:57:45+06:00",
  "archived": false,
  "apply_alternate_url": "https://hh.ru/applicant/vacancy_response?vacancyId=128462305",
  "show_contacts": true,
  "insider_interview": null,
  "url": "https://api.hh.ru/vacancies/128462305?host=hh.ru",
  "alternate_url": "https://hh.ru/vacancy/128462305",
  "relations": [],
  "employer": {
    "id": "12478264",
    "name": "Инженерно-Производственное предприятие Промэлектромодуль",
    "url": "https://api.hh.ru/employers/12478264",
    "alternate_url": "https://hh.ru/employer/12478264",
    "logo_urls": null,
    "vacancies_url": "https://api.hh.ru/vacancies?employer_id=12478264",
    "country_id": 1,
    "accredited_it_employer": false,
    "trusted": true
  },
  "snippet": {
    "requirement": "имеет опыт работы с Unity. — знает что такое ООП и умеет применять эти принципы в разработке. Будет плюсом: — опыт разработки...",
    "responsibility": "IT компания \"Промэлектромодуль\" занимается разработкой и поставкой компьютерных VR тренажеров в области электроэнергетики, монтажа и наладки, гидравлики, нефтехимии. "
  },
  "contacts": null,
  "schedule": {
    "id": "fullDay",
    "name": "Полный день"
  },
  "working_days": [],
  "working_time_intervals": [],
  "working_time_modes": [],
  "accept_temporary": false,
  "fly_in_fly_out_duration": [],
  "work_format": [
    {
      "id": "ON_SITE",
      "name": "На месте работодателя"
    }
  ],
  "working_hours": [
    {
      "id": "HOURS_8",
      "name": "8 часов"
    }
  ],
  "work_schedule_by_days": [
    {
      "id": "FIVE_ON_TWO_OFF",
      "name": "5/2"
    }
  ],
  "night_shifts": false,
  "professional_roles": [
    {
      "id": "96",
      "name": "Программист, разработчик"
    }
  ],
  "accept_incomplete_resumes": false,
  "experience": {
    "id": "between1And3",
    "name": "От 1 года до 3 лет"
  },
  "employment": {
    "id": "full",
    "name": "Полная занятость"
  },
  "employment_form": {
    "id": "FULL",
    "name": "Полная"
  },
  "internship": false,
  "adv_response_url": null,
  "is_adv_vacancy": false,
  "adv_context": null
}