{
  "id": "128430306",
  "premium": false,
  "name": "Системный администратор Linux (3 л ППО)",
  "department": null,
  "has_test": false,
  "response_letter_required": false,
  "area": {
    "id": "1",
    "name": "Москва",
    "url": "https://api.hh.ru/areas/1"
  },
  "salary": null,
  "salary_range": null,
  "type": {
    "id": "open",
    "name": "Открытая"
  },
  "address": null,
  "response_url": null,
  "sort_point_distance": null,
  "published_at": "2025-12-04T16:20:23+06:00",
  "created_at": "2025-12-04T16:20:23+06:00",
  "archived": false,
  "apply_alternate_url": "https://hh.ru/applicant/vacancy_response?vacancyId=128430306",
  "show_contacts": true,
  "insider_interview": null,
  "url": "https://api.hh.ru/vacancies/128430306?host=hh.ru",
  "alternate_url": "https://hh.ru/vacancy/128430306",
  "relations": [],
  "employer": {
    "id": "2979340",
    "name": "Кронверк Лаб",
    "url": "https://api.hh.ru/employers/2979340",
    "alternate_url": "https://hh.ru/employer/2979340",
    "logo_urls": null,
    "vacancies_url": "https://api.hh.ru/vacancies?employer_id=2979340",
    "country_id": 1,
    "accredited_it_employer": false,
    "trusted": true
  },
  "snippet": {
    "requirement": "Опыт администрирования сервисов, написанных на JavaScript (Node.js) и <highlighttext>.NET</highlighttext>. Понимание основ работы Kubernetes и опыт работы с контейнерами (Docker). ",
    "responsibility": "Администрирование и поддержка прикладных сервисов, написанных на JavaScript, Python, Go, <highlighttext>.NET</highlighttext> и других языках программирования. Настройка мониторинга прикладных сервисов в..."
  },
  "contacts": null,
  "schedule": {
    "id": "remote",
    "name": "Удаленная работа"
  },
  "working_days": [],
  "working_time_intervals": [],
  "working_time_modes": [],
  "accept_temporary": false,
  "fly_in_fly_out_duration": [],
  "work_format": [
    {
      "id": "REMOTE",
      "name": "Удалённо"
    }
  ],
  "working_hours": [
    {
      "id": "HOURS_8",
      "name": "8 часов"
    }
  ],
  "work_schedule_by_days": [
    {
      "id": "FIVE_ON_TWO_OFF",
      "name": "5/2"
    }
  ],
  "night_shifts": false,
  "professional_roles": [
    {
      "id": "113",
      "name": "Системный администратор"
    }
  ],
  "accept_incomplete_resumes": false,
  "experience": {
    "id": "between1And3",
    "name": "От 1 года до 3 лет"
  },
  "employment": {
    "id": "full",
    "name": "Полная занятость"
  },
  "employment_form": {
    "id": "FULL",
    "name": "Полная"
  },
  "internship": false,
  "adv_response_url": null,
  "is_adv_vacancy": false,
  "adv_context": null
}