{
  "id": "128480659",
  "premium": false,
  "name": "Senior .NET-разработчик",
  "department": {
    "id": "yum-17796-it",
    "name": "Rostic’s IT"
  },
  "has_test": false,
  "response_letter_required": false,
  "area": {
    "id": "1",
    "name": "Москва",
    "url": "https://api.hh.ru/areas/1"
  },
  "salary": null,
  "salary_range": null,
  "type": {
    "id": "open",
    "name": "Открытая"
  },
  "address": null,
  "response_url": null,
  "sort_point_distance": null,
  "published_at": "2025-12-05T16:59:00+06:00",
  "created_at": "2025-12-05T16:59:00+06:00",
  "archived": false,
  "apply_alternate_url": "https://hh.ru/applicant/vacancy_response?vacancyId=128480659",
  "branding": {
    "type": "MAKEUP",
    "tariff": null
  },
  "show_logo_in_search": true,
  "show_contacts": false,
  "insider_interview": null,
  "url": "https://api.hh.ru/vacancies/128480659?host=hh.ru",
  "alternate_url": "https://hh.ru/vacancy/128480659",
  "relations": [],
  "employer": {
    "id": "17796",
    "name": "ЮНИРЕСТ",
    "url": "https://api.hh.ru/employers/17796",
    "alternate_url": "https://hh.ru/employer/17796",
    "logo_urls": {
      "original": "https://img.hhcdn.ru/employer-logo-original-round/6404372.png",
      "90": "https://img.hhcdn.ru/employer-logo-round/6404373.png",
      "240": "https://img.hhcdn.ru/employer-logo-round/6404374.png"
    },
    "vacancies_url": "https://api.hh.ru/vacancies?employer_id=17796",
    "country_id": 1,
    "accredited_it_employer": false,
    "trusted": true
  },
  "snippet": {
    "requirement": "Имеешь опыт разработки на <highlighttext>.NET</highlighttext> 6+ от 2 лет. Разбираешься в микросервисах, брокерах сообщений и распределённых системах. ",
    "responsibility": "Разрабатывать сервисы на <highlighttext>.NET</highlighttext> 6+ с использованием микросервисной архитектуры. Проводить ревью кода и оценивать трудозатраты. Проектировать реляционные БД и..."
  },
  "contacts": null,
  "schedule": {
    "id": "fullDay",
    "name": "Полный день"
  },
  "working_days": [],
  "working_time_intervals": [],
  "working_time_modes": [],
  "accept_temporary": false,
  "fly_in_fly_out_duration": [],
  "work_format": [],
  "working_hours": [
    {
      "id": "HOURS_8",
      "name": "8 часов"
    }
  ],
  "work_schedule_by_days": [
    {
      "id": "FIVE_ON_TWO_OFF",
      "name": "5/2"
    }
  ],
  "night_shifts": false,
  "professional_roles": [
    {
      "id": "96",
      "name": "Программист, разработчик"
    }
  ],
  "accept_incomplete_resumes": false,
  "experience": {
    "id": "between3And6",
    "name": "От 3 до 6 лет"
  },
  "employment": {
    "id": "full",
    "name": "Полная занятость"
  },
  "employment_form": {
    "id": "FULL",
    "name": "Полная"
  },
  "internship": false,
  "adv_response_url": null,
  "is_adv_vacancy": false,
  "adv_context": null
}