{
  "id": "128433487",
  "premium": false,
  "name": "CRM Developer",
  "department": null,
  "has_test": false,
  "response_letter_required": false,
  "area": {
    "id": "160",
    "name": "Алматы",
    "url": "https://api.hh.ru/areas/160"
  },
  "salary": null,
  "salary_range": null,
  "type": {
    "id": "open",
    "name": "Открытая"
  },
  "address": null,
  "response_url": null,
  "sort_point_distance": null,
  "published_at": "2025-12-04T17:09:28+06:00",
  "created_at": "2025-12-04T17:09:28+06:00",
  "archived": false,
  "apply_alternate_url": "https://hh.ru/applicant/vacancy_response?vacancyId=128433487",
  "show_logo_in_search": null,
  "show_contacts": false,
  "insider_interview": null,
  "url": "https://api.hh.ru/vacancies/128433487?host=hh.ru",
  "alternate_url": "https://hh.ru/vacancy/128433487",
  "relations": [],
  "employer": {
    "id": "4733738",
    "name": "Публичная Компания «Freedom Finance Global PLC»",
    "url": "https://api.hh.ru/employers/4733738",
    "alternate_url": "https://hh.ru/employer/4733738",
    "logo_urls": {
      "original": "https://img.hhcdn.ru/employer-logo-original/1405646.png",
      "90": "https://img.hhcdn.ru/employer-logo/7242252.png",
      "240": "https://img.hhcdn.ru/employer-logo/7242253.png"
    },
    "vacancies_url": "https://api.hh.ru/vacancies?employer_id=4733738",
    "country_id": 3,
    "accredited_it_employer": false,
    "trusted": true
  },
  "snippet": {
    "requirement": "Опыт коммерческой разработки от 2–3 лет. Знание архитектуры Dynamics 365 и принципов расширения (plugins, workflows, custom entities, JS-клиентские...",
    "responsibility": "Создание и поддержка плагинов, действий (custom actions), рабочих процессов и интеграционных решений на <highlighttext>C#</highlighttext> / <highlighttext>.NET</highlighttext>. Разработка и кастомизация приложений на..."
  },
  "contacts": null,
  "schedule": {
    "id": "fullDay",
    "name": "Полный день"
  },
  "working_days": [],
  "working_time_intervals": [],
  "working_time_modes": [],
  "accept_temporary": false,
  "fly_in_fly_out_duration": [],
  "work_format": [
    {
      "id": "ON_SITE",
      "name": "На месте работодателя"
    }
  ],
  "working_hours": [
    {
      "id": "HOURS_8",
      "name": "8 часов"
    }
  ],
  "work_schedule_by_days": [
    {
      "id": "FIVE_ON_TWO_OFF",
      "name": "5/2"
    }
  ],
  "night_shifts": false,
  "professional_roles": [
    {
      "id": "96",
      "name": "Программист, разработчик"
    }
  ],
  "accept_incomplete_resumes": false,
  "experience": {
    "id": "between3And6",
    "name": "От 3 до 6 лет"
  },
  "employment": {
    "id": "full",
    "name": "Полная занятость"
  },
  "employment_form": {
    "id": "FULL",
    "name": "Полная"
  },
  "internship": false,
  "adv_response_url": null,
  "is_adv_vacancy": false,
  "adv_context": null
}