{
  "id": "128435421",
  "premium": false,
  "name": "Программист С#",
  "department": null,
  "has_test": false,
  "response_letter_required": false,
  "area": {
    "id": "1",
    "name": "Москва",
    "url": "https://api.hh.ru/areas/1"
  },
  "salary": null,
  "salary_range": null,
  "type": {
    "id": "open",
    "name": "Открытая"
  },
  "address": {
    "city": "Москва",
    "street": "Хорошёвское шоссе",
    "building": "32А",
    "lat": 55.775955,
    "lng": 37.54224,
    "description": null,
    "raw": "Москва, Хорошёвское шоссе, 32А",
    "metro": {
      "station_name": "Беговая",
      "line_name": "Таганско-Краснопресненская",
      "station_id": "7.18",
      "line_id": "7",
      "lat": 55.773505,
      "lng": 37.545518
    },
    "metro_stations": [
      {
        "station_name": "Беговая",
        "line_name": "Таганско-Краснопресненская",
        "station_id": "7.18",
        "line_id": "7",
        "lat": 55.773505,
        "lng": 37.545518
      }
    ],
    "id": "6053260"
  },
  "response_url": null,
  "sort_point_distance": null,
  "published_at": "2025-12-24T15:40:35+06:00",
  "created_at": "2025-12-24T15:40:35+06:00",
  "archived": false,
  "apply_alternate_url": "https://hh.ru/applicant/vacancy_response?vacancyId=128435421",
  "show_logo_in_search": null,
  "show_contacts": false,
  "insider_interview": null,
  "url": "https://api.hh.ru/vacancies/128435421?host=hh.ru",
  "alternate_url": "https://hh.ru/vacancy/128435421",
  "relations": [],
  "employer": {
    "id": "24296",
    "name": "Финансовый Дом «Солид»",
    "url": "https://api.hh.ru/employers/24296",
    "alternate_url": "https://hh.ru/employer/24296",
    "logo_urls": {
      "original": "https://img.hhcdn.ru/employer-logo-original-round/3108655.png",
      "90": "https://img.hhcdn.ru/employer-logo-round/3108656.png",
      "240": "https://img.hhcdn.ru/employer-logo-round/3108657.png"
    },
    "vacancies_url": "https://api.hh.ru/vacancies?employer_id=24296",
    "country_id": 1,
    "accredited_it_employer": false,
    "trusted": true
  },
  "snippet": {
    "requirement": "Знание <highlighttext>C#</highlighttext> (разработка библиотек, консольных приложений, приложений Windows Forms, Net Framework, Net Core). Знание T-SQL (запросы, хранимые процедуры). ",
    "responsibility": "Разработка и поддержка приложений на <highlighttext>C#</highlighttext>. Написание, отладка и оптимизации запросов к БД и хранимых процедур. Работы по развитию существующих..."
  },
  "contacts": null,
  "schedule": {
    "id": "fullDay",
    "name": "Полный день"
  },
  "working_days": [],
  "working_time_intervals": [],
  "working_time_modes": [],
  "accept_temporary": false,
  "fly_in_fly_out_duration": [],
  "work_format": [
    {
      "id": "ON_SITE",
      "name": "На месте работодателя"
    }
  ],
  "working_hours": [
    {
      "id": "HOURS_8",
      "name": "8 часов"
    }
  ],
  "work_schedule_by_days": [
    {
      "id": "FIVE_ON_TWO_OFF",
      "name": "5/2"
    }
  ],
  "night_shifts": false,
  "professional_roles": [
    {
      "id": "96",
      "name": "Программист, разработчик"
    }
  ],
  "accept_incomplete_resumes": false,
  "experience": {
    "id": "between3And6",
    "name": "От 3 до 6 лет"
  },
  "employment": {
    "id": "full",
    "name": "Полная занятость"
  },
  "employment_form": {
    "id": "FULL",
    "name": "Полная"
  },
  "internship": false,
  "adv_response_url": null,
  "is_adv_vacancy": false,
  "adv_context": null
}