{
  "id": "128420537",
  "premium": false,
  "name": "Junior С# (ASP.NET) Developer",
  "department": null,
  "has_test": false,
  "response_letter_required": false,
  "area": {
    "id": "11",
    "name": "Барнаул",
    "url": "https://api.hh.ru/areas/11"
  },
  "salary": null,
  "salary_range": null,
  "type": {
    "id": "open",
    "name": "Открытая"
  },
  "address": {
    "city": "Барнаул",
    "street": "улица Малахова",
    "building": "149Б",
    "lat": 53.340414,
    "lng": 83.696008,
    "description": null,
    "raw": "Барнаул, улица Малахова, 149Б",
    "metro": null,
    "metro_stations": [],
    "id": "2810157"
  },
  "response_url": null,
  "sort_point_distance": null,
  "published_at": "2025-12-22T13:37:50+06:00",
  "created_at": "2025-12-22T13:37:50+06:00",
  "archived": false,
  "apply_alternate_url": "https://hh.ru/applicant/vacancy_response?vacancyId=128420537",
  "show_logo_in_search": null,
  "show_contacts": true,
  "insider_interview": null,
  "url": "https://api.hh.ru/vacancies/128420537?host=hh.ru",
  "alternate_url": "https://hh.ru/vacancy/128420537",
  "relations": [],
  "employer": {
    "id": "51423",
    "name": "SIBERS",
    "url": "https://api.hh.ru/employers/51423",
    "alternate_url": "https://hh.ru/employer/51423",
    "logo_urls": {
      "original": "https://img.hhcdn.ru/employer-logo-original-round/2002916.jpg",
      "90": "https://img.hhcdn.ru/employer-logo-round/2002918.jpeg",
      "240": "https://img.hhcdn.ru/employer-logo-round/2002919.jpeg"
    },
    "vacancies_url": "https://api.hh.ru/vacancies?employer_id=51423",
    "country_id": 1,
    "accredited_it_employer": true,
    "trusted": true
  },
  "snippet": {
    "requirement": "Опыт работы: можно без опыта. Необходимые навыки: <highlighttext>.NET</highlighttext>, <highlighttext>.NET</highlighttext> Core, ASP.NET MVC, Web API. <highlighttext>C#</highlighttext>, T-SQL, HTML, JavaScript, CSS...",
    "responsibility": null
  },
  "contacts": null,
  "schedule": {
    "id": "fullDay",
    "name": "Полный день"
  },
  "working_days": [],
  "working_time_intervals": [],
  "working_time_modes": [],
  "accept_temporary": false,
  "fly_in_fly_out_duration": [],
  "work_format": [
    {
      "id": "ON_SITE",
      "name": "На месте работодателя"
    }
  ],
  "working_hours": [
    {
      "id": "HOURS_8",
      "name": "8 часов"
    }
  ],
  "work_schedule_by_days": [
    {
      "id": "FIVE_ON_TWO_OFF",
      "name": "5/2"
    },
    {
      "id": "FLEXIBLE",
      "name": "Свободный"
    }
  ],
  "night_shifts": false,
  "professional_roles": [
    {
      "id": "96",
      "name": "Программист, разработчик"
    }
  ],
  "accept_incomplete_resumes": false,
  "experience": {
    "id": "noExperience",
    "name": "Нет опыта"
  },
  "employment": {
    "id": "full",
    "name": "Полная занятость"
  },
  "employment_form": {
    "id": "FULL",
    "name": "Полная"
  },
  "internship": false,
  "adv_response_url": null,
  "is_adv_vacancy": false,
  "adv_context": null
}