{
  "id": "128464775",
  "premium": false,
  "name": "Программист Middle/Middle+ Python Developer",
  "department": null,
  "has_test": false,
  "response_letter_required": true,
  "area": {
    "id": "2760",
    "name": "Бишкек",
    "url": "https://api.hh.ru/areas/2760"
  },
  "salary": {
    "from": 60000,
    "to": 120000,
    "currency": "KGS",
    "gross": false
  },
  "salary_range": {
    "from": 60000,
    "to": 120000,
    "currency": "KGS",
    "gross": false,
    "mode": {
      "id": "MONTH",
      "name": "За месяц"
    },
    "frequency": {
      "id": "TWICE_PER_MONTH",
      "name": "Два раза в месяц"
    }
  },
  "type": {
    "id": "open",
    "name": "Открытая"
  },
  "address": {
    "city": "Бишкек",
    "street": "улица Суймонкула Чокморова",
    "building": "154",
    "lat": 42.867776,
    "lng": 74.610124,
    "description": null,
    "raw": "Бишкек, улица Суймонкула Чокморова, 154",
    "metro": null,
    "metro_stations": [],
    "id": "20596830"
  },
  "response_url": null,
  "sort_point_distance": null,
  "published_at": "2025-12-23T12:45:11+06:00",
  "created_at": "2025-12-23T12:45:11+06:00",
  "archived": false,
  "apply_alternate_url": "https://hh.ru/applicant/vacancy_response?vacancyId=128464775",
  "show_logo_in_search": null,
  "show_contacts": true,
  "insider_interview": null,
  "url": "https://api.hh.ru/vacancies/128464775?host=hh.ru",
  "alternate_url": "https://hh.ru/vacancy/128464775",
  "relations": [],
  "employer": {
    "id": "9794282",
    "name": "ОсОО Кю-солюшнс",
    "url": "https://api.hh.ru/employers/9794282",
    "alternate_url": "https://hh.ru/employer/9794282",
    "logo_urls": {
      "original": "https://img.hhcdn.ru/employer-logo-original-round/5998104.png",
      "90": "https://img.hhcdn.ru/employer-logo-round/5998105.png",
      "240": "https://img.hhcdn.ru/employer-logo-round/5998106.png"
    },
    "vacancies_url": "https://api.hh.ru/vacancies?employer_id=9794282",
    "country_id": 7,
    "accredited_it_employer": false,
    "trusted": true
  },
  "snippet": {
    "requirement": "Будет преимуществом: * Опыт с PyQt написание декстопных приложений, <highlighttext>C#</highlighttext> (<highlighttext>.NET</highlighttext> 8 и выше, WPF). * Опыт работы с Docker, базовыми CI...",
    "responsibility": null
  },
  "contacts": null,
  "schedule": {
    "id": "fullDay",
    "name": "Полный день"
  },
  "working_days": [],
  "working_time_intervals": [],
  "working_time_modes": [],
  "accept_temporary": false,
  "fly_in_fly_out_duration": [],
  "work_format": [
    {
      "id": "ON_SITE",
      "name": "На месте работодателя"
    }
  ],
  "working_hours": [
    {
      "id": "HOURS_8",
      "name": "8 часов"
    }
  ],
  "work_schedule_by_days": [
    {
      "id": "FIVE_ON_TWO_OFF",
      "name": "5/2"
    }
  ],
  "night_shifts": false,
  "professional_roles": [
    {
      "id": "96",
      "name": "Программист, разработчик"
    }
  ],
  "accept_incomplete_resumes": false,
  "experience": {
    "id": "between1And3",
    "name": "От 1 года до 3 лет"
  },
  "employment": {
    "id": "full",
    "name": "Полная занятость"
  },
  "employment_form": {
    "id": "FULL",
    "name": "Полная"
  },
  "internship": false,
  "adv_response_url": null,
  "is_adv_vacancy": false,
  "adv_context": null
}