{
  "id": "128442822",
  "premium": false,
  "name": "Senior Full Stack Engineer (старший full stack разработчик﻿)",
  "department": null,
  "has_test": false,
  "response_letter_required": false,
  "area": {
    "id": "160",
    "name": "Алматы",
    "url": "https://api.hh.ru/areas/160"
  },
  "salary": null,
  "salary_range": null,
  "type": {
    "id": "open",
    "name": "Открытая"
  },
  "address": null,
  "response_url": null,
  "sort_point_distance": null,
  "published_at": "2025-12-23T13:05:31+06:00",
  "created_at": "2025-12-23T13:05:31+06:00",
  "archived": false,
  "apply_alternate_url": "https://hh.ru/applicant/vacancy_response?vacancyId=128442822",
  "show_logo_in_search": null,
  "show_contacts": false,
  "insider_interview": null,
  "url": "https://api.hh.ru/vacancies/128442822?host=hh.ru",
  "alternate_url": "https://hh.ru/vacancy/128442822",
  "relations": [],
  "employer": {
    "id": "4469939",
    "name": "Elite Business Group",
    "url": "https://api.hh.ru/employers/4469939",
    "alternate_url": "https://hh.ru/employer/4469939",
    "logo_urls": {
      "original": "https://img.hhcdn.ru/employer-logo-original-round/3283303.png",
      "90": "https://img.hhcdn.ru/employer-logo-round/3283304.png",
      "240": "https://img.hhcdn.ru/employer-logo-round/3283305.png"
    },
    "vacancies_url": "https://api.hh.ru/vacancies?employer_id=4469939",
    "country_id": 3,
    "accredited_it_employer": false,
    "trusted": true
  },
  "snippet": {
    "requirement": "Proficient in <highlighttext>.NET</highlighttext> Core and <highlighttext>C#</highlighttext>. Frontend. - Good knowledge of React or Vue.js. Database. - Experience with relational database (Postgres, SQL...",
    "responsibility": "Backend."
  },
  "contacts": null,
  "schedule": {
    "id": "remote",
    "name": "Удаленная работа"
  },
  "working_days": [],
  "working_time_intervals": [],
  "working_time_modes": [],
  "accept_temporary": false,
  "fly_in_fly_out_duration": [],
  "work_format": [
    {
      "id": "REMOTE",
      "name": "Удалённо"
    }
  ],
  "working_hours": [
    {
      "id": "HOURS_8",
      "name": "8 часов"
    }
  ],
  "work_schedule_by_days": [
    {
      "id": "FIVE_ON_TWO_OFF",
      "name": "5/2"
    }
  ],
  "night_shifts": false,
  "professional_roles": [
    {
      "id": "96",
      "name": "Программист, разработчик"
    }
  ],
  "accept_incomplete_resumes": false,
  "experience": {
    "id": "between3And6",
    "name": "От 3 до 6 лет"
  },
  "employment": {
    "id": "full",
    "name": "Полная занятость"
  },
  "employment_form": {
    "id": "FULL",
    "name": "Полная"
  },
  "internship": false,
  "adv_response_url": null,
  "is_adv_vacancy": false,
  "adv_context": null
}