{
  "id": "128507040",
  "premium": false,
  "name": "Начальник отдела разработки",
  "department": null,
  "has_test": false,
  "response_letter_required": false,
  "area": {
    "id": "1",
    "name": "Москва",
    "url": "https://api.hh.ru/areas/1"
  },
  "salary": null,
  "salary_range": null,
  "type": {
    "id": "open",
    "name": "Открытая"
  },
  "address": null,
  "response_url": null,
  "sort_point_distance": null,
  "published_at": "2025-12-08T02:38:20+06:00",
  "created_at": "2025-12-08T02:38:20+06:00",
  "archived": false,
  "apply_alternate_url": "https://hh.ru/applicant/vacancy_response?vacancyId=128507040",
  "show_logo_in_search": null,
  "show_contacts": false,
  "insider_interview": null,
  "url": "https://api.hh.ru/vacancies/128507040?host=hh.ru",
  "alternate_url": "https://hh.ru/vacancy/128507040",
  "relations": [],
  "employer": {
    "id": "121324",
    "name": "ГУП Московский социальный регистр",
    "url": "https://api.hh.ru/employers/121324",
    "alternate_url": "https://hh.ru/employer/121324",
    "logo_urls": {
      "original": "https://img.hhcdn.ru/employer-logo-original-round/1503213.jpeg",
      "90": "https://img.hhcdn.ru/employer-logo-round/1503214.jpeg",
      "240": "https://img.hhcdn.ru/employer-logo-round/1503215.jpeg"
    },
    "vacancies_url": "https://api.hh.ru/vacancies?employer_id=121324",
    "country_id": 1,
    "accredited_it_employer": true,
    "trusted": true
  },
  "snippet": {
    "requirement": "Опыт руководства командами разработки с разным технологическим стеком. Понимание продуктовой разработки (жизненный цикл продукта - от концепции и планирования до выпуска...",
    "responsibility": "Руководить отделом разработки и автоматизации — двумя группами с разным стеком (PHP (Symfony, Laravel + Vue) и <highlighttext>C#</highlighttext> (<highlighttext>.NET</highlighttext> Core +..."
  },
  "contacts": null,
  "schedule": {
    "id": "remote",
    "name": "Удаленная работа"
  },
  "working_days": [],
  "working_time_intervals": [],
  "working_time_modes": [],
  "accept_temporary": false,
  "fly_in_fly_out_duration": [],
  "work_format": [
    {
      "id": "REMOTE",
      "name": "Удалённо"
    }
  ],
  "working_hours": [
    {
      "id": "HOURS_8",
      "name": "8 часов"
    }
  ],
  "work_schedule_by_days": [
    {
      "id": "FIVE_ON_TWO_OFF",
      "name": "5/2"
    }
  ],
  "night_shifts": false,
  "professional_roles": [
    {
      "id": "104",
      "name": "Руководитель группы разработки"
    }
  ],
  "accept_incomplete_resumes": false,
  "experience": {
    "id": "moreThan6",
    "name": "Более 6 лет"
  },
  "employment": {
    "id": "full",
    "name": "Полная занятость"
  },
  "employment_form": {
    "id": "FULL",
    "name": "Полная"
  },
  "internship": false,
  "adv_response_url": null,
  "is_adv_vacancy": false,
  "adv_context": null
}