{
  "id": "128518784",
  "premium": false,
  "name": "Разработчик C#",
  "department": null,
  "has_test": false,
  "response_letter_required": false,
  "area": {
    "id": "41",
    "name": "Калининград",
    "url": "https://api.hh.ru/areas/41"
  },
  "salary": {
    "from": null,
    "to": 150000,
    "currency": "RUR",
    "gross": false
  },
  "salary_range": {
    "from": null,
    "to": 150000,
    "currency": "RUR",
    "gross": false,
    "mode": {
      "id": "MONTH",
      "name": "За месяц"
    },
    "frequency": {
      "id": "TWICE_PER_MONTH",
      "name": "Два раза в месяц"
    }
  },
  "type": {
    "id": "open",
    "name": "Открытая"
  },
  "address": {
    "city": "Калининград",
    "street": "площадь Победы",
    "building": "10",
    "lat": 54.719778,
    "lng": 20.50384,
    "description": null,
    "raw": "Калининград, площадь Победы, 10",
    "metro": null,
    "metro_stations": [],
    "id": "5328578"
  },
  "response_url": null,
  "sort_point_distance": null,
  "published_at": "2025-12-08T13:00:00+06:00",
  "created_at": "2025-12-08T13:00:00+06:00",
  "archived": false,
  "apply_alternate_url": "https://hh.ru/applicant/vacancy_response?vacancyId=128518784",
  "show_logo_in_search": null,
  "show_contacts": false,
  "insider_interview": null,
  "url": "https://api.hh.ru/vacancies/128518784?host=hh.ru",
  "alternate_url": "https://hh.ru/vacancy/128518784",
  "relations": [],
  "employer": {
    "id": "5241256",
    "name": "НЕОЛАНТ Калининград",
    "url": "https://api.hh.ru/employers/5241256",
    "alternate_url": "https://hh.ru/employer/5241256",
    "logo_urls": {
      "original": "https://img.hhcdn.ru/employer-logo-original-round/5791610.jpg",
      "90": "https://img.hhcdn.ru/employer-logo-round/5791612.jpeg",
      "240": "https://img.hhcdn.ru/employer-logo-round/5791613.jpeg"
    },
    "vacancies_url": "https://api.hh.ru/vacancies?employer_id=5241256",
    "country_id": 1,
    "accredited_it_employer": true,
    "trusted": true
  },
  "snippet": {
    "requirement": "Знание конструкций языка <highlighttext>C#</highlighttext> и возможностей платформы <highlighttext>.NET</highlighttext>. Опыт написания Unit тестов. Опыт работы с ORM. Понимание принципов работы СУБД. ",
    "responsibility": "Выполнение функций разработчика. Разработка программного обеспечения на основе сформулированных требований и задач. Соблюдение требований по оформлению программного кода."
  },
  "contacts": null,
  "schedule": {
    "id": "fullDay",
    "name": "Полный день"
  },
  "working_days": [],
  "working_time_intervals": [],
  "working_time_modes": [],
  "accept_temporary": true,
  "fly_in_fly_out_duration": [],
  "work_format": [],
  "working_hours": [
    {
      "id": "HOURS_8",
      "name": "8 часов"
    }
  ],
  "work_schedule_by_days": [
    {
      "id": "FIVE_ON_TWO_OFF",
      "name": "5/2"
    }
  ],
  "night_shifts": false,
  "professional_roles": [
    {
      "id": "96",
      "name": "Программист, разработчик"
    }
  ],
  "accept_incomplete_resumes": false,
  "experience": {
    "id": "between3And6",
    "name": "От 3 до 6 лет"
  },
  "employment": {
    "id": "full",
    "name": "Полная занятость"
  },
  "employment_form": {
    "id": "FULL",
    "name": "Полная"
  },
  "internship": false,
  "adv_response_url": null,
  "is_adv_vacancy": false,
  "adv_context": null
}