{
  "id": "128516010",
  "premium": false,
  "name": "Middle C# Developer",
  "department": null,
  "has_test": false,
  "response_letter_required": false,
  "area": {
    "id": "160",
    "name": "Алматы",
    "url": "https://api.hh.ru/areas/160"
  },
  "salary": null,
  "salary_range": null,
  "type": {
    "id": "open",
    "name": "Открытая"
  },
  "address": {
    "city": "Алматы",
    "street": "Алмалинский район, улица Жамбыла",
    "building": "106",
    "lat": 43.246462,
    "lng": 76.927867,
    "description": null,
    "raw": "Алматы, Алмалинский район, улица Жамбыла, 106",
    "metro": null,
    "metro_stations": [],
    "id": "18102311"
  },
  "response_url": null,
  "sort_point_distance": null,
  "published_at": "2025-12-08T12:22:44+06:00",
  "created_at": "2025-12-08T12:22:44+06:00",
  "archived": false,
  "apply_alternate_url": "https://hh.ru/applicant/vacancy_response?vacancyId=128516010",
  "show_logo_in_search": null,
  "show_contacts": false,
  "insider_interview": null,
  "url": "https://api.hh.ru/vacancies/128516010?host=hh.ru",
  "alternate_url": "https://hh.ru/vacancy/128516010",
  "relations": [],
  "employer": {
    "id": "31453",
    "name": "AIR ASTANA, АО",
    "url": "https://api.hh.ru/employers/31453",
    "alternate_url": "https://hh.ru/employer/31453",
    "logo_urls": {
      "original": "https://img.hhcdn.ru/employer-logo-original/1429855.png",
      "90": "https://img.hhcdn.ru/employer-logo/7339069.png",
      "240": "https://img.hhcdn.ru/employer-logo/7339070.png"
    },
    "vacancies_url": "https://api.hh.ru/vacancies?employer_id=31453",
    "country_id": 3,
    "accredited_it_employer": false,
    "trusted": true
  },
  "snippet": {
    "requirement": "Отличное знание <highlighttext>C#</highlighttext> и <highlighttext>.NET</highlighttext> 6. MSSQL, Entity Framework Core. HTML, CSS, JavaScript. Паттерны программирования и проектирования (Mediatr, CQRS, etc.). ",
    "responsibility": "Разработка высоконагруженных сервисов на <highlighttext>C#</highlighttext> и <highlighttext>.NET</highlighttext> 6. Поддержка текущих проектов, рефакторинг старого кода. Написание Unit и Интеграционных тестов. "
  },
  "contacts": null,
  "schedule": {
    "id": "fullDay",
    "name": "Полный день"
  },
  "working_days": [],
  "working_time_intervals": [],
  "working_time_modes": [],
  "accept_temporary": false,
  "fly_in_fly_out_duration": [],
  "work_format": [
    {
      "id": "ON_SITE",
      "name": "На месте работодателя"
    }
  ],
  "working_hours": [
    {
      "id": "HOURS_8",
      "name": "8 часов"
    }
  ],
  "work_schedule_by_days": [
    {
      "id": "FIVE_ON_TWO_OFF",
      "name": "5/2"
    }
  ],
  "night_shifts": false,
  "professional_roles": [
    {
      "id": "96",
      "name": "Программист, разработчик"
    }
  ],
  "accept_incomplete_resumes": false,
  "experience": {
    "id": "between1And3",
    "name": "От 1 года до 3 лет"
  },
  "employment": {
    "id": "full",
    "name": "Полная занятость"
  },
  "employment_form": {
    "id": "FULL",
    "name": "Полная"
  },
  "internship": false,
  "adv_response_url": null,
  "is_adv_vacancy": false,
  "adv_context": null
}