{
  "id": "128517743",
  "premium": false,
  "name": "Инженер-программист АСУ ТП",
  "department": null,
  "has_test": false,
  "response_letter_required": false,
  "area": {
    "id": "41",
    "name": "Калининград",
    "url": "https://api.hh.ru/areas/41"
  },
  "salary": {
    "from": 100000,
    "to": null,
    "currency": "RUR",
    "gross": true
  },
  "salary_range": {
    "from": 100000,
    "to": null,
    "currency": "RUR",
    "gross": true,
    "mode": {
      "id": "MONTH",
      "name": "За месяц"
    },
    "frequency": {
      "id": "TWICE_PER_MONTH",
      "name": "Два раза в месяц"
    }
  },
  "type": {
    "id": "open",
    "name": "Открытая"
  },
  "address": null,
  "response_url": null,
  "sort_point_distance": null,
  "published_at": "2025-12-08T12:45:58+06:00",
  "created_at": "2025-12-08T12:45:58+06:00",
  "archived": false,
  "apply_alternate_url": "https://hh.ru/applicant/vacancy_response?vacancyId=128517743",
  "show_logo_in_search": null,
  "show_contacts": false,
  "insider_interview": null,
  "url": "https://api.hh.ru/vacancies/128517743?host=hh.ru",
  "alternate_url": "https://hh.ru/vacancy/128517743",
  "relations": [],
  "employer": {
    "id": "9653335",
    "name": "Unigreen Energy",
    "url": "https://api.hh.ru/employers/9653335",
    "alternate_url": "https://hh.ru/employer/9653335",
    "logo_urls": {
      "original": "https://img.hhcdn.ru/employer-logo-original-round/5899360.jpeg",
      "90": "https://img.hhcdn.ru/employer-logo-round/5899361.jpeg",
      "240": "https://img.hhcdn.ru/employer-logo-round/5899362.jpeg"
    },
    "vacancies_url": "https://api.hh.ru/vacancies?employer_id=9653335",
    "country_id": 1,
    "accredited_it_employer": false,
    "trusted": true
  },
  "snippet": {
    "requirement": "Требования: Образование высшее профессиональное (техническое: автоматизация, мехатроника, электроника, IT). Наличие знаний в области программирования/ПО (Углубленные требования), свободное владение одной...",
    "responsibility": "Разработка программного обеспечения для смежных систем (например, системы сбора данных, отчетности) с использованием языков высокого уровня (<highlighttext>C#</highlighttext>, Python, SQL) при..."
  },
  "contacts": null,
  "schedule": {
    "id": "fullDay",
    "name": "Полный день"
  },
  "working_days": [],
  "working_time_intervals": [],
  "working_time_modes": [],
  "accept_temporary": false,
  "fly_in_fly_out_duration": [],
  "work_format": [
    {
      "id": "ON_SITE",
      "name": "На месте работодателя"
    }
  ],
  "working_hours": [
    {
      "id": "HOURS_8",
      "name": "8 часов"
    }
  ],
  "work_schedule_by_days": [
    {
      "id": "FIVE_ON_TWO_OFF",
      "name": "5/2"
    }
  ],
  "night_shifts": false,
  "professional_roles": [
    {
      "id": "40",
      "name": "Другое"
    }
  ],
  "accept_incomplete_resumes": false,
  "experience": {
    "id": "between3And6",
    "name": "От 3 до 6 лет"
  },
  "employment": {
    "id": "full",
    "name": "Полная занятость"
  },
  "employment_form": {
    "id": "FULL",
    "name": "Полная"
  },
  "internship": false,
  "adv_response_url": null,
  "is_adv_vacancy": false,
  "adv_context": null
}