{
  "id": "128514295",
  "premium": false,
  "name": "Владелец продукта (Technical Product Owner)",
  "department": null,
  "has_test": true,
  "response_letter_required": false,
  "area": {
    "id": "99",
    "name": "Уфа",
    "url": "https://api.hh.ru/areas/99"
  },
  "salary": null,
  "salary_range": null,
  "type": {
    "id": "open",
    "name": "Открытая"
  },
  "address": null,
  "response_url": null,
  "sort_point_distance": null,
  "published_at": "2025-12-08T11:57:29+06:00",
  "created_at": "2025-12-08T11:57:29+06:00",
  "archived": false,
  "apply_alternate_url": "https://hh.ru/applicant/vacancy_response?vacancyId=128514295",
  "show_logo_in_search": null,
  "show_contacts": true,
  "insider_interview": null,
  "url": "https://api.hh.ru/vacancies/128514295?host=hh.ru",
  "alternate_url": "https://hh.ru/vacancy/128514295",
  "relations": [],
  "employer": {
    "id": "2488771",
    "name": "Directum",
    "url": "https://api.hh.ru/employers/2488771",
    "alternate_url": "https://hh.ru/employer/2488771",
    "logo_urls": {
      "original": "https://img.hhcdn.ru/employer-logo-original/1386352.png",
      "90": "https://img.hhcdn.ru/employer-logo/7165195.png",
      "240": "https://img.hhcdn.ru/employer-logo/7165196.png"
    },
    "vacancies_url": "https://api.hh.ru/vacancies?employer_id=2488771",
    "country_id": 1,
    "accredited_it_employer": true,
    "trusted": true
  },
  "snippet": {
    "requirement": "Основные инструменты и технологии: Frontend: React/Redux, JavaScript, Typescript. Backend: <highlighttext>.NET</highlighttext> Core, ASP.NET Core. Работа с данными: MS SQL Server...",
    "responsibility": "Тактическое управление фичами: декомпозиция, постановка, ответы на вопросы команды, контроль качества и сроков. Коммуникация и лидерство: консультация команды по всем..."
  },
  "contacts": null,
  "schedule": {
    "id": "remote",
    "name": "Удаленная работа"
  },
  "working_days": [],
  "working_time_intervals": [],
  "working_time_modes": [],
  "accept_temporary": false,
  "fly_in_fly_out_duration": [],
  "work_format": [
    {
      "id": "ON_SITE",
      "name": "На месте работодателя"
    },
    {
      "id": "REMOTE",
      "name": "Удалённо"
    },
    {
      "id": "HYBRID",
      "name": "Гибрид"
    }
  ],
  "working_hours": [
    {
      "id": "HOURS_8",
      "name": "8 часов"
    }
  ],
  "work_schedule_by_days": [
    {
      "id": "FIVE_ON_TWO_OFF",
      "name": "5/2"
    }
  ],
  "night_shifts": false,
  "professional_roles": [
    {
      "id": "104",
      "name": "Руководитель группы разработки"
    }
  ],
  "accept_incomplete_resumes": false,
  "experience": {
    "id": "between3And6",
    "name": "От 3 до 6 лет"
  },
  "employment": {
    "id": "full",
    "name": "Полная занятость"
  },
  "employment_form": {
    "id": "FULL",
    "name": "Полная"
  },
  "internship": false,
  "adv_response_url": null,
  "is_adv_vacancy": false,
  "adv_context": null
}