{
  "id": "128516728",
  "premium": false,
  "name": "Team Lead Data Practice",
  "department": null,
  "has_test": false,
  "response_letter_required": false,
  "area": {
    "id": "1",
    "name": "Москва",
    "url": "https://api.hh.ru/areas/1"
  },
  "salary": null,
  "salary_range": null,
  "type": {
    "id": "open",
    "name": "Открытая"
  },
  "address": null,
  "response_url": null,
  "sort_point_distance": null,
  "published_at": "2025-12-08T12:32:25+06:00",
  "created_at": "2025-12-08T12:32:25+06:00",
  "archived": false,
  "apply_alternate_url": "https://hh.ru/applicant/vacancy_response?vacancyId=128516728",
  "show_logo_in_search": null,
  "show_contacts": false,
  "insider_interview": null,
  "url": "https://api.hh.ru/vacancies/128516728?host=hh.ru",
  "alternate_url": "https://hh.ru/vacancy/128516728",
  "relations": [],
  "employer": {
    "id": "5846248",
    "name": "Employcity",
    "url": "https://api.hh.ru/employers/5846248",
    "alternate_url": "https://hh.ru/employer/5846248",
    "logo_urls": {
      "original": "https://img.hhcdn.ru/employer-logo-original-round/5942408.jpeg",
      "90": "https://img.hhcdn.ru/employer-logo-round/5942409.jpeg",
      "240": "https://img.hhcdn.ru/employer-logo-round/5942410.jpeg"
    },
    "vacancies_url": "https://api.hh.ru/vacancies?employer_id=5846248",
    "country_id": 1,
    "accredited_it_employer": false,
    "trusted": true
  },
  "snippet": {
    "requirement": "Навыки программирования на Python (для обработки данных, скриптинга, ML). Понимание экосистемы <highlighttext>.NET</highlighttext>/<highlighttext>C#</highlighttext> (основной стек продуктовой разработки). Опыт построения ETL...",
    "responsibility": "Руководство командой Data Practice: организация работы и распределение ролей в команде, наставничество, развитие компетенций, проведение ревью и оценок, формирование инженерной..."
  },
  "contacts": null,
  "schedule": {
    "id": "remote",
    "name": "Удаленная работа"
  },
  "working_days": [],
  "working_time_intervals": [],
  "working_time_modes": [],
  "accept_temporary": false,
  "fly_in_fly_out_duration": [],
  "work_format": [
    {
      "id": "REMOTE",
      "name": "Удалённо"
    },
    {
      "id": "HYBRID",
      "name": "Гибрид"
    }
  ],
  "working_hours": [
    {
      "id": "HOURS_8",
      "name": "8 часов"
    }
  ],
  "work_schedule_by_days": [
    {
      "id": "FIVE_ON_TWO_OFF",
      "name": "5/2"
    }
  ],
  "night_shifts": false,
  "professional_roles": [
    {
      "id": "104",
      "name": "Руководитель группы разработки"
    }
  ],
  "accept_incomplete_resumes": false,
  "experience": {
    "id": "moreThan6",
    "name": "Более 6 лет"
  },
  "employment": {
    "id": "full",
    "name": "Полная занятость"
  },
  "employment_form": {
    "id": "FULL",
    "name": "Полная"
  },
  "internship": false,
  "adv_response_url": null,
  "is_adv_vacancy": false,
  "adv_context": null
}