{
  "id": "128511776",
  "premium": false,
  "name": "Инженер",
  "department": null,
  "has_test": false,
  "response_letter_required": false,
  "area": {
    "id": "90",
    "name": "Томск",
    "url": "https://api.hh.ru/areas/90"
  },
  "salary": {
    "from": 43000,
    "to": null,
    "currency": "RUR",
    "gross": false
  },
  "salary_range": {
    "from": 43000,
    "to": null,
    "currency": "RUR",
    "gross": false,
    "mode": {
      "id": "MONTH",
      "name": "За месяц"
    },
    "frequency": null
  },
  "type": {
    "id": "open",
    "name": "Открытая"
  },
  "address": {
    "city": "Томск",
    "street": "Красноармейская улица",
    "building": "99А",
    "lat": 56.463451,
    "lng": 84.964654,
    "description": null,
    "raw": "Томск, Красноармейская улица, 99А",
    "metro": null,
    "metro_stations": [],
    "id": "6016298"
  },
  "response_url": null,
  "sort_point_distance": null,
  "published_at": "2025-12-08T11:05:37+06:00",
  "created_at": "2025-12-08T11:05:37+06:00",
  "archived": false,
  "apply_alternate_url": "https://hh.ru/applicant/vacancy_response?vacancyId=128511776",
  "show_logo_in_search": null,
  "show_contacts": false,
  "insider_interview": null,
  "url": "https://api.hh.ru/vacancies/128511776?host=hh.ru",
  "alternate_url": "https://hh.ru/vacancy/128511776",
  "relations": [],
  "employer": {
    "id": "1023318",
    "name": "Научно-производственная фирма Микран",
    "url": "https://api.hh.ru/employers/1023318",
    "alternate_url": "https://hh.ru/employer/1023318",
    "logo_urls": {
      "original": "https://img.hhcdn.ru/employer-logo-original/1393605.png",
      "90": "https://img.hhcdn.ru/employer-logo/7194203.png",
      "240": "https://img.hhcdn.ru/employer-logo/7194204.png"
    },
    "vacancies_url": "https://api.hh.ru/vacancies?employer_id=1023318",
    "country_id": 1,
    "accredited_it_employer": false,
    "trusted": true
  },
  "snippet": {
    "requirement": "Приветствуется: умение работать в AutoCad; знание языков и навыков программирования: <highlighttext>C#</highlighttext>, QT, Python, LabView и пр. для выполнения задач, связанных...",
    "responsibility": "Выполнение измерений параметров монолитных интегральных схем при помощи контрольно-измерительных приборов и аппаратуры в соответствии с инструкциями по эксплуатации и..."
  },
  "contacts": null,
  "schedule": {
    "id": "fullDay",
    "name": "Полный день"
  },
  "working_days": [],
  "working_time_intervals": [],
  "working_time_modes": [],
  "accept_temporary": false,
  "fly_in_fly_out_duration": [],
  "work_format": [],
  "working_hours": [
    {
      "id": "HOURS_8",
      "name": "8 часов"
    }
  ],
  "work_schedule_by_days": [
    {
      "id": "FIVE_ON_TWO_OFF",
      "name": "5/2"
    }
  ],
  "night_shifts": false,
  "professional_roles": [
    {
      "id": "40",
      "name": "Другое"
    }
  ],
  "accept_incomplete_resumes": false,
  "experience": {
    "id": "noExperience",
    "name": "Нет опыта"
  },
  "employment": {
    "id": "full",
    "name": "Полная занятость"
  },
  "employment_form": {
    "id": "FULL",
    "name": "Полная"
  },
  "internship": false,
  "adv_response_url": null,
  "is_adv_vacancy": false,
  "adv_context": null
}