{
  "id": "128513330",
  "premium": false,
  "name": "Инженер-программист АСУ ТП",
  "department": null,
  "has_test": false,
  "response_letter_required": false,
  "area": {
    "id": "68",
    "name": "Омск",
    "url": "https://api.hh.ru/areas/68"
  },
  "salary": {
    "from": 150000,
    "to": 200000,
    "currency": "RUR",
    "gross": false
  },
  "salary_range": {
    "from": 150000,
    "to": 200000,
    "currency": "RUR",
    "gross": false,
    "mode": {
      "id": "MONTH",
      "name": "За месяц"
    },
    "frequency": {
      "id": "TWICE_PER_MONTH",
      "name": "Два раза в месяц"
    }
  },
  "type": {
    "id": "open",
    "name": "Открытая"
  },
  "address": {
    "city": "Омск",
    "street": "Окружная дорога",
    "building": "20",
    "lat": 54.968753,
    "lng": 73.471105,
    "description": null,
    "raw": "Омск, Окружная дорога, 20",
    "metro": null,
    "metro_stations": [],
    "id": "6683068"
  },
  "response_url": null,
  "sort_point_distance": null,
  "published_at": "2025-12-08T11:38:07+06:00",
  "created_at": "2025-12-08T11:38:07+06:00",
  "archived": false,
  "apply_alternate_url": "https://hh.ru/applicant/vacancy_response?vacancyId=128513330",
  "show_logo_in_search": null,
  "show_contacts": true,
  "insider_interview": null,
  "url": "https://api.hh.ru/vacancies/128513330?host=hh.ru",
  "alternate_url": "https://hh.ru/vacancy/128513330",
  "relations": [],
  "employer": {
    "id": "5527319",
    "name": "Научно-Производственный Центр Промышленных Технологий",
    "url": "https://api.hh.ru/employers/5527319",
    "alternate_url": "https://hh.ru/employer/5527319",
    "logo_urls": {
      "original": "https://img.hhcdn.ru/employer-logo-original-round/7122981.jpeg",
      "90": "https://img.hhcdn.ru/employer-logo-round/7122982.jpeg",
      "240": "https://img.hhcdn.ru/employer-logo-round/7122983.jpeg"
    },
    "vacancies_url": "https://api.hh.ru/vacancies?employer_id=5527319",
    "country_id": 1,
    "accredited_it_employer": false,
    "trusted": true
  },
  "snippet": {
    "requirement": "...в средах разработки Codesys, Tia Portal, SMLogix. Знание отечественных и импортных ПЛК, распределенной периферии (Siemens, ОВЕН). Навыки программирования на <highlighttext>С#</highlighttext>.",
    "responsibility": "Разработка приложений операторского интерфейса (программирование на <highlighttext>С#</highlighttext>). Участие в разработке эксплуатационной документации (руководство оператора). Участие в пусконаладочных работах на объекте..."
  },
  "contacts": null,
  "schedule": {
    "id": "fullDay",
    "name": "Полный день"
  },
  "working_days": [],
  "working_time_intervals": [],
  "working_time_modes": [],
  "accept_temporary": false,
  "fly_in_fly_out_duration": [],
  "work_format": [],
  "working_hours": [
    {
      "id": "HOURS_8",
      "name": "8 часов"
    }
  ],
  "work_schedule_by_days": [
    {
      "id": "FIVE_ON_TWO_OFF",
      "name": "5/2"
    }
  ],
  "night_shifts": false,
  "professional_roles": [
    {
      "id": "48",
      "name": "Инженер-конструктор, инженер-проектировщик"
    }
  ],
  "accept_incomplete_resumes": false,
  "experience": {
    "id": "between1And3",
    "name": "От 1 года до 3 лет"
  },
  "employment": {
    "id": "full",
    "name": "Полная занятость"
  },
  "employment_form": {
    "id": "FULL",
    "name": "Полная"
  },
  "internship": false,
  "adv_response_url": null,
  "is_adv_vacancy": false,
  "adv_context": null
}